# Generated from the pinned Grok Bot 0.18 reference tree. Do not delete rows; update status/evidence as modules land.
# Reference: b-nnett/grok-bot-0.18-reconstructed@a9f633e09d49a85829b8236331b9e21f7e612634
grok_path,grok_responsibility,evidence_anchor,ios_target_path,target_runtime,parity_class,implementation_status,test_evidence,replaces_ios_path,adaptation_reason
frontend/index.html,native renderer / interaction surface,b-nnett/grok-bot-0.18-reconstructed@a9f633e09d49a85829b8236331b9e21f7e612634:frontend/index.html,frontend/index.html,SwiftUI,direct-equivalent,mapped,,,
frontend/manifests/component-names.json,native renderer / interaction surface,b-nnett/grok-bot-0.18-reconstructed@a9f633e09d49a85829b8236331b9e21f7e612634:frontend/manifests/component-names.json,frontend/manifests/component-names.json,SwiftUI,direct-equivalent,mapped,,,
frontend/manifests/computer-shell-evidence.json,native renderer / interaction surface,b-nnett/grok-bot-0.18-reconstructed@a9f633e09d49a85829b8236331b9e21f7e612634:frontend/manifests/computer-shell-evidence.json,frontend/manifests/computer-shell-evidence.json,SwiftUI,direct-equivalent,mapped,,,
frontend/manifests/conversation-evidence.json,native renderer / interaction surface,b-nnett/grok-bot-0.18-reconstructed@a9f633e09d49a85829b8236331b9e21f7e612634:frontend/manifests/conversation-evidence.json,frontend/manifests/conversation-evidence.json,SwiftUI,direct-equivalent,mapped,,,
frontend/manifests/mermaid-immutable-fingerprints.json,native renderer / interaction surface,b-nnett/grok-bot-0.18-reconstructed@a9f633e09d49a85829b8236331b9e21f7e612634:frontend/manifests/mermaid-immutable-fingerprints.json,frontend/manifests/mermaid-immutable-fingerprints.json,SwiftUI,direct-equivalent,mapped,,,
frontend/manifests/mermaid-public-candidate-lock.json,native renderer / interaction surface,b-nnett/grok-bot-0.18-reconstructed@a9f633e09d49a85829b8236331b9e21f7e612634:frontend/manifests/mermaid-public-candidate-lock.json,frontend/manifests/mermaid-public-candidate-lock.json,SwiftUI,direct-equivalent,mapped,,,
frontend/manifests/mermaid-public-package-closure.json,native renderer / interaction surface,b-nnett/grok-bot-0.18-reconstructed@a9f633e09d49a85829b8236331b9e21f7e612634:frontend/manifests/mermaid-public-package-closure.json,frontend/manifests/mermaid-public-package-closure.json,SwiftUI,direct-equivalent,mapped,,,
frontend/manifests/renderer-bootstrap.json,native renderer / interaction surface,b-nnett/grok-bot-0.18-reconstructed@a9f633e09d49a85829b8236331b9e21f7e612634:frontend/manifests/renderer-bootstrap.json,frontend/manifests/renderer-bootstrap.json,SwiftUI,direct-equivalent,mapped,,,
frontend/manifests/renderer-runtime-assets.json,native renderer / interaction surface,b-nnett/grok-bot-0.18-reconstructed@a9f633e09d49a85829b8236331b9e21f7e612634:frontend/manifests/renderer-runtime-assets.json,frontend/manifests/renderer-runtime-assets.json,SwiftUI,direct-equivalent,mapped,,,
frontend/manifests/semantic-symbols.json,native renderer / interaction surface,b-nnett/grok-bot-0.18-reconstructed@a9f633e09d49a85829b8236331b9e21f7e612634:frontend/manifests/semantic-symbols.json,frontend/manifests/semantic-symbols.json,SwiftUI,direct-equivalent,mapped,,,
frontend/manifests/ui-evidence-anchors.json,native renderer / interaction surface,b-nnett/grok-bot-0.18-reconstructed@a9f633e09d49a85829b8236331b9e21f7e612634:frontend/manifests/ui-evidence-anchors.json,frontend/manifests/ui-evidence-anchors.json,SwiftUI,direct-equivalent,mapped,,,
frontend/README.md,native renderer / interaction surface,b-nnett/grok-bot-0.18-reconstructed@a9f633e09d49a85829b8236331b9e21f7e612634:frontend/README.md,frontend/README.md,SwiftUI,direct-equivalent,mapped,,,
frontend/src/dev/dev-shell.css,native renderer / interaction surface,b-nnett/grok-bot-0.18-reconstructed@a9f633e09d49a85829b8236331b9e21f7e612634:frontend/src/dev/dev-shell.css,frontend/src/dev/dev-shell.style.swift,SwiftUI,direct-equivalent,mapped,,,
frontend/src/dev/DevShell.tsx,native renderer / interaction surface,b-nnett/grok-bot-0.18-reconstructed@a9f633e09d49a85829b8236331b9e21f7e612634:frontend/src/dev/DevShell.tsx,frontend/src/dev/DevShell.view.swift,SwiftUI,direct-equivalent,mapped,,,
frontend/src/dev/dom-inspector.ts,native renderer / interaction surface,b-nnett/grok-bot-0.18-reconstructed@a9f633e09d49a85829b8236331b9e21f7e612634:frontend/src/dev/dom-inspector.ts,frontend/src/dev/dom-inspector.swift,SwiftUI,direct-equivalent,mapped,,,
frontend/src/env.d.ts,native renderer / interaction surface,b-nnett/grok-bot-0.18-reconstructed@a9f633e09d49a85829b8236331b9e21f7e612634:frontend/src/env.d.ts,frontend/src/env.types.swift,SwiftUI,direct-equivalent,mapped,,,
frontend/src/main.tsx,native renderer / interaction surface,b-nnett/grok-bot-0.18-reconstructed@a9f633e09d49a85829b8236331b9e21f7e612634:frontend/src/main.tsx,frontend/src/main.view.swift,SwiftUI,direct-equivalent,mapped,,,
frontend/src/production/agent-name-editor-model.ts,native renderer / interaction surface,b-nnett/grok-bot-0.18-reconstructed@a9f633e09d49a85829b8236331b9e21f7e612634:frontend/src/production/agent-name-editor-model.ts,frontend/src/production/agent-name-editor-model.swift,SwiftUI,direct-equivalent,mapped,,,
frontend/src/production/agent-row-actions-model.ts,native renderer / interaction surface,b-nnett/grok-bot-0.18-reconstructed@a9f633e09d49a85829b8236331b9e21f7e612634:frontend/src/production/agent-row-actions-model.ts,frontend/src/production/agent-row-actions-model.swift,SwiftUI,direct-equivalent,mapped,,,
frontend/src/production/AgentDeleteConfirmation.tsx,native renderer / interaction surface,b-nnett/grok-bot-0.18-reconstructed@a9f633e09d49a85829b8236331b9e21f7e612634:frontend/src/production/AgentDeleteConfirmation.tsx,frontend/src/production/AgentDeleteConfirmation.view.swift,SwiftUI,direct-equivalent,mapped,,,
frontend/src/production/AgentNameEditor.tsx,native renderer / interaction surface,b-nnett/grok-bot-0.18-reconstructed@a9f633e09d49a85829b8236331b9e21f7e612634:frontend/src/production/AgentNameEditor.tsx,frontend/src/production/AgentNameEditor.view.swift,SwiftUI,direct-equivalent,mapped,,,
frontend/src/production/AgentRowActions.tsx,native renderer / interaction surface,b-nnett/grok-bot-0.18-reconstructed@a9f633e09d49a85829b8236331b9e21f7e612634:frontend/src/production/AgentRowActions.tsx,frontend/src/production/AgentRowActions.view.swift,SwiftUI,direct-equivalent,mapped,,,
frontend/src/production/bootstrap.tsx,native renderer / interaction surface,b-nnett/grok-bot-0.18-reconstructed@a9f633e09d49a85829b8236331b9e21f7e612634:frontend/src/production/bootstrap.tsx,frontend/src/production/bootstrap.view.swift,SwiftUI,direct-equivalent,mapped,,,
frontend/src/production/command-palette-link-provider.ts,native renderer / interaction surface,b-nnett/grok-bot-0.18-reconstructed@a9f633e09d49a85829b8236331b9e21f7e612634:frontend/src/production/command-palette-link-provider.ts,frontend/src/production/GrokMobileShell+CommandPalette.swift,SwiftUI,direct-equivalent,implemented,GrokMobileCommandPaletteTests + PreloadParityTests; exact-head CI pending,,Host-owned getLinkMetadata via existing iOS Preload/Main/Coordinator/Host chain; no renderer-local fetch store
frontend/src/production/command-palette-message-provider.ts,native renderer / interaction surface,b-nnett/grok-bot-0.18-reconstructed@a9f633e09d49a85829b8236331b9e21f7e612634:frontend/src/production/command-palette-message-provider.ts,frontend/src/production/GrokMobileShell+CommandPalette.swift,SwiftUI,direct-equivalent,implemented,GrokMobileCommandPaletteTests; exact-head CI pending,,Canonical MessagingModel projection with exact messageId navigation through existing ContentView
frontend/src/production/command-palette-model.ts,native renderer / interaction surface,b-nnett/grok-bot-0.18-reconstructed@a9f633e09d49a85829b8236331b9e21f7e612634:frontend/src/production/command-palette-model.ts,frontend/src/production/GrokMobileCommandPaletteModel.swift,SwiftUI,direct-equivalent,implemented,GrokMobileCommandPaletteTests; exact-head CI pending,,Native Swift model preserves tabs normalization fuzzy scoring and typed provider states
frontend/src/production/command-palette-provider.ts,native renderer / interaction surface,b-nnett/grok-bot-0.18-reconstructed@a9f633e09d49a85829b8236331b9e21f7e612634:frontend/src/production/command-palette-provider.ts,frontend/src/production/GrokMobileShell+CommandPalette.swift,SwiftUI,direct-equivalent,implemented,GrokMobileCommandPaletteTests + CoordinatorContractTests; exact-head CI pending,,SwiftUI task lifecycle drives Host-backed routines and links with cancellation and fail-closed availability
frontend/src/production/command-palette-root-commands.ts,native renderer / interaction surface,b-nnett/grok-bot-0.18-reconstructed@a9f633e09d49a85829b8236331b9e21f7e612634:frontend/src/production/command-palette-root-commands.ts,frontend/src/production/GrokMobileShell+CommandPalette.swift,SwiftUI,direct-equivalent,implemented,GrokMobileCommandPaletteTests; exact-head CI pending,,Native root actions reuse ContentView sections for Members/Contacts Channels and Chat Settings
frontend/src/production/command-palette-search-provider.ts,native renderer / interaction surface,b-nnett/grok-bot-0.18-reconstructed@a9f633e09d49a85829b8236331b9e21f7e612634:frontend/src/production/command-palette-search-provider.ts,frontend/src/production/GrokMobileCommandPaletteModel.swift,SwiftUI,direct-equivalent,implemented,GrokMobileCommandPaletteTests; exact-head CI pending,,Canonical MessagingModel transcript provides messages files and links; Host roster provides routines
frontend/src/production/command-palette-update-command.ts,native renderer / interaction surface,b-nnett/grok-bot-0.18-reconstructed@a9f633e09d49a85829b8236331b9e21f7e612634:frontend/src/production/command-palette-update-command.ts,MIGRATION_SOURCE.md,SwiftUI,direct-equivalent,not-applicable,Platform applicability review; exact-head CI pending,,Desktop computer updater command is replaced by App Store/TestFlight distribution on iOS
frontend/src/production/CommandPalette.tsx,native renderer / interaction surface,b-nnett/grok-bot-0.18-reconstructed@a9f633e09d49a85829b8236331b9e21f7e612634:frontend/src/production/CommandPalette.tsx,frontend/src/production/GrokMobileShell+CommandPalette.swift,SwiftUI,direct-equivalent,implemented,GrokMobileCommandPaletteTests + iOS UI tests; exact-head CI pending,,SwiftUI native palette reuses canonical navigation MessagingModel and Host bridge owners
frontend/src/production/coordinator-client.ts,native renderer / interaction surface,b-nnett/grok-bot-0.18-reconstructed@a9f633e09d49a85829b8236331b9e21f7e612634:frontend/src/production/coordinator-client.ts,frontend/src/production/coordinator-client.swift,SwiftUI,direct-equivalent,mapped,,,
frontend/src/production/evidence.ts,native renderer / interaction surface,b-nnett/grok-bot-0.18-reconstructed@a9f633e09d49a85829b8236331b9e21f7e612634:frontend/src/production/evidence.ts,frontend/src/production/evidence.swift,SwiftUI,direct-equivalent,mapped,,,
frontend/src/production/group-members-root.ts,native renderer / interaction surface,b-nnett/grok-bot-0.18-reconstructed@a9f633e09d49a85829b8236331b9e21f7e612634:frontend/src/production/group-members-root.ts,frontend/src/production/group-members-root.swift,SwiftUI,direct-equivalent,mapped,,,
frontend/src/production/local-tool-permission-scope.ts,native renderer / interaction surface,b-nnett/grok-bot-0.18-reconstructed@a9f633e09d49a85829b8236331b9e21f7e612634:frontend/src/production/local-tool-permission-scope.ts,frontend/src/production/local-tool-permission-scope.swift,SwiftUI,direct-equivalent,mapped,,,
frontend/src/production/model.ts,native renderer / interaction surface,b-nnett/grok-bot-0.18-reconstructed@a9f633e09d49a85829b8236331b9e21f7e612634:frontend/src/production/model.ts,frontend/src/production/model.swift,SwiftUI,direct-equivalent,mapped,,,
frontend/src/production/production.css,native renderer / interaction surface,b-nnett/grok-bot-0.18-reconstructed@a9f633e09d49a85829b8236331b9e21f7e612634:frontend/src/production/production.css,frontend/src/production/production.style.swift,SwiftUI,direct-equivalent,mapped,,,
frontend/src/production/ProductionRenderer.tsx,native renderer / interaction surface,b-nnett/grok-bot-0.18-reconstructed@a9f633e09d49a85829b8236331b9e21f7e612634:frontend/src/production/ProductionRenderer.tsx,frontend/src/production/ProductionRenderer.view.swift,SwiftUI,direct-equivalent,mapped,,,
frontend/src/production/reaction-root.ts,native renderer / interaction surface,b-nnett/grok-bot-0.18-reconstructed@a9f633e09d49a85829b8236331b9e21f7e612634:frontend/src/production/reaction-root.ts,frontend/src/production/reaction-root.swift,SwiftUI,direct-equivalent,mapped,,,
frontend/src/production/runtime-assets.ts,native renderer / interaction surface,b-nnett/grok-bot-0.18-reconstructed@a9f633e09d49a85829b8236331b9e21f7e612634:frontend/src/production/runtime-assets.ts,frontend/src/production/runtime-assets.swift,SwiftUI,direct-equivalent,mapped,,,
frontend/src/production/settings-notice-controller.ts,native renderer / interaction surface,b-nnett/grok-bot-0.18-reconstructed@a9f633e09d49a85829b8236331b9e21f7e612634:frontend/src/production/settings-notice-controller.ts,frontend/src/production/settings-notice-controller.swift,SwiftUI,direct-equivalent,implemented,mobile/ios/FabushiTests/SettingsNoticeControllerParityTests.swift,frontend/src/recovered/features/app-shell/ContentView+Root.swift,Current native root controller is production-wired and focused-tested; this commit changes the shared publication path so fresh exact-head Actions are required before verified promotion.
frontend/src/production/sidebar-model.ts,native renderer / interaction surface,b-nnett/grok-bot-0.18-reconstructed@a9f633e09d49a85829b8236331b9e21f7e612634:frontend/src/production/sidebar-model.ts,frontend/src/production/sidebar-model.swift,SwiftUI,direct-equivalent,mapped,,,
frontend/src/production/strict-mode-disposal.ts,native renderer / interaction surface,b-nnett/grok-bot-0.18-reconstructed@a9f633e09d49a85829b8236331b9e21f7e612634:frontend/src/production/strict-mode-disposal.ts,frontend/src/production/strict-mode-disposal.swift,SwiftUI,direct-equivalent,mapped,,,
frontend/src/recovered/catalog.ts,native renderer / interaction surface,b-nnett/grok-bot-0.18-reconstructed@a9f633e09d49a85829b8236331b9e21f7e612634:frontend/src/recovered/catalog.ts,frontend/src/recovered/catalog.swift,SwiftUI,direct-equivalent,mapped,,,
frontend/src/recovered/contracts/desktop-bridge.ts,native renderer / interaction surface,b-nnett/grok-bot-0.18-reconstructed@a9f633e09d49a85829b8236331b9e21f7e612634:frontend/src/recovered/contracts/desktop-bridge.ts,frontend/src/recovered/contracts/desktop-bridge.swift,SwiftUI,direct-equivalent,mapped,,,
frontend/src/recovered/contracts/main-rpc.ts,native renderer / interaction surface,b-nnett/grok-bot-0.18-reconstructed@a9f633e09d49a85829b8236331b9e21f7e612634:frontend/src/recovered/contracts/main-rpc.ts,frontend/src/recovered/contracts/main-rpc.swift,SwiftUI,direct-equivalent,mapped,,,
frontend/src/recovered/contracts/rpc-edge.ts,native renderer / interaction surface,b-nnett/grok-bot-0.18-reconstructed@a9f633e09d49a85829b8236331b9e21f7e612634:frontend/src/recovered/contracts/rpc-edge.ts,frontend/src/recovered/contracts/rpc-edge.swift,SwiftUI,direct-equivalent,mapped,,,
frontend/src/recovered/contracts/surface-notice.ts,native renderer / interaction surface,b-nnett/grok-bot-0.18-reconstructed@a9f633e09d49a85829b8236331b9e21f7e612634:frontend/src/recovered/contracts/surface-notice.ts,frontend/src/production/settings-notice-controller.swift,SwiftUI,direct-equivalent,implemented,mobile/ios/FabushiTests/SettingsNoticeControllerParityTests.swift,mobile/ios/Fabushi/MarketplaceModel.swift,Typed Settings and Plugins vocabularies plus a root-and-legacy publisher are production-wired; fresh exact-head Actions are required before verified promotion.
frontend/src/recovered/features/about/overlay/view.tsx,native renderer / interaction surface,b-nnett/grok-bot-0.18-reconstructed@a9f633e09d49a85829b8236331b9e21f7e612634:frontend/src/recovered/features/about/overlay/view.tsx,frontend/src/recovered/features/about/overlay/view.view.swift,SwiftUI,direct-equivalent,implemented,mobile/ios/FabushiTests/AboutOverlayParityTests.swift;mobile/ios/FabushiUITests/FabushiUITests.swift,frontend/src/recovered/features/account/session/menu.view.swift,Native Account menu now opens About with Bundle and receipt provenance; UIKit clipboard; 1200ms copy feedback; native close; and Fabushi branding. Fresh exact-head Actions are required before verified promotion.
frontend/src/recovered/features/access/cover/composition.ts,native renderer / interaction surface,b-nnett/grok-bot-0.18-reconstructed@a9f633e09d49a85829b8236331b9e21f7e612634:frontend/src/recovered/features/access/cover/composition.ts,frontend/src/recovered/features/access/cover/composition.swift,SwiftUI,direct-equivalent,mapped,,,
frontend/src/recovered/features/access/cover/computer-rebuild-box-store.ts,native renderer / interaction surface,b-nnett/grok-bot-0.18-reconstructed@a9f633e09d49a85829b8236331b9e21f7e612634:frontend/src/recovered/features/access/cover/computer-rebuild-box-store.ts,mobile/ios/Fabushi/RemoteComputerSurface.swift,SwiftUI,direct-equivalent,implemented,mobile/ios/FabushiTests/RemoteComputerRebuildTests.swift;mobile/ios/FabushiTests/RemoteComputerStatusStoreTests.swift,mobile/ios/Fabushi/RemoteComputerStatusStore.swift,ForeverBox phase projection and native WebKit/AgentBox lifecycle signals are implemented; managed lifecycle RPC is still fail-closed.
frontend/src/recovered/features/access/cover/computer-rebuild-migration-store.ts,native renderer / interaction surface,b-nnett/grok-bot-0.18-reconstructed@a9f633e09d49a85829b8236331b9e21f7e612634:frontend/src/recovered/features/access/cover/computer-rebuild-migration-store.ts,mobile/ios/Fabushi/RemoteComputerSurface.swift,SwiftUI,direct-equivalent,implemented,mobile/ios/FabushiTests/RemoteComputerRebuildTests.swift;mobile/ios/FabushiTests/RemoteComputerStatusStoreTests.swift,mobile/ios/Fabushi/RemoteComputerStatusStore.swift,Operation-scoped migration accumulator and reconnect hydration are implemented; managed lifecycle service remains unavailable.
frontend/src/recovered/features/access/cover/computer-rebuild-model.ts,native renderer / interaction surface,b-nnett/grok-bot-0.18-reconstructed@a9f633e09d49a85829b8236331b9e21f7e612634:frontend/src/recovered/features/access/cover/computer-rebuild-model.ts,mobile/ios/Fabushi/RemoteComputerSurface.swift,SwiftUI,direct-equivalent,implemented,mobile/ios/FabushiTests/RemoteComputerRebuildTests.swift;mobile/ios/FabushiTests/RemoteComputerStatusStoreTests.swift,mobile/ios/Fabushi/RemoteComputerStatusStore.swift,Native rebuild reducer preserves operation fencing; teardown; reconnect; and terminal semantics in the shipping RemoteComputer surface.
frontend/src/recovered/features/access/cover/computer-rebuild-transport-store.ts,native renderer / interaction surface,b-nnett/grok-bot-0.18-reconstructed@a9f633e09d49a85829b8236331b9e21f7e612634:frontend/src/recovered/features/access/cover/computer-rebuild-transport-store.ts,mobile/ios/Fabushi/RemoteComputerSurface.swift,SwiftUI,direct-equivalent,implemented,mobile/ios/FabushiTests/RemoteComputerRebuildTests.swift;mobile/ios/FabushiTests/RemoteComputerStatusStoreTests.swift,mobile/ios/Fabushi/RemoteComputerStatusStore.swift,WKWebView navigation lifecycle plus canonical reconnectGeneration replace Desktop transport subscriptions without a second reachability owner.
frontend/src/recovered/features/access/cover/first-box-gate.ts,native renderer / interaction surface,b-nnett/grok-bot-0.18-reconstructed@a9f633e09d49a85829b8236331b9e21f7e612634:frontend/src/recovered/features/access/cover/first-box-gate.ts,frontend/src/recovered/features/access/cover/first-box-gate.swift,Swift,direct-equivalent,implemented,mobile/ios/FabushiTests/AccessCoverParityTests.swift,frontend/src/recovered/features/access/cover/first-box-gate.swift,Sticky first-box reducer preserves ready latch plus restored/access/network/DNS suppression; aggregate cover composition remains mapped until structured roster failure wiring exists.
frontend/src/recovered/features/access/cover/model.ts,native renderer / interaction surface,b-nnett/grok-bot-0.18-reconstructed@a9f633e09d49a85829b8236331b9e21f7e612634:frontend/src/recovered/features/access/cover/model.ts,frontend/src/recovered/features/access/cover/model.swift,Swift,direct-equivalent,implemented,mobile/ios/FabushiTests/AccessCoverParityTests.swift,frontend/src/recovered/features/access/cover/model.swift,Native model preserves Sand wire enums; reason-specific copy/actions; fail-closed unknown; visibility gate; and Fabushi onboarding URL. Transport and roster composition remain separate owners.
frontend/src/recovered/features/access/cover/rebuild-signal.ts,native renderer / interaction surface,b-nnett/grok-bot-0.18-reconstructed@a9f633e09d49a85829b8236331b9e21f7e612634:frontend/src/recovered/features/access/cover/rebuild-signal.ts,frontend/src/recovered/features/access/cover/rebuild-signal.swift,SwiftUI,direct-equivalent,mapped,,,
frontend/src/recovered/features/access/cover/roster-snapshot-store.ts,native renderer / interaction surface,b-nnett/grok-bot-0.18-reconstructed@a9f633e09d49a85829b8236331b9e21f7e612634:frontend/src/recovered/features/access/cover/roster-snapshot-store.ts,frontend/src/recovered/features/access/cover/roster-snapshot-store.swift,SwiftUI,direct-equivalent,mapped,,,
frontend/src/recovered/features/access/cover/view.tsx,native renderer / interaction surface,b-nnett/grok-bot-0.18-reconstructed@a9f633e09d49a85829b8236331b9e21f7e612634:frontend/src/recovered/features/access/cover/view.tsx,frontend/src/recovered/features/access/cover/view.view.swift,SwiftUI,direct-equivalent,mapped,,,
frontend/src/recovered/features/account/session/menu.tsx,native renderer / interaction surface,b-nnett/grok-bot-0.18-reconstructed@a9f633e09d49a85829b8236331b9e21f7e612634:frontend/src/recovered/features/account/session/menu.tsx,frontend/src/recovered/features/account/session/menu.view.swift,SwiftUI,direct-equivalent,mapped,mobile/ios/FabushiTests/AccountSessionFrontendParityTests.swift;source/packages/mahayana-rs/mahayana-feature-host/src/implementation.rs,frontend/src/recovered/features/onboarding/ContentView+HomeAuth.swift,Native sheet now owns account identity navigation sign-out and server-authoritative usage; mutable account-name/avatar and full desktop usage/settings affordances remain open before this row can become implemented.
frontend/src/recovered/features/account/session/sign-in-status.tsx,native renderer / interaction surface,b-nnett/grok-bot-0.18-reconstructed@a9f633e09d49a85829b8236331b9e21f7e612634:frontend/src/recovered/features/account/session/sign-in-status.tsx,frontend/src/recovered/features/account/session/sign-in-status.view.swift,SwiftUI,direct-equivalent,implemented,mobile/ios/FabushiTests/AccountSessionFrontendParityTests.swift;mobile/ios/FabushiUITests/GlobalDharmaJourneyUITests.swift,frontend/src/recovered/features/onboarding/ContentView+HomeAuth.swift,Grok logging-in state maps to native ASWebAuthenticationSession controls while all auth commands stay behind MarketplaceModel to IOSPreloadBridge and Coordinator.
frontend/src/recovered/features/account/session/sign-out.tsx,native renderer / interaction surface,b-nnett/grok-bot-0.18-reconstructed@a9f633e09d49a85829b8236331b9e21f7e612634:frontend/src/recovered/features/account/session/sign-out.tsx,frontend/src/recovered/features/account/session/sign-out.view.swift,SwiftUI,direct-equivalent,implemented,mobile/ios/FabushiTests/AccountSessionFrontendParityTests.swift,frontend/src/recovered/features/onboarding/ContentView+HomeAuth.swift,Grok alert-dialog logout maps to a native SwiftUI confirmation surface that closes only after the Host-projected logged-out state succeeds.
frontend/src/recovered/features/agent-info/async-tasks/clock.ts,native renderer / interaction surface,b-nnett/grok-bot-0.18-reconstructed@a9f633e09d49a85829b8236331b9e21f7e612634:frontend/src/recovered/features/agent-info/async-tasks/clock.ts,frontend/src/recovered/features/agent-info/async-tasks/clock.swift,SwiftUI,direct-equivalent,mapped,,,
frontend/src/recovered/features/agent-info/async-tasks/provider.ts,native renderer / interaction surface,b-nnett/grok-bot-0.18-reconstructed@a9f633e09d49a85829b8236331b9e21f7e612634:frontend/src/recovered/features/agent-info/async-tasks/provider.ts,frontend/src/recovered/features/agent-info/async-tasks/provider.swift,SwiftUI,direct-equivalent,mapped,,,
frontend/src/recovered/features/agent-info/async-tasks/view.tsx,native renderer / interaction surface,b-nnett/grok-bot-0.18-reconstructed@a9f633e09d49a85829b8236331b9e21f7e612634:frontend/src/recovered/features/agent-info/async-tasks/view.tsx,frontend/src/recovered/features/agent-info/async-tasks/view.view.swift,SwiftUI,direct-equivalent,mapped,,,
frontend/src/recovered/features/agent-info/avatar-editor/controller.ts,native renderer / interaction surface,b-nnett/grok-bot-0.18-reconstructed@a9f633e09d49a85829b8236331b9e21f7e612634:frontend/src/recovered/features/agent-info/avatar-editor/controller.ts,frontend/src/recovered/features/agent-info/avatar-editor/controller.swift,SwiftUI,direct-equivalent,mapped,,,
frontend/src/recovered/features/agent-info/avatar-editor/model.ts,native renderer / interaction surface,b-nnett/grok-bot-0.18-reconstructed@a9f633e09d49a85829b8236331b9e21f7e612634:frontend/src/recovered/features/agent-info/avatar-editor/model.ts,frontend/src/recovered/features/agent-info/avatar-editor/model.swift,SwiftUI,direct-equivalent,mapped,,,
frontend/src/recovered/features/agent-info/avatar-editor/production-adapter.ts,native renderer / interaction surface,b-nnett/grok-bot-0.18-reconstructed@a9f633e09d49a85829b8236331b9e21f7e612634:frontend/src/recovered/features/agent-info/avatar-editor/production-adapter.ts,frontend/src/recovered/features/agent-info/avatar-editor/production-adapter.swift,SwiftUI,direct-equivalent,mapped,,,
frontend/src/recovered/features/agent-info/avatar-editor/view.tsx,native renderer / interaction surface,b-nnett/grok-bot-0.18-reconstructed@a9f633e09d49a85829b8236331b9e21f7e612634:frontend/src/recovered/features/agent-info/avatar-editor/view.tsx,frontend/src/recovered/features/agent-info/avatar-editor/view.view.swift,SwiftUI,direct-equivalent,mapped,,,
frontend/src/recovered/features/agent-info/channels/model.ts,native renderer / interaction surface,b-nnett/grok-bot-0.18-reconstructed@a9f633e09d49a85829b8236331b9e21f7e612634:frontend/src/recovered/features/agent-info/channels/model.ts,frontend/src/recovered/features/agent-info/channels/model.swift,SwiftUI,direct-equivalent,mapped,,,
frontend/src/recovered/features/agent-info/channels/view.css,native renderer / interaction surface,b-nnett/grok-bot-0.18-reconstructed@a9f633e09d49a85829b8236331b9e21f7e612634:frontend/src/recovered/features/agent-info/channels/view.css,frontend/src/recovered/features/agent-info/channels/view.style.swift,SwiftUI,direct-equivalent,mapped,,,
frontend/src/recovered/features/agent-info/channels/view.tsx,native renderer / interaction surface,b-nnett/grok-bot-0.18-reconstructed@a9f633e09d49a85829b8236331b9e21f7e612634:frontend/src/recovered/features/agent-info/channels/view.tsx,frontend/src/recovered/features/agent-info/channels/view.view.swift,SwiftUI,direct-equivalent,mapped,,,
frontend/src/recovered/features/agent-info/group-members/bridge.ts,native renderer / interaction surface,b-nnett/grok-bot-0.18-reconstructed@a9f633e09d49a85829b8236331b9e21f7e612634:frontend/src/recovered/features/agent-info/group-members/bridge.ts,frontend/src/recovered/features/agent-info/group-members/bridge.swift,SwiftUI,direct-equivalent,mapped,,,
frontend/src/recovered/features/agent-info/group-members/model.ts,native renderer / interaction surface,b-nnett/grok-bot-0.18-reconstructed@a9f633e09d49a85829b8236331b9e21f7e612634:frontend/src/recovered/features/agent-info/group-members/model.ts,frontend/src/recovered/features/agent-info/group-members/model.swift,SwiftUI,direct-equivalent,mapped,,,
frontend/src/recovered/features/agent-info/group-members/route.ts,native renderer / interaction surface,b-nnett/grok-bot-0.18-reconstructed@a9f633e09d49a85829b8236331b9e21f7e612634:frontend/src/recovered/features/agent-info/group-members/route.ts,frontend/src/recovered/features/agent-info/group-members/route.swift,SwiftUI,direct-equivalent,mapped,,,
frontend/src/recovered/features/agent-info/group-members/view.css,native renderer / interaction surface,b-nnett/grok-bot-0.18-reconstructed@a9f633e09d49a85829b8236331b9e21f7e612634:frontend/src/recovered/features/agent-info/group-members/view.css,frontend/src/recovered/features/agent-info/group-members/view.style.swift,SwiftUI,direct-equivalent,mapped,,,
frontend/src/recovered/features/agent-info/group-members/view.tsx,native renderer / interaction surface,b-nnett/grok-bot-0.18-reconstructed@a9f633e09d49a85829b8236331b9e21f7e612634:frontend/src/recovered/features/agent-info/group-members/view.tsx,frontend/src/recovered/features/agent-info/group-members/view.view.swift,SwiftUI,direct-equivalent,mapped,,,
frontend/src/recovered/features/agent-info/settings/model.ts,native renderer / interaction surface,b-nnett/grok-bot-0.18-reconstructed@a9f633e09d49a85829b8236331b9e21f7e612634:frontend/src/recovered/features/agent-info/settings/model.ts,frontend/src/recovered/features/agent-info/settings/model.swift,SwiftUI,direct-equivalent,mapped,,,
frontend/src/recovered/features/agent-info/settings/view.css,native renderer / interaction surface,b-nnett/grok-bot-0.18-reconstructed@a9f633e09d49a85829b8236331b9e21f7e612634:frontend/src/recovered/features/agent-info/settings/view.css,frontend/src/recovered/features/agent-info/settings/view.style.swift,SwiftUI,direct-equivalent,mapped,,,
frontend/src/recovered/features/agent-info/settings/view.tsx,native renderer / interaction surface,b-nnett/grok-bot-0.18-reconstructed@a9f633e09d49a85829b8236331b9e21f7e612634:frontend/src/recovered/features/agent-info/settings/view.tsx,frontend/src/recovered/features/agent-info/settings/view.view.swift,SwiftUI,direct-equivalent,mapped,,,
frontend/src/recovered/features/agent-info/shared-room/bridge.ts,native renderer / interaction surface,b-nnett/grok-bot-0.18-reconstructed@a9f633e09d49a85829b8236331b9e21f7e612634:frontend/src/recovered/features/agent-info/shared-room/bridge.ts,frontend/src/recovered/features/agent-info/shared-room/bridge.swift,SwiftUI,direct-equivalent,mapped,,,
frontend/src/recovered/features/agent-info/shared-room/controller.ts,native renderer / interaction surface,b-nnett/grok-bot-0.18-reconstructed@a9f633e09d49a85829b8236331b9e21f7e612634:frontend/src/recovered/features/agent-info/shared-room/controller.ts,frontend/src/recovered/features/agent-info/shared-room/controller.swift,SwiftUI,direct-equivalent,mapped,,,
frontend/src/recovered/features/agent-info/shared-room/model.ts,native renderer / interaction surface,b-nnett/grok-bot-0.18-reconstructed@a9f633e09d49a85829b8236331b9e21f7e612634:frontend/src/recovered/features/agent-info/shared-room/model.ts,frontend/src/recovered/features/agent-info/shared-room/model.swift,SwiftUI,direct-equivalent,mapped,,,
frontend/src/recovered/features/agent-info/shared-room/trigger.tsx,native renderer / interaction surface,b-nnett/grok-bot-0.18-reconstructed@a9f633e09d49a85829b8236331b9e21f7e612634:frontend/src/recovered/features/agent-info/shared-room/trigger.tsx,frontend/src/recovered/features/agent-info/shared-room/trigger.view.swift,SwiftUI,direct-equivalent,mapped,,,
frontend/src/recovered/features/agent-info/shared-room/view.tsx,native renderer / interaction surface,b-nnett/grok-bot-0.18-reconstructed@a9f633e09d49a85829b8236331b9e21f7e612634:frontend/src/recovered/features/agent-info/shared-room/view.tsx,frontend/src/recovered/features/agent-info/shared-room/view.view.swift,SwiftUI,direct-equivalent,mapped,,,
frontend/src/recovered/features/automations/routines/controller.ts,native renderer / interaction surface,b-nnett/grok-bot-0.18-reconstructed@a9f633e09d49a85829b8236331b9e21f7e612634:frontend/src/recovered/features/automations/routines/controller.ts,frontend/src/recovered/features/automations/routines/controller.swift,SwiftUI,direct-equivalent,mapped,,,
frontend/src/recovered/features/automations/routines/run-history-clock.ts,native renderer / interaction surface,b-nnett/grok-bot-0.18-reconstructed@a9f633e09d49a85829b8236331b9e21f7e612634:frontend/src/recovered/features/automations/routines/run-history-clock.ts,frontend/src/recovered/features/automations/routines/run-history-clock.swift,SwiftUI,direct-equivalent,mapped,,,
frontend/src/recovered/features/automations/routines/run-history-provider.ts,native renderer / interaction surface,b-nnett/grok-bot-0.18-reconstructed@a9f633e09d49a85829b8236331b9e21f7e612634:frontend/src/recovered/features/automations/routines/run-history-provider.ts,frontend/src/recovered/features/automations/routines/run-history-provider.swift,SwiftUI,direct-equivalent,mapped,,,
frontend/src/recovered/features/automations/routines/run-history.ts,native renderer / interaction surface,b-nnett/grok-bot-0.18-reconstructed@a9f633e09d49a85829b8236331b9e21f7e612634:frontend/src/recovered/features/automations/routines/run-history.ts,frontend/src/recovered/features/automations/routines/run-history.swift,SwiftUI,direct-equivalent,mapped,,,
frontend/src/recovered/features/automations/routines/schedule-editor.tsx,native renderer / interaction surface,b-nnett/grok-bot-0.18-reconstructed@a9f633e09d49a85829b8236331b9e21f7e612634:frontend/src/recovered/features/automations/routines/schedule-editor.tsx,frontend/src/recovered/features/automations/routines/schedule-editor.view.swift,SwiftUI,direct-equivalent,mapped,,,
frontend/src/recovered/features/automations/routines/schedule.ts,native renderer / interaction surface,b-nnett/grok-bot-0.18-reconstructed@a9f633e09d49a85829b8236331b9e21f7e612634:frontend/src/recovered/features/automations/routines/schedule.ts,frontend/src/recovered/features/automations/routines/schedule.swift,SwiftUI,direct-equivalent,mapped,,,
frontend/src/recovered/features/automations/routines/trigger-draft-controller.ts,native renderer / interaction surface,b-nnett/grok-bot-0.18-reconstructed@a9f633e09d49a85829b8236331b9e21f7e612634:frontend/src/recovered/features/automations/routines/trigger-draft-controller.ts,frontend/src/recovered/features/automations/routines/trigger-draft-controller.swift,SwiftUI,direct-equivalent,mapped,,,
frontend/src/recovered/features/automations/routines/trigger-schema.ts,native renderer / interaction surface,b-nnett/grok-bot-0.18-reconstructed@a9f633e09d49a85829b8236331b9e21f7e612634:frontend/src/recovered/features/automations/routines/trigger-schema.ts,frontend/src/recovered/features/automations/routines/trigger-schema.swift,SwiftUI,direct-equivalent,mapped,,,
frontend/src/recovered/features/automations/routines/view.css,native renderer / interaction surface,b-nnett/grok-bot-0.18-reconstructed@a9f633e09d49a85829b8236331b9e21f7e612634:frontend/src/recovered/features/automations/routines/view.css,frontend/src/recovered/features/automations/routines/view.style.swift,SwiftUI,direct-equivalent,mapped,,,
frontend/src/recovered/features/automations/routines/view.tsx,native renderer / interaction surface,b-nnett/grok-bot-0.18-reconstructed@a9f633e09d49a85829b8236331b9e21f7e612634:frontend/src/recovered/features/automations/routines/view.tsx,frontend/src/recovered/features/automations/routines/view.view.swift,SwiftUI,direct-equivalent,mapped,,,
frontend/src/recovered/features/computer/overlay/entrypoint.ts,native renderer / interaction surface,b-nnett/grok-bot-0.18-reconstructed@a9f633e09d49a85829b8236331b9e21f7e612634:frontend/src/recovered/features/computer/overlay/entrypoint.ts,frontend/src/recovered/features/computer/overlay/entrypoint.swift,SwiftUI,direct-equivalent,mapped,,,
frontend/src/recovered/features/computer/overlay/view.tsx,native renderer / interaction surface,b-nnett/grok-bot-0.18-reconstructed@a9f633e09d49a85829b8236331b9e21f7e612634:frontend/src/recovered/features/computer/overlay/view.tsx,frontend/src/recovered/features/computer/overlay/view.view.swift,SwiftUI,direct-equivalent,mapped,,,
frontend/src/recovered/features/computer/rebuild/banner.tsx,native renderer / interaction surface,b-nnett/grok-bot-0.18-reconstructed@a9f633e09d49a85829b8236331b9e21f7e612634:frontend/src/recovered/features/computer/rebuild/banner.tsx,frontend/src/recovered/features/computer/rebuild/banner.view.swift,SwiftUI,direct-equivalent,mapped,,,
frontend/src/recovered/features/computer/shell/controller.ts,native renderer / interaction surface,b-nnett/grok-bot-0.18-reconstructed@a9f633e09d49a85829b8236331b9e21f7e612634:frontend/src/recovered/features/computer/shell/controller.ts,frontend/src/recovered/features/computer/shell/controller.swift,SwiftUI,direct-equivalent,mapped,,,
frontend/src/recovered/features/computer/shell/cursor-icons-16-f_W_ogc-.woff2,native renderer / interaction surface,b-nnett/grok-bot-0.18-reconstructed@a9f633e09d49a85829b8236331b9e21f7e612634:frontend/src/recovered/features/computer/shell/cursor-icons-16-f_W_ogc-.woff2,frontend/src/recovered/features/computer/shell/cursor-icons-16-f_W_ogc-.woff2,resource,direct-equivalent,mapped,,,
frontend/src/recovered/features/computer/shell/model.ts,native renderer / interaction surface,b-nnett/grok-bot-0.18-reconstructed@a9f633e09d49a85829b8236331b9e21f7e612634:frontend/src/recovered/features/computer/shell/model.ts,frontend/src/recovered/features/computer/shell/model.swift,SwiftUI,direct-equivalent,mapped,,,
frontend/src/recovered/features/computer/shell/status-store.ts,native renderer / interaction surface,b-nnett/grok-bot-0.18-reconstructed@a9f633e09d49a85829b8236331b9e21f7e612634:frontend/src/recovered/features/computer/shell/status-store.ts,frontend/src/recovered/features/computer/shell/status-store.swift,SwiftUI,direct-equivalent,mapped,,,
frontend/src/recovered/features/computer/shell/view.css,native renderer / interaction surface,b-nnett/grok-bot-0.18-reconstructed@a9f633e09d49a85829b8236331b9e21f7e612634:frontend/src/recovered/features/computer/shell/view.css,frontend/src/recovered/features/computer/shell/view.style.swift,SwiftUI,direct-equivalent,mapped,,,
frontend/src/recovered/features/computer/shell/view.tsx,native renderer / interaction surface,b-nnett/grok-bot-0.18-reconstructed@a9f633e09d49a85829b8236331b9e21f7e612634:frontend/src/recovered/features/computer/shell/view.tsx,frontend/src/recovered/features/computer/shell/view.view.swift,SwiftUI,direct-equivalent,mapped,,,
frontend/src/recovered/features/computer/shell/vnc-webview.tsx,native renderer / interaction surface,b-nnett/grok-bot-0.18-reconstructed@a9f633e09d49a85829b8236331b9e21f7e612634:frontend/src/recovered/features/computer/shell/vnc-webview.tsx,frontend/src/recovered/features/computer/shell/vnc-webview.view.swift,SwiftUI,direct-equivalent,mapped,,,
frontend/src/recovered/features/computer/teach-recording/composition.ts,native renderer / interaction surface,b-nnett/grok-bot-0.18-reconstructed@a9f633e09d49a85829b8236331b9e21f7e612634:frontend/src/recovered/features/computer/teach-recording/composition.ts,frontend/src/recovered/features/computer/teach-recording/composition.swift,SwiftUI,direct-equivalent,mapped,,,
frontend/src/recovered/features/computer/teach-recording/primitives.tsx,native renderer / interaction surface,b-nnett/grok-bot-0.18-reconstructed@a9f633e09d49a85829b8236331b9e21f7e612634:frontend/src/recovered/features/computer/teach-recording/primitives.tsx,frontend/src/recovered/features/computer/teach-recording/primitives.view.swift,SwiftUI,direct-equivalent,mapped,,,
frontend/src/recovered/features/computer/teach-recording/store.ts,native renderer / interaction surface,b-nnett/grok-bot-0.18-reconstructed@a9f633e09d49a85829b8236331b9e21f7e612634:frontend/src/recovered/features/computer/teach-recording/store.ts,frontend/src/recovered/features/computer/teach-recording/store.swift,SwiftUI,direct-equivalent,mapped,,,
frontend/src/recovered/features/computer/teach-recording/view.tsx,native renderer / interaction surface,b-nnett/grok-bot-0.18-reconstructed@a9f633e09d49a85829b8236331b9e21f7e612634:frontend/src/recovered/features/computer/teach-recording/view.tsx,frontend/src/recovered/features/computer/teach-recording/view.view.swift,SwiftUI,direct-equivalent,mapped,,,
frontend/src/recovered/features/computer/update/confirmation.ts,native renderer / interaction surface,b-nnett/grok-bot-0.18-reconstructed@a9f633e09d49a85829b8236331b9e21f7e612634:frontend/src/recovered/features/computer/update/confirmation.ts,frontend/src/recovered/features/computer/update/confirmation.swift,SwiftUI,direct-equivalent,mapped,,,
frontend/src/recovered/features/conversation/cards/notice/view.tsx,native renderer / interaction surface,b-nnett/grok-bot-0.18-reconstructed@a9f633e09d49a85829b8236331b9e21f7e612634:frontend/src/recovered/features/conversation/cards/notice/view.tsx,frontend/src/recovered/features/conversation/cards/notice/view.view.swift,SwiftUI,direct-equivalent,mapped,,,
frontend/src/recovered/features/conversation/cards/permission-request/view.tsx,native renderer / interaction surface,b-nnett/grok-bot-0.18-reconstructed@a9f633e09d49a85829b8236331b9e21f7e612634:frontend/src/recovered/features/conversation/cards/permission-request/view.tsx,frontend/src/recovered/features/conversation/cards/permission-request/view.view.swift,SwiftUI,direct-equivalent,mapped,,,
frontend/src/recovered/features/conversation/cards/timeline-event-automation.tsx,native renderer / interaction surface,b-nnett/grok-bot-0.18-reconstructed@a9f633e09d49a85829b8236331b9e21f7e612634:frontend/src/recovered/features/conversation/cards/timeline-event-automation.tsx,frontend/src/recovered/features/conversation/cards/timeline-event-automation.view.swift,SwiftUI,direct-equivalent,mapped,,,
frontend/src/recovered/features/conversation/cards/timeline-event-registry.ts,native renderer / interaction surface,b-nnett/grok-bot-0.18-reconstructed@a9f633e09d49a85829b8236331b9e21f7e612634:frontend/src/recovered/features/conversation/cards/timeline-event-registry.ts,frontend/src/recovered/features/conversation/cards/timeline-event-registry.swift,SwiftUI,direct-equivalent,mapped,,,
frontend/src/recovered/features/conversation/cards/timeline-event-resolver.tsx,native renderer / interaction surface,b-nnett/grok-bot-0.18-reconstructed@a9f633e09d49a85829b8236331b9e21f7e612634:frontend/src/recovered/features/conversation/cards/timeline-event-resolver.tsx,frontend/src/recovered/features/conversation/cards/timeline-event-resolver.view.swift,SwiftUI,direct-equivalent,mapped,,,
frontend/src/recovered/features/conversation/cards/timeline-event.tsx,native renderer / interaction surface,b-nnett/grok-bot-0.18-reconstructed@a9f633e09d49a85829b8236331b9e21f7e612634:frontend/src/recovered/features/conversation/cards/timeline-event.tsx,frontend/src/recovered/features/conversation/cards/timeline-event.view.swift,SwiftUI,direct-equivalent,mapped,,,
frontend/src/recovered/features/conversation/cards/transcript-card/attachment-data.ts,native renderer / interaction surface,b-nnett/grok-bot-0.18-reconstructed@a9f633e09d49a85829b8236331b9e21f7e612634:frontend/src/recovered/features/conversation/cards/transcript-card/attachment-data.ts,frontend/src/recovered/features/conversation/cards/transcript-card/attachment-data.swift,SwiftUI,direct-equivalent,mapped,,,
frontend/src/recovered/features/conversation/cards/transcript-card/auto-review-actions.ts,native renderer / interaction surface,b-nnett/grok-bot-0.18-reconstructed@a9f633e09d49a85829b8236331b9e21f7e612634:frontend/src/recovered/features/conversation/cards/transcript-card/auto-review-actions.ts,frontend/src/recovered/features/conversation/cards/transcript-card/auto-review-actions.swift,SwiftUI,direct-equivalent,mapped,,,
frontend/src/recovered/features/conversation/cards/transcript-card/cloud-agent-provider.ts,native renderer / interaction surface,b-nnett/grok-bot-0.18-reconstructed@a9f633e09d49a85829b8236331b9e21f7e612634:frontend/src/recovered/features/conversation/cards/transcript-card/cloud-agent-provider.ts,frontend/src/recovered/features/conversation/cards/transcript-card/cloud-agent-provider.swift,SwiftUI,direct-equivalent,mapped,,,
frontend/src/recovered/features/conversation/cards/transcript-card/connector-actions.ts,native renderer / interaction surface,b-nnett/grok-bot-0.18-reconstructed@a9f633e09d49a85829b8236331b9e21f7e612634:frontend/src/recovered/features/conversation/cards/transcript-card/connector-actions.ts,frontend/src/recovered/features/conversation/cards/transcript-card/connector-actions.swift,SwiftUI,direct-equivalent,mapped,,,
frontend/src/recovered/features/conversation/cards/transcript-card/emoji-catalog.ts,native renderer / interaction surface,b-nnett/grok-bot-0.18-reconstructed@a9f633e09d49a85829b8236331b9e21f7e612634:frontend/src/recovered/features/conversation/cards/transcript-card/emoji-catalog.ts,frontend/src/recovered/features/conversation/cards/transcript-card/emoji-catalog.swift,SwiftUI,direct-equivalent,mapped,,,
frontend/src/recovered/features/conversation/cards/transcript-card/emoji-picker-content.css,native renderer / interaction surface,b-nnett/grok-bot-0.18-reconstructed@a9f633e09d49a85829b8236331b9e21f7e612634:frontend/src/recovered/features/conversation/cards/transcript-card/emoji-picker-content.css,frontend/src/recovered/features/conversation/cards/transcript-card/emoji-picker-content.style.swift,SwiftUI,direct-equivalent,mapped,,,
frontend/src/recovered/features/conversation/cards/transcript-card/emoji-picker-content.tsx,native renderer / interaction surface,b-nnett/grok-bot-0.18-reconstructed@a9f633e09d49a85829b8236331b9e21f7e612634:frontend/src/recovered/features/conversation/cards/transcript-card/emoji-picker-content.tsx,frontend/src/recovered/features/conversation/cards/transcript-card/emoji-picker-content.view.swift,SwiftUI,direct-equivalent,mapped,,,
frontend/src/recovered/features/conversation/cards/transcript-card/frame.tsx,native renderer / interaction surface,b-nnett/grok-bot-0.18-reconstructed@a9f633e09d49a85829b8236331b9e21f7e612634:frontend/src/recovered/features/conversation/cards/transcript-card/frame.tsx,frontend/src/recovered/features/conversation/cards/transcript-card/frame.view.swift,SwiftUI,direct-equivalent,mapped,,,
frontend/src/recovered/features/conversation/cards/transcript-card/index.ts,native renderer / interaction surface,b-nnett/grok-bot-0.18-reconstructed@a9f633e09d49a85829b8236331b9e21f7e612634:frontend/src/recovered/features/conversation/cards/transcript-card/index.ts,frontend/src/recovered/features/conversation/cards/transcript-card/index.swift,SwiftUI,direct-equivalent,mapped,,,
frontend/src/recovered/features/conversation/cards/transcript-card/listener-integrations.ts,native renderer / interaction surface,b-nnett/grok-bot-0.18-reconstructed@a9f633e09d49a85829b8236331b9e21f7e612634:frontend/src/recovered/features/conversation/cards/transcript-card/listener-integrations.ts,frontend/src/recovered/features/conversation/cards/transcript-card/listener-integrations.swift,SwiftUI,direct-equivalent,mapped,,,
frontend/src/recovered/features/conversation/cards/transcript-card/message-actions.tsx,native renderer / interaction surface,b-nnett/grok-bot-0.18-reconstructed@a9f633e09d49a85829b8236331b9e21f7e612634:frontend/src/recovered/features/conversation/cards/transcript-card/message-actions.tsx,frontend/src/recovered/features/conversation/cards/transcript-card/message-actions.view.swift,SwiftUI,direct-equivalent,mapped,,,
frontend/src/recovered/features/conversation/cards/transcript-card/mount-contract.ts,native renderer / interaction surface,b-nnett/grok-bot-0.18-reconstructed@a9f633e09d49a85829b8236331b9e21f7e612634:frontend/src/recovered/features/conversation/cards/transcript-card/mount-contract.ts,frontend/src/recovered/features/conversation/cards/transcript-card/mount-contract.swift,SwiftUI,direct-equivalent,mapped,,,
frontend/src/recovered/features/conversation/cards/transcript-card/protocol.ts,native renderer / interaction surface,b-nnett/grok-bot-0.18-reconstructed@a9f633e09d49a85829b8236331b9e21f7e612634:frontend/src/recovered/features/conversation/cards/transcript-card/protocol.ts,frontend/src/recovered/features/conversation/cards/transcript-card/protocol.swift,SwiftUI,direct-equivalent,mapped,,,
frontend/src/recovered/features/conversation/cards/transcript-card/reaction-actions.ts,native renderer / interaction surface,b-nnett/grok-bot-0.18-reconstructed@a9f633e09d49a85829b8236331b9e21f7e612634:frontend/src/recovered/features/conversation/cards/transcript-card/reaction-actions.ts,frontend/src/recovered/features/conversation/cards/transcript-card/reaction-actions.swift,SwiftUI,direct-equivalent,mapped,,,
frontend/src/recovered/features/conversation/cards/transcript-card/reaction-feed.ts,native renderer / interaction surface,b-nnett/grok-bot-0.18-reconstructed@a9f633e09d49a85829b8236331b9e21f7e612634:frontend/src/recovered/features/conversation/cards/transcript-card/reaction-feed.ts,frontend/src/recovered/features/conversation/cards/transcript-card/reaction-feed.swift,SwiftUI,direct-equivalent,mapped,,,
frontend/src/recovered/features/conversation/cards/transcript-card/reaction-picker-handoff.ts,native renderer / interaction surface,b-nnett/grok-bot-0.18-reconstructed@a9f633e09d49a85829b8236331b9e21f7e612634:frontend/src/recovered/features/conversation/cards/transcript-card/reaction-picker-handoff.ts,frontend/src/recovered/features/conversation/cards/transcript-card/reaction-picker-handoff.swift,SwiftUI,direct-equivalent,mapped,,,
frontend/src/recovered/features/conversation/cards/transcript-card/reaction-picker.tsx,native renderer / interaction surface,b-nnett/grok-bot-0.18-reconstructed@a9f633e09d49a85829b8236331b9e21f7e612634:frontend/src/recovered/features/conversation/cards/transcript-card/reaction-picker.tsx,frontend/src/recovered/features/conversation/cards/transcript-card/reaction-picker.view.swift,SwiftUI,direct-equivalent,mapped,,,
frontend/src/recovered/features/conversation/cards/transcript-card/reaction-workspace-handoff.ts,native renderer / interaction surface,b-nnett/grok-bot-0.18-reconstructed@a9f633e09d49a85829b8236331b9e21f7e612634:frontend/src/recovered/features/conversation/cards/transcript-card/reaction-workspace-handoff.ts,frontend/src/recovered/features/conversation/cards/transcript-card/reaction-workspace-handoff.swift,SwiftUI,direct-equivalent,mapped,,,
frontend/src/recovered/features/conversation/cards/transcript-card/registry.ts,native renderer / interaction surface,b-nnett/grok-bot-0.18-reconstructed@a9f633e09d49a85829b8236331b9e21f7e612634:frontend/src/recovered/features/conversation/cards/transcript-card/registry.ts,frontend/src/recovered/features/conversation/cards/transcript-card/registry.swift,SwiftUI,direct-equivalent,mapped,,,
frontend/src/recovered/features/conversation/cards/transcript-card/resolver.ts,native renderer / interaction surface,b-nnett/grok-bot-0.18-reconstructed@a9f633e09d49a85829b8236331b9e21f7e612634:frontend/src/recovered/features/conversation/cards/transcript-card/resolver.ts,frontend/src/recovered/features/conversation/cards/transcript-card/resolver.swift,SwiftUI,direct-equivalent,mapped,,,
frontend/src/recovered/features/conversation/cards/transcript-card/root.tsx,native renderer / interaction surface,b-nnett/grok-bot-0.18-reconstructed@a9f633e09d49a85829b8236331b9e21f7e612634:frontend/src/recovered/features/conversation/cards/transcript-card/root.tsx,frontend/src/recovered/features/conversation/cards/transcript-card/root.view.swift,SwiftUI,direct-equivalent,mapped,,,
frontend/src/recovered/features/conversation/cards/transcript-card/secret-request-actions.ts,native renderer / interaction surface,b-nnett/grok-bot-0.18-reconstructed@a9f633e09d49a85829b8236331b9e21f7e612634:frontend/src/recovered/features/conversation/cards/transcript-card/secret-request-actions.ts,frontend/src/recovered/features/conversation/cards/transcript-card/secret-request-actions.swift,SwiftUI,direct-equivalent,mapped,,,
frontend/src/recovered/features/conversation/cards/transcript-card/send-message-text.ts,native renderer / interaction surface,b-nnett/grok-bot-0.18-reconstructed@a9f633e09d49a85829b8236331b9e21f7e612634:frontend/src/recovered/features/conversation/cards/transcript-card/send-message-text.ts,frontend/src/recovered/features/conversation/cards/transcript-card/send-message-text.swift,SwiftUI,direct-equivalent,mapped,,,
frontend/src/recovered/features/conversation/cards/transcript-card/thread-affordance.tsx,native renderer / interaction surface,b-nnett/grok-bot-0.18-reconstructed@a9f633e09d49a85829b8236331b9e21f7e612634:frontend/src/recovered/features/conversation/cards/transcript-card/thread-affordance.tsx,frontend/src/recovered/features/conversation/cards/transcript-card/thread-affordance.view.swift,SwiftUI,direct-equivalent,mapped,,,
frontend/src/recovered/features/conversation/cards/transcript-card/thread-loader.ts,native renderer / interaction surface,b-nnett/grok-bot-0.18-reconstructed@a9f633e09d49a85829b8236331b9e21f7e612634:frontend/src/recovered/features/conversation/cards/transcript-card/thread-loader.ts,frontend/src/recovered/features/conversation/cards/transcript-card/thread-loader.swift,SwiftUI,direct-equivalent,mapped,,,
frontend/src/recovered/features/conversation/cards/transcript-card/thread-summary-controller.ts,native renderer / interaction surface,b-nnett/grok-bot-0.18-reconstructed@a9f633e09d49a85829b8236331b9e21f7e612634:frontend/src/recovered/features/conversation/cards/transcript-card/thread-summary-controller.ts,frontend/src/recovered/features/conversation/cards/transcript-card/thread-summary-controller.swift,SwiftUI,direct-equivalent,mapped,,,
frontend/src/recovered/features/conversation/cards/transcript-card/transcript-feed-source.ts,native renderer / interaction surface,b-nnett/grok-bot-0.18-reconstructed@a9f633e09d49a85829b8236331b9e21f7e612634:frontend/src/recovered/features/conversation/cards/transcript-card/transcript-feed-source.ts,frontend/src/recovered/features/conversation/cards/transcript-card/transcript-feed-source.swift,SwiftUI,direct-equivalent,mapped,,,
frontend/src/recovered/features/conversation/cards/transcript-card/url-card.ts,native renderer / interaction surface,b-nnett/grok-bot-0.18-reconstructed@a9f633e09d49a85829b8236331b9e21f7e612634:frontend/src/recovered/features/conversation/cards/transcript-card/url-card.ts,frontend/src/recovered/features/conversation/cards/transcript-card/url-card.swift,SwiftUI,direct-equivalent,mapped,,,
frontend/src/recovered/features/conversation/cards/transcript-card/view.css,native renderer / interaction surface,b-nnett/grok-bot-0.18-reconstructed@a9f633e09d49a85829b8236331b9e21f7e612634:frontend/src/recovered/features/conversation/cards/transcript-card/view.css,frontend/src/recovered/features/conversation/cards/transcript-card/view.style.swift,SwiftUI,direct-equivalent,mapped,,,
frontend/src/recovered/features/conversation/cards/transcript-card/views/attachment.tsx,native renderer / interaction surface,b-nnett/grok-bot-0.18-reconstructed@a9f633e09d49a85829b8236331b9e21f7e612634:frontend/src/recovered/features/conversation/cards/transcript-card/views/attachment.tsx,frontend/src/recovered/features/conversation/cards/transcript-card/views/attachment.view.swift,SwiftUI,direct-equivalent,mapped,,,
frontend/src/recovered/features/conversation/cards/transcript-card/views/auto-review-approval.tsx,native renderer / interaction surface,b-nnett/grok-bot-0.18-reconstructed@a9f633e09d49a85829b8236331b9e21f7e612634:frontend/src/recovered/features/conversation/cards/transcript-card/views/auto-review-approval.tsx,frontend/src/recovered/features/conversation/cards/transcript-card/views/auto-review-approval.view.swift,SwiftUI,direct-equivalent,mapped,,,
frontend/src/recovered/features/conversation/cards/transcript-card/views/cloud-agent.tsx,native renderer / interaction surface,b-nnett/grok-bot-0.18-reconstructed@a9f633e09d49a85829b8236331b9e21f7e612634:frontend/src/recovered/features/conversation/cards/transcript-card/views/cloud-agent.tsx,frontend/src/recovered/features/conversation/cards/transcript-card/views/cloud-agent.view.swift,SwiftUI,direct-equivalent,mapped,,,
frontend/src/recovered/features/conversation/cards/transcript-card/views/connector.tsx,native renderer / interaction surface,b-nnett/grok-bot-0.18-reconstructed@a9f633e09d49a85829b8236331b9e21f7e612634:frontend/src/recovered/features/conversation/cards/transcript-card/views/connector.tsx,frontend/src/recovered/features/conversation/cards/transcript-card/views/connector.view.swift,SwiftUI,direct-equivalent,mapped,,,
frontend/src/recovered/features/conversation/cards/transcript-card/views/connectors.tsx,native renderer / interaction surface,b-nnett/grok-bot-0.18-reconstructed@a9f633e09d49a85829b8236331b9e21f7e612634:frontend/src/recovered/features/conversation/cards/transcript-card/views/connectors.tsx,frontend/src/recovered/features/conversation/cards/transcript-card/views/connectors.view.swift,SwiftUI,direct-equivalent,mapped,,,
frontend/src/recovered/features/conversation/cards/transcript-card/views/email-draft.tsx,native renderer / interaction surface,b-nnett/grok-bot-0.18-reconstructed@a9f633e09d49a85829b8236331b9e21f7e612634:frontend/src/recovered/features/conversation/cards/transcript-card/views/email-draft.tsx,frontend/src/recovered/features/conversation/cards/transcript-card/views/email-draft.view.swift,SwiftUI,direct-equivalent,mapped,,,
frontend/src/recovered/features/conversation/cards/transcript-card/views/index.ts,native renderer / interaction surface,b-nnett/grok-bot-0.18-reconstructed@a9f633e09d49a85829b8236331b9e21f7e612634:frontend/src/recovered/features/conversation/cards/transcript-card/views/index.ts,frontend/src/recovered/features/conversation/cards/transcript-card/views/index.swift,SwiftUI,direct-equivalent,mapped,,,
frontend/src/recovered/features/conversation/cards/transcript-card/views/link-card.tsx,native renderer / interaction surface,b-nnett/grok-bot-0.18-reconstructed@a9f633e09d49a85829b8236331b9e21f7e612634:frontend/src/recovered/features/conversation/cards/transcript-card/views/link-card.tsx,frontend/src/recovered/features/conversation/cards/transcript-card/views/link-card.view.swift,SwiftUI,direct-equivalent,mapped,,,
frontend/src/recovered/features/conversation/cards/transcript-card/views/listener-connect.tsx,native renderer / interaction surface,b-nnett/grok-bot-0.18-reconstructed@a9f633e09d49a85829b8236331b9e21f7e612634:frontend/src/recovered/features/conversation/cards/transcript-card/views/listener-connect.tsx,frontend/src/recovered/features/conversation/cards/transcript-card/views/listener-connect.view.swift,SwiftUI,direct-equivalent,mapped,,,
frontend/src/recovered/features/conversation/cards/transcript-card/views/local-tool-permission.tsx,native renderer / interaction surface,b-nnett/grok-bot-0.18-reconstructed@a9f633e09d49a85829b8236331b9e21f7e612634:frontend/src/recovered/features/conversation/cards/transcript-card/views/local-tool-permission.tsx,frontend/src/recovered/features/conversation/cards/transcript-card/views/local-tool-permission.view.swift,SwiftUI,direct-equivalent,mapped,,,
frontend/src/recovered/features/conversation/cards/transcript-card/views/secret-request.tsx,native renderer / interaction surface,b-nnett/grok-bot-0.18-reconstructed@a9f633e09d49a85829b8236331b9e21f7e612634:frontend/src/recovered/features/conversation/cards/transcript-card/views/secret-request.tsx,frontend/src/recovered/features/conversation/cards/transcript-card/views/secret-request.view.swift,SwiftUI,direct-equivalent,mapped,,,
frontend/src/recovered/features/conversation/cards/transcript-card/views/send-message-text.tsx,native renderer / interaction surface,b-nnett/grok-bot-0.18-reconstructed@a9f633e09d49a85829b8236331b9e21f7e612634:frontend/src/recovered/features/conversation/cards/transcript-card/views/send-message-text.tsx,frontend/src/recovered/features/conversation/cards/transcript-card/views/send-message-text.view.swift,SwiftUI,direct-equivalent,mapped,,,
frontend/src/recovered/features/conversation/cards/transcript-card/views/shared.tsx,native renderer / interaction surface,b-nnett/grok-bot-0.18-reconstructed@a9f633e09d49a85829b8236331b9e21f7e612634:frontend/src/recovered/features/conversation/cards/transcript-card/views/shared.tsx,frontend/src/recovered/features/conversation/cards/transcript-card/views/shared.view.swift,SwiftUI,direct-equivalent,mapped,,,
frontend/src/recovered/features/conversation/cards/transcript-card/views/slack-draft.tsx,native renderer / interaction surface,b-nnett/grok-bot-0.18-reconstructed@a9f633e09d49a85829b8236331b9e21f7e612634:frontend/src/recovered/features/conversation/cards/transcript-card/views/slack-draft.tsx,frontend/src/recovered/features/conversation/cards/transcript-card/views/slack-draft.view.swift,SwiftUI,direct-equivalent,mapped,,,
frontend/src/recovered/features/conversation/cards/transcript-card/views/widget.tsx,native renderer / interaction surface,b-nnett/grok-bot-0.18-reconstructed@a9f633e09d49a85829b8236331b9e21f7e612634:frontend/src/recovered/features/conversation/cards/transcript-card/views/widget.tsx,frontend/src/recovered/features/conversation/cards/transcript-card/views/widget.view.swift,SwiftUI,direct-equivalent,mapped,,,
frontend/src/recovered/features/conversation/cards/transcript-card/widget-interactions.ts,native renderer / interaction surface,b-nnett/grok-bot-0.18-reconstructed@a9f633e09d49a85829b8236331b9e21f7e612634:frontend/src/recovered/features/conversation/cards/transcript-card/widget-interactions.ts,frontend/src/recovered/features/conversation/cards/transcript-card/widget-interactions.swift,SwiftUI,direct-equivalent,mapped,,,
frontend/src/recovered/features/conversation/message-card-seam.ts,native renderer / interaction surface,b-nnett/grok-bot-0.18-reconstructed@a9f633e09d49a85829b8236331b9e21f7e612634:frontend/src/recovered/features/conversation/message-card-seam.ts,frontend/src/recovered/features/conversation/message-card-seam.swift,SwiftUI,direct-equivalent,mapped,,,
frontend/src/recovered/features/conversation/tool-results/model.ts,native renderer / interaction surface,b-nnett/grok-bot-0.18-reconstructed@a9f633e09d49a85829b8236331b9e21f7e612634:frontend/src/recovered/features/conversation/tool-results/model.ts,frontend/src/recovered/features/conversation/tool-results/model.swift,SwiftUI,direct-equivalent,mapped,,,
frontend/src/recovered/features/conversation/tool-results/proto-adapter.ts,native renderer / interaction surface,b-nnett/grok-bot-0.18-reconstructed@a9f633e09d49a85829b8236331b9e21f7e612634:frontend/src/recovered/features/conversation/tool-results/proto-adapter.ts,frontend/src/recovered/features/conversation/tool-results/proto-adapter.swift,SwiftUI,direct-equivalent,mapped,,,
frontend/src/recovered/features/conversation/tool-results/transcript-boundary.ts,native renderer / interaction surface,b-nnett/grok-bot-0.18-reconstructed@a9f633e09d49a85829b8236331b9e21f7e612634:frontend/src/recovered/features/conversation/tool-results/transcript-boundary.ts,frontend/src/recovered/features/conversation/tool-results/transcript-boundary.swift,SwiftUI,direct-equivalent,mapped,,,
frontend/src/recovered/features/conversation/tool-results/view.tsx,native renderer / interaction surface,b-nnett/grok-bot-0.18-reconstructed@a9f633e09d49a85829b8236331b9e21f7e612634:frontend/src/recovered/features/conversation/tool-results/view.tsx,frontend/src/recovered/features/conversation/tool-results/view.view.swift,SwiftUI,direct-equivalent,mapped,,,
frontend/src/recovered/features/conversation/workspace/acknowledgement.ts,native renderer / interaction surface,b-nnett/grok-bot-0.18-reconstructed@a9f633e09d49a85829b8236331b9e21f7e612634:frontend/src/recovered/features/conversation/workspace/acknowledgement.ts,frontend/src/recovered/features/conversation/workspace/acknowledgement.swift,SwiftUI,direct-equivalent,mapped,,,
frontend/src/recovered/features/conversation/workspace/agent-avatar.tsx,native renderer / interaction surface,b-nnett/grok-bot-0.18-reconstructed@a9f633e09d49a85829b8236331b9e21f7e612634:frontend/src/recovered/features/conversation/workspace/agent-avatar.tsx,frontend/src/recovered/features/conversation/workspace/agent-avatar.view.swift,SwiftUI,direct-equivalent,mapped,,,
frontend/src/recovered/features/conversation/workspace/chat-header.tsx,native renderer / interaction surface,b-nnett/grok-bot-0.18-reconstructed@a9f633e09d49a85829b8236331b9e21f7e612634:frontend/src/recovered/features/conversation/workspace/chat-header.tsx,frontend/src/recovered/features/conversation/workspace/chat-header.view.swift,SwiftUI,direct-equivalent,mapped,,,
frontend/src/recovered/features/conversation/workspace/composer.tsx,native renderer / interaction surface,b-nnett/grok-bot-0.18-reconstructed@a9f633e09d49a85829b8236331b9e21f7e612634:frontend/src/recovered/features/conversation/workspace/composer.tsx,frontend/src/recovered/features/conversation/workspace/composer.view.swift,SwiftUI,direct-equivalent,mapped,,,
frontend/src/recovered/features/conversation/workspace/conversation-outline-provider.ts,native renderer / interaction surface,b-nnett/grok-bot-0.18-reconstructed@a9f633e09d49a85829b8236331b9e21f7e612634:frontend/src/recovered/features/conversation/workspace/conversation-outline-provider.ts,frontend/src/recovered/features/conversation/workspace/conversation-outline-provider.swift,SwiftUI,direct-equivalent,mapped,,,
frontend/src/recovered/features/conversation/workspace/conversation-outline-view.tsx,native renderer / interaction surface,b-nnett/grok-bot-0.18-reconstructed@a9f633e09d49a85829b8236331b9e21f7e612634:frontend/src/recovered/features/conversation/workspace/conversation-outline-view.tsx,frontend/src/recovered/features/conversation/workspace/conversation-outline-view.view.swift,SwiftUI,direct-equivalent,mapped,,,
frontend/src/recovered/features/conversation/workspace/conversation-workspace-controller.ts,native renderer / interaction surface,b-nnett/grok-bot-0.18-reconstructed@a9f633e09d49a85829b8236331b9e21f7e612634:frontend/src/recovered/features/conversation/workspace/conversation-workspace-controller.ts,frontend/src/recovered/features/conversation/workspace/conversation-workspace-controller.swift,SwiftUI,direct-equivalent,mapped,,,
frontend/src/recovered/features/conversation/workspace/cursor-icon.tsx,native renderer / interaction surface,b-nnett/grok-bot-0.18-reconstructed@a9f633e09d49a85829b8236331b9e21f7e612634:frontend/src/recovered/features/conversation/workspace/cursor-icon.tsx,frontend/src/recovered/features/conversation/workspace/cursor-icon.view.swift,SwiftUI,direct-equivalent,mapped,,,
frontend/src/recovered/features/conversation/workspace/desktop.ts,native renderer / interaction surface,b-nnett/grok-bot-0.18-reconstructed@a9f633e09d49a85829b8236331b9e21f7e612634:frontend/src/recovered/features/conversation/workspace/desktop.ts,frontend/src/recovered/features/conversation/workspace/desktop.swift,SwiftUI,direct-equivalent,mapped,,,
frontend/src/recovered/features/conversation/workspace/draft-state.ts,native renderer / interaction surface,b-nnett/grok-bot-0.18-reconstructed@a9f633e09d49a85829b8236331b9e21f7e612634:frontend/src/recovered/features/conversation/workspace/draft-state.ts,frontend/src/recovered/features/conversation/workspace/draft-state.swift,SwiftUI,direct-equivalent,mapped,,,
frontend/src/recovered/features/conversation/workspace/editor-mcp-reference-provider.ts,native renderer / interaction surface,b-nnett/grok-bot-0.18-reconstructed@a9f633e09d49a85829b8236331b9e21f7e612634:frontend/src/recovered/features/conversation/workspace/editor-mcp-reference-provider.ts,frontend/src/recovered/features/conversation/workspace/editor-mcp-reference-provider.swift,SwiftUI,direct-equivalent,mapped,,,
frontend/src/recovered/features/conversation/workspace/editor-pr-reference-provider.ts,native renderer / interaction surface,b-nnett/grok-bot-0.18-reconstructed@a9f633e09d49a85829b8236331b9e21f7e612634:frontend/src/recovered/features/conversation/workspace/editor-pr-reference-provider.ts,frontend/src/recovered/features/conversation/workspace/editor-pr-reference-provider.swift,SwiftUI,direct-equivalent,mapped,,,
frontend/src/recovered/features/conversation/workspace/editor-suggestion-production-adapter.ts,native renderer / interaction surface,b-nnett/grok-bot-0.18-reconstructed@a9f633e09d49a85829b8236331b9e21f7e612634:frontend/src/recovered/features/conversation/workspace/editor-suggestion-production-adapter.ts,frontend/src/recovered/features/conversation/workspace/editor-suggestion-production-adapter.swift,SwiftUI,direct-equivalent,mapped,,,
frontend/src/recovered/features/conversation/workspace/editor-suggestion-provider.ts,native renderer / interaction surface,b-nnett/grok-bot-0.18-reconstructed@a9f633e09d49a85829b8236331b9e21f7e612634:frontend/src/recovered/features/conversation/workspace/editor-suggestion-provider.ts,frontend/src/recovered/features/conversation/workspace/editor-suggestion-provider.swift,SwiftUI,direct-equivalent,mapped,,,
frontend/src/recovered/features/conversation/workspace/find-in-chat-controller.ts,native renderer / interaction surface,b-nnett/grok-bot-0.18-reconstructed@a9f633e09d49a85829b8236331b9e21f7e612634:frontend/src/recovered/features/conversation/workspace/find-in-chat-controller.ts,frontend/src/recovered/features/conversation/workspace/find-in-chat-controller.swift,SwiftUI,direct-equivalent,mapped,,,
frontend/src/recovered/features/conversation/workspace/find-in-chat.tsx,native renderer / interaction surface,b-nnett/grok-bot-0.18-reconstructed@a9f633e09d49a85829b8236331b9e21f7e612634:frontend/src/recovered/features/conversation/workspace/find-in-chat.tsx,frontend/src/recovered/features/conversation/workspace/find-in-chat.view.swift,SwiftUI,direct-equivalent,mapped,,,
frontend/src/recovered/features/conversation/workspace/math.tsx,native renderer / interaction surface,b-nnett/grok-bot-0.18-reconstructed@a9f633e09d49a85829b8236331b9e21f7e612634:frontend/src/recovered/features/conversation/workspace/math.tsx,frontend/src/recovered/features/conversation/workspace/math.view.swift,SwiftUI,direct-equivalent,mapped,,,
frontend/src/recovered/features/conversation/workspace/media-viewer.tsx,native renderer / interaction surface,b-nnett/grok-bot-0.18-reconstructed@a9f633e09d49a85829b8236331b9e21f7e612634:frontend/src/recovered/features/conversation/workspace/media-viewer.tsx,frontend/src/recovered/features/conversation/workspace/media-viewer.view.swift,SwiftUI,direct-equivalent,mapped,,,
frontend/src/recovered/features/conversation/workspace/mermaid.tsx,native renderer / interaction surface,b-nnett/grok-bot-0.18-reconstructed@a9f633e09d49a85829b8236331b9e21f7e612634:frontend/src/recovered/features/conversation/workspace/mermaid.tsx,frontend/src/recovered/features/conversation/workspace/mermaid.view.swift,SwiftUI,direct-equivalent,mapped,,,
frontend/src/recovered/features/conversation/workspace/model.ts,native renderer / interaction surface,b-nnett/grok-bot-0.18-reconstructed@a9f633e09d49a85829b8236331b9e21f7e612634:frontend/src/recovered/features/conversation/workspace/model.ts,frontend/src/recovered/features/conversation/workspace/model.swift,SwiftUI,direct-equivalent,mapped,,,
frontend/src/recovered/features/conversation/workspace/pagination.ts,native renderer / interaction surface,b-nnett/grok-bot-0.18-reconstructed@a9f633e09d49a85829b8236331b9e21f7e612634:frontend/src/recovered/features/conversation/workspace/pagination.ts,frontend/src/recovered/features/conversation/workspace/pagination.swift,SwiftUI,direct-equivalent,mapped,,,
frontend/src/recovered/features/conversation/workspace/pdf-viewer.css,native renderer / interaction surface,b-nnett/grok-bot-0.18-reconstructed@a9f633e09d49a85829b8236331b9e21f7e612634:frontend/src/recovered/features/conversation/workspace/pdf-viewer.css,frontend/src/recovered/features/conversation/workspace/pdf-viewer.style.swift,SwiftUI,direct-equivalent,mapped,,,
frontend/src/recovered/features/conversation/workspace/pdf-viewer.tsx,native renderer / interaction surface,b-nnett/grok-bot-0.18-reconstructed@a9f633e09d49a85829b8236331b9e21f7e612634:frontend/src/recovered/features/conversation/workspace/pdf-viewer.tsx,frontend/src/recovered/features/conversation/workspace/pdf-viewer.view.swift,SwiftUI,direct-equivalent,mapped,,,
frontend/src/recovered/features/conversation/workspace/referenced-message-preview.tsx,native renderer / interaction surface,b-nnett/grok-bot-0.18-reconstructed@a9f633e09d49a85829b8236331b9e21f7e612634:frontend/src/recovered/features/conversation/workspace/referenced-message-preview.tsx,frontend/src/recovered/features/conversation/workspace/referenced-message-preview.view.swift,SwiftUI,direct-equivalent,mapped,,,
frontend/src/recovered/features/conversation/workspace/reply-preview.tsx,native renderer / interaction surface,b-nnett/grok-bot-0.18-reconstructed@a9f633e09d49a85829b8236331b9e21f7e612634:frontend/src/recovered/features/conversation/workspace/reply-preview.tsx,frontend/src/recovered/features/conversation/workspace/reply-preview.view.swift,SwiftUI,direct-equivalent,mapped,,,
frontend/src/recovered/features/conversation/workspace/reply-thread-controller.ts,native renderer / interaction surface,b-nnett/grok-bot-0.18-reconstructed@a9f633e09d49a85829b8236331b9e21f7e612634:frontend/src/recovered/features/conversation/workspace/reply-thread-controller.ts,frontend/src/recovered/features/conversation/workspace/reply-thread-controller.swift,SwiftUI,direct-equivalent,mapped,,,
frontend/src/recovered/features/conversation/workspace/rich-text-editor.tsx,native renderer / interaction surface,b-nnett/grok-bot-0.18-reconstructed@a9f633e09d49a85829b8236331b9e21f7e612634:frontend/src/recovered/features/conversation/workspace/rich-text-editor.tsx,frontend/src/recovered/features/conversation/workspace/rich-text-editor.view.swift,SwiftUI,direct-equivalent,mapped,,,
frontend/src/recovered/features/conversation/workspace/send-journal-approval-lifecycle.ts,native renderer / interaction surface,b-nnett/grok-bot-0.18-reconstructed@a9f633e09d49a85829b8236331b9e21f7e612634:frontend/src/recovered/features/conversation/workspace/send-journal-approval-lifecycle.ts,frontend/src/recovered/features/conversation/workspace/send-journal-approval-lifecycle.swift,SwiftUI,direct-equivalent,mapped,,,
frontend/src/recovered/features/conversation/workspace/sidebar-agent-preview-content.tsx,native renderer / interaction surface,b-nnett/grok-bot-0.18-reconstructed@a9f633e09d49a85829b8236331b9e21f7e612634:frontend/src/recovered/features/conversation/workspace/sidebar-agent-preview-content.tsx,frontend/src/recovered/features/conversation/workspace/sidebar-agent-preview-content.view.swift,SwiftUI,direct-equivalent,mapped,,,
frontend/src/recovered/features/conversation/workspace/sidebar-agent-preview-header.tsx,native renderer / interaction surface,b-nnett/grok-bot-0.18-reconstructed@a9f633e09d49a85829b8236331b9e21f7e612634:frontend/src/recovered/features/conversation/workspace/sidebar-agent-preview-header.tsx,frontend/src/recovered/features/conversation/workspace/sidebar-agent-preview-header.view.swift,SwiftUI,direct-equivalent,mapped,,,
frontend/src/recovered/features/conversation/workspace/sidebar-agent-status.ts,native renderer / interaction surface,b-nnett/grok-bot-0.18-reconstructed@a9f633e09d49a85829b8236331b9e21f7e612634:frontend/src/recovered/features/conversation/workspace/sidebar-agent-status.ts,frontend/src/recovered/features/conversation/workspace/sidebar-agent-status.swift,SwiftUI,direct-equivalent,mapped,,,
frontend/src/recovered/features/conversation/workspace/sidebar-collapse-state.ts,native renderer / interaction surface,b-nnett/grok-bot-0.18-reconstructed@a9f633e09d49a85829b8236331b9e21f7e612634:frontend/src/recovered/features/conversation/workspace/sidebar-collapse-state.ts,frontend/src/recovered/features/conversation/workspace/sidebar-collapse-state.swift,SwiftUI,direct-equivalent,mapped,,,
frontend/src/recovered/features/conversation/workspace/sidebar-layout-state.ts,native renderer / interaction surface,b-nnett/grok-bot-0.18-reconstructed@a9f633e09d49a85829b8236331b9e21f7e612634:frontend/src/recovered/features/conversation/workspace/sidebar-layout-state.ts,frontend/src/recovered/features/conversation/workspace/sidebar-layout-state.swift,SwiftUI,direct-equivalent,mapped,,,
frontend/src/recovered/features/conversation/workspace/sidebar-profile-action.ts,native renderer / interaction surface,b-nnett/grok-bot-0.18-reconstructed@a9f633e09d49a85829b8236331b9e21f7e612634:frontend/src/recovered/features/conversation/workspace/sidebar-profile-action.ts,frontend/src/recovered/features/conversation/workspace/sidebar-profile-action.swift,SwiftUI,direct-equivalent,mapped,,,
frontend/src/recovered/features/conversation/workspace/sidebar-search-trigger.ts,native renderer / interaction surface,b-nnett/grok-bot-0.18-reconstructed@a9f633e09d49a85829b8236331b9e21f7e612634:frontend/src/recovered/features/conversation/workspace/sidebar-search-trigger.ts,frontend/src/recovered/features/conversation/workspace/sidebar-search-trigger.swift,SwiftUI,direct-equivalent,mapped,,,
frontend/src/recovered/features/conversation/workspace/sidebar-section-delete-confirmation.tsx,native renderer / interaction surface,b-nnett/grok-bot-0.18-reconstructed@a9f633e09d49a85829b8236331b9e21f7e612634:frontend/src/recovered/features/conversation/workspace/sidebar-section-delete-confirmation.tsx,frontend/src/recovered/features/conversation/workspace/sidebar-section-delete-confirmation.view.swift,SwiftUI,direct-equivalent,mapped,,,
frontend/src/recovered/features/conversation/workspace/sidebar-section-header.tsx,native renderer / interaction surface,b-nnett/grok-bot-0.18-reconstructed@a9f633e09d49a85829b8236331b9e21f7e612634:frontend/src/recovered/features/conversation/workspace/sidebar-section-header.tsx,frontend/src/recovered/features/conversation/workspace/sidebar-section-header.view.swift,SwiftUI,direct-equivalent,mapped,,,
frontend/src/recovered/features/conversation/workspace/sidebar-section-projection.ts,native renderer / interaction surface,b-nnett/grok-bot-0.18-reconstructed@a9f633e09d49a85829b8236331b9e21f7e612634:frontend/src/recovered/features/conversation/workspace/sidebar-section-projection.ts,frontend/src/recovered/features/conversation/workspace/sidebar-section-projection.swift,SwiftUI,direct-equivalent,mapped,,,
frontend/src/recovered/features/conversation/workspace/sidebar-sections-state.ts,native renderer / interaction surface,b-nnett/grok-bot-0.18-reconstructed@a9f633e09d49a85829b8236331b9e21f7e612634:frontend/src/recovered/features/conversation/workspace/sidebar-sections-state.ts,frontend/src/recovered/features/conversation/workspace/sidebar-sections-state.swift,SwiftUI,direct-equivalent,mapped,,,
frontend/src/recovered/features/conversation/workspace/sidebar.tsx,native renderer / interaction surface,b-nnett/grok-bot-0.18-reconstructed@a9f633e09d49a85829b8236331b9e21f7e612634:frontend/src/recovered/features/conversation/workspace/sidebar.tsx,frontend/src/recovered/features/conversation/workspace/sidebar.view.swift,SwiftUI,direct-equivalent,mapped,,,
frontend/src/recovered/features/conversation/workspace/spreadsheet-viewer-model.ts,native renderer / interaction surface,b-nnett/grok-bot-0.18-reconstructed@a9f633e09d49a85829b8236331b9e21f7e612634:frontend/src/recovered/features/conversation/workspace/spreadsheet-viewer-model.ts,frontend/src/recovered/features/conversation/workspace/spreadsheet-viewer-model.swift,SwiftUI,direct-equivalent,mapped,,,
frontend/src/recovered/features/conversation/workspace/spreadsheet-viewer-provider.ts,native renderer / interaction surface,b-nnett/grok-bot-0.18-reconstructed@a9f633e09d49a85829b8236331b9e21f7e612634:frontend/src/recovered/features/conversation/workspace/spreadsheet-viewer-provider.ts,frontend/src/recovered/features/conversation/workspace/spreadsheet-viewer-provider.swift,SwiftUI,direct-equivalent,mapped,,,
frontend/src/recovered/features/conversation/workspace/spreadsheet-viewer.tsx,native renderer / interaction surface,b-nnett/grok-bot-0.18-reconstructed@a9f633e09d49a85829b8236331b9e21f7e612634:frontend/src/recovered/features/conversation/workspace/spreadsheet-viewer.tsx,frontend/src/recovered/features/conversation/workspace/spreadsheet-viewer.view.swift,SwiftUI,direct-equivalent,mapped,,,
frontend/src/recovered/features/conversation/workspace/submission.ts,native renderer / interaction surface,b-nnett/grok-bot-0.18-reconstructed@a9f633e09d49a85829b8236331b9e21f7e612634:frontend/src/recovered/features/conversation/workspace/submission.ts,frontend/src/recovered/features/conversation/workspace/submission.swift,SwiftUI,direct-equivalent,mapped,,,
frontend/src/recovered/features/conversation/workspace/transcript-adjacency.ts,native renderer / interaction surface,b-nnett/grok-bot-0.18-reconstructed@a9f633e09d49a85829b8236331b9e21f7e612634:frontend/src/recovered/features/conversation/workspace/transcript-adjacency.ts,frontend/src/recovered/features/conversation/workspace/transcript-adjacency.swift,SwiftUI,direct-equivalent,mapped,,,
frontend/src/recovered/features/conversation/workspace/transcript-load-error.tsx,native renderer / interaction surface,b-nnett/grok-bot-0.18-reconstructed@a9f633e09d49a85829b8236331b9e21f7e612634:frontend/src/recovered/features/conversation/workspace/transcript-load-error.tsx,frontend/src/recovered/features/conversation/workspace/transcript-load-error.view.swift,SwiftUI,direct-equivalent,mapped,,,
frontend/src/recovered/features/conversation/workspace/transcript-utility-parity.css,native renderer / interaction surface,b-nnett/grok-bot-0.18-reconstructed@a9f633e09d49a85829b8236331b9e21f7e612634:frontend/src/recovered/features/conversation/workspace/transcript-utility-parity.css,frontend/src/recovered/features/conversation/workspace/transcript-utility-parity.style.swift,SwiftUI,direct-equivalent,mapped,,,
frontend/src/recovered/features/conversation/workspace/transcript.tsx,native renderer / interaction surface,b-nnett/grok-bot-0.18-reconstructed@a9f633e09d49a85829b8236331b9e21f7e612634:frontend/src/recovered/features/conversation/workspace/transcript.tsx,frontend/src/recovered/features/conversation/workspace/transcript.view.swift,SwiftUI,direct-equivalent,mapped,,,
frontend/src/recovered/features/conversation/workspace/view.css,native renderer / interaction surface,b-nnett/grok-bot-0.18-reconstructed@a9f633e09d49a85829b8236331b9e21f7e612634:frontend/src/recovered/features/conversation/workspace/view.css,frontend/src/recovered/features/conversation/workspace/view.style.swift,SwiftUI,direct-equivalent,mapped,,,
frontend/src/recovered/features/conversation/workspace/view.tsx,native renderer / interaction surface,b-nnett/grok-bot-0.18-reconstructed@a9f633e09d49a85829b8236331b9e21f7e612634:frontend/src/recovered/features/conversation/workspace/view.tsx,frontend/src/recovered/features/conversation/workspace/view.view.swift,SwiftUI,direct-equivalent,mapped,,,
frontend/src/recovered/features/conversation/workspace/voice.tsx,native renderer / interaction surface,b-nnett/grok-bot-0.18-reconstructed@a9f633e09d49a85829b8236331b9e21f7e612634:frontend/src/recovered/features/conversation/workspace/voice.tsx,frontend/src/recovered/features/conversation/workspace/voice.view.swift,SwiftUI,direct-equivalent,mapped,,,
frontend/src/recovered/features/deep-links/overlay/model.ts,native renderer / interaction surface,b-nnett/grok-bot-0.18-reconstructed@a9f633e09d49a85829b8236331b9e21f7e612634:frontend/src/recovered/features/deep-links/overlay/model.ts,frontend/src/recovered/features/deep-links/overlay/model.swift,SwiftUI,direct-equivalent,mapped,,,
frontend/src/recovered/features/deep-links/overlay/view.tsx,native renderer / interaction surface,b-nnett/grok-bot-0.18-reconstructed@a9f633e09d49a85829b8236331b9e21f7e612634:frontend/src/recovered/features/deep-links/overlay/view.tsx,frontend/src/recovered/features/deep-links/overlay/view.view.swift,SwiftUI,direct-equivalent,mapped,,,
frontend/src/recovered/features/error-boundary/view.tsx,native renderer / interaction surface,b-nnett/grok-bot-0.18-reconstructed@a9f633e09d49a85829b8236331b9e21f7e612634:frontend/src/recovered/features/error-boundary/view.tsx,frontend/src/recovered/features/error-boundary/view.view.swift,SwiftUI,direct-equivalent,mapped,,,
frontend/src/recovered/features/feedback/overlay/view.tsx,native renderer / interaction surface,b-nnett/grok-bot-0.18-reconstructed@a9f633e09d49a85829b8236331b9e21f7e612634:frontend/src/recovered/features/feedback/overlay/view.tsx,frontend/src/recovered/features/feedback/overlay/view.view.swift,SwiftUI,direct-equivalent,mapped,,,
frontend/src/recovered/features/hidden-chats/overlay/entrypoint.ts,native renderer / interaction surface,b-nnett/grok-bot-0.18-reconstructed@a9f633e09d49a85829b8236331b9e21f7e612634:frontend/src/recovered/features/hidden-chats/overlay/entrypoint.ts,frontend/src/recovered/features/hidden-chats/overlay/entrypoint.swift,SwiftUI,direct-equivalent,mapped,,,
frontend/src/recovered/features/hidden-chats/overlay/model.ts,native renderer / interaction surface,b-nnett/grok-bot-0.18-reconstructed@a9f633e09d49a85829b8236331b9e21f7e612634:frontend/src/recovered/features/hidden-chats/overlay/model.ts,frontend/src/recovered/features/hidden-chats/overlay/model.swift,SwiftUI,direct-equivalent,mapped,,,
frontend/src/recovered/features/hidden-chats/overlay/mutation-controller.ts,native renderer / interaction surface,b-nnett/grok-bot-0.18-reconstructed@a9f633e09d49a85829b8236331b9e21f7e612634:frontend/src/recovered/features/hidden-chats/overlay/mutation-controller.ts,frontend/src/recovered/features/hidden-chats/overlay/mutation-controller.swift,SwiftUI,direct-equivalent,mapped,,,
frontend/src/recovered/features/hidden-chats/overlay/view.css,native renderer / interaction surface,b-nnett/grok-bot-0.18-reconstructed@a9f633e09d49a85829b8236331b9e21f7e612634:frontend/src/recovered/features/hidden-chats/overlay/view.css,frontend/src/recovered/features/hidden-chats/overlay/view.style.swift,SwiftUI,direct-equivalent,mapped,,,
frontend/src/recovered/features/hidden-chats/overlay/view.tsx,native renderer / interaction surface,b-nnett/grok-bot-0.18-reconstructed@a9f633e09d49a85829b8236331b9e21f7e612634:frontend/src/recovered/features/hidden-chats/overlay/view.tsx,frontend/src/recovered/features/hidden-chats/overlay/view.view.swift,SwiftUI,direct-equivalent,mapped,,,
frontend/src/recovered/features/onboarding/signed-in/character.tsx,native renderer / interaction surface,b-nnett/grok-bot-0.18-reconstructed@a9f633e09d49a85829b8236331b9e21f7e612634:frontend/src/recovered/features/onboarding/signed-in/character.tsx,frontend/src/recovered/features/onboarding/signed-in/character.view.swift,SwiftUI,direct-equivalent,mapped,,,
frontend/src/recovered/features/onboarding/signed-in/computer-readiness.ts,native renderer / interaction surface,b-nnett/grok-bot-0.18-reconstructed@a9f633e09d49a85829b8236331b9e21f7e612634:frontend/src/recovered/features/onboarding/signed-in/computer-readiness.ts,frontend/src/recovered/features/onboarding/signed-in/computer-readiness.swift,SwiftUI,direct-equivalent,mapped,,,
frontend/src/recovered/features/onboarding/signed-in/model.ts,native renderer / interaction surface,b-nnett/grok-bot-0.18-reconstructed@a9f633e09d49a85829b8236331b9e21f7e612634:frontend/src/recovered/features/onboarding/signed-in/model.ts,frontend/src/recovered/features/onboarding/signed-in/model.swift,SwiftUI,direct-equivalent,mapped,,,
frontend/src/recovered/features/onboarding/signed-in/scene.ts,native renderer / interaction surface,b-nnett/grok-bot-0.18-reconstructed@a9f633e09d49a85829b8236331b9e21f7e612634:frontend/src/recovered/features/onboarding/signed-in/scene.ts,frontend/src/recovered/features/onboarding/signed-in/scene.swift,SwiftUI,direct-equivalent,mapped,,,
frontend/src/recovered/features/onboarding/signed-in/suggestions.ts,native renderer / interaction surface,b-nnett/grok-bot-0.18-reconstructed@a9f633e09d49a85829b8236331b9e21f7e612634:frontend/src/recovered/features/onboarding/signed-in/suggestions.ts,frontend/src/recovered/features/onboarding/signed-in/suggestions.swift,SwiftUI,direct-equivalent,mapped,,,
frontend/src/recovered/features/onboarding/signed-in/tool-assets.ts,native renderer / interaction surface,b-nnett/grok-bot-0.18-reconstructed@a9f633e09d49a85829b8236331b9e21f7e612634:frontend/src/recovered/features/onboarding/signed-in/tool-assets.ts,frontend/src/recovered/features/onboarding/signed-in/tool-assets.swift,SwiftUI,direct-equivalent,mapped,,,
frontend/src/recovered/features/onboarding/signed-in/view.css,native renderer / interaction surface,b-nnett/grok-bot-0.18-reconstructed@a9f633e09d49a85829b8236331b9e21f7e612634:frontend/src/recovered/features/onboarding/signed-in/view.css,frontend/src/recovered/features/onboarding/signed-in/view.style.swift,SwiftUI,direct-equivalent,mapped,,,
frontend/src/recovered/features/onboarding/signed-in/view.tsx,native renderer / interaction surface,b-nnett/grok-bot-0.18-reconstructed@a9f633e09d49a85829b8236331b9e21f7e612634:frontend/src/recovered/features/onboarding/signed-in/view.tsx,frontend/src/recovered/features/onboarding/signed-in/view.view.swift,SwiftUI,direct-equivalent,mapped,,,
frontend/src/recovered/features/org-chart/workspace/entrypoint.ts,native renderer / interaction surface,b-nnett/grok-bot-0.18-reconstructed@a9f633e09d49a85829b8236331b9e21f7e612634:frontend/src/recovered/features/org-chart/workspace/entrypoint.ts,frontend/src/recovered/features/org-chart/workspace/entrypoint.swift,SwiftUI,direct-equivalent,mapped,,,
frontend/src/recovered/features/org-chart/workspace/graph.css,native renderer / interaction surface,b-nnett/grok-bot-0.18-reconstructed@a9f633e09d49a85829b8236331b9e21f7e612634:frontend/src/recovered/features/org-chart/workspace/graph.css,frontend/src/recovered/features/org-chart/workspace/graph.style.swift,SwiftUI,direct-equivalent,mapped,,,
frontend/src/recovered/features/org-chart/workspace/graph.tsx,native renderer / interaction surface,b-nnett/grok-bot-0.18-reconstructed@a9f633e09d49a85829b8236331b9e21f7e612634:frontend/src/recovered/features/org-chart/workspace/graph.tsx,frontend/src/recovered/features/org-chart/workspace/graph.view.swift,SwiftUI,direct-equivalent,mapped,,,
frontend/src/recovered/features/org-chart/workspace/inspector.tsx,native renderer / interaction surface,b-nnett/grok-bot-0.18-reconstructed@a9f633e09d49a85829b8236331b9e21f7e612634:frontend/src/recovered/features/org-chart/workspace/inspector.tsx,frontend/src/recovered/features/org-chart/workspace/inspector.view.swift,SwiftUI,direct-equivalent,mapped,,,
frontend/src/recovered/features/org-chart/workspace/layout.ts,native renderer / interaction surface,b-nnett/grok-bot-0.18-reconstructed@a9f633e09d49a85829b8236331b9e21f7e612634:frontend/src/recovered/features/org-chart/workspace/layout.ts,frontend/src/recovered/features/org-chart/workspace/layout.swift,SwiftUI,direct-equivalent,mapped,,,
frontend/src/recovered/features/org-chart/workspace/model.ts,native renderer / interaction surface,b-nnett/grok-bot-0.18-reconstructed@a9f633e09d49a85829b8236331b9e21f7e612634:frontend/src/recovered/features/org-chart/workspace/model.ts,frontend/src/recovered/features/org-chart/workspace/model.swift,SwiftUI,direct-equivalent,mapped,,,
frontend/src/recovered/features/org-chart/workspace/network-trigger.ts,native renderer / interaction surface,b-nnett/grok-bot-0.18-reconstructed@a9f633e09d49a85829b8236331b9e21f7e612634:frontend/src/recovered/features/org-chart/workspace/network-trigger.ts,frontend/src/recovered/features/org-chart/workspace/network-trigger.swift,SwiftUI,direct-equivalent,mapped,,,
frontend/src/recovered/features/org-chart/workspace/view.tsx,native renderer / interaction surface,b-nnett/grok-bot-0.18-reconstructed@a9f633e09d49a85829b8236331b9e21f7e612634:frontend/src/recovered/features/org-chart/workspace/view.tsx,frontend/src/recovered/features/org-chart/workspace/view.view.swift,SwiftUI,direct-equivalent,mapped,,,
frontend/src/recovered/features/permissions/local-tool/store.ts,native renderer / interaction surface,b-nnett/grok-bot-0.18-reconstructed@a9f633e09d49a85829b8236331b9e21f7e612634:frontend/src/recovered/features/permissions/local-tool/store.ts,frontend/src/recovered/features/permissions/local-tool/store.swift,SwiftUI,direct-equivalent,mapped,,,
frontend/src/recovered/features/permissions/local-tool/view.css,native renderer / interaction surface,b-nnett/grok-bot-0.18-reconstructed@a9f633e09d49a85829b8236331b9e21f7e612634:frontend/src/recovered/features/permissions/local-tool/view.css,frontend/src/recovered/features/permissions/local-tool/view.style.swift,SwiftUI,direct-equivalent,mapped,,,
frontend/src/recovered/features/permissions/local-tool/view.tsx,native renderer / interaction surface,b-nnett/grok-bot-0.18-reconstructed@a9f633e09d49a85829b8236331b9e21f7e612634:frontend/src/recovered/features/permissions/local-tool/view.tsx,frontend/src/recovered/features/permissions/local-tool/view.view.swift,SwiftUI,direct-equivalent,mapped,,,
frontend/src/recovered/features/plugins/overlay/browser.css,native renderer / interaction surface,b-nnett/grok-bot-0.18-reconstructed@a9f633e09d49a85829b8236331b9e21f7e612634:frontend/src/recovered/features/plugins/overlay/browser.css,frontend/src/recovered/features/plugins/overlay/browser.style.swift,SwiftUI,direct-equivalent,mapped,,,
frontend/src/recovered/features/plugins/overlay/browser.tsx,native renderer / interaction surface,b-nnett/grok-bot-0.18-reconstructed@a9f633e09d49a85829b8236331b9e21f7e612634:frontend/src/recovered/features/plugins/overlay/browser.tsx,frontend/src/recovered/features/plugins/overlay/browser.view.swift,SwiftUI,direct-equivalent,mapped,,,
frontend/src/recovered/features/plugins/overlay/desktop-preview.tsx,native renderer / interaction surface,b-nnett/grok-bot-0.18-reconstructed@a9f633e09d49a85829b8236331b9e21f7e612634:frontend/src/recovered/features/plugins/overlay/desktop-preview.tsx,frontend/src/recovered/features/plugins/overlay/desktop-preview.view.swift,SwiftUI,direct-equivalent,mapped,,,
frontend/src/recovered/features/plugins/overlay/desktop-surface.tsx,native renderer / interaction surface,b-nnett/grok-bot-0.18-reconstructed@a9f633e09d49a85829b8236331b9e21f7e612634:frontend/src/recovered/features/plugins/overlay/desktop-surface.tsx,frontend/src/recovered/features/plugins/overlay/desktop-surface.view.swift,SwiftUI,direct-equivalent,mapped,,,
frontend/src/recovered/features/plugins/overlay/desktop.ts,native renderer / interaction surface,b-nnett/grok-bot-0.18-reconstructed@a9f633e09d49a85829b8236331b9e21f7e612634:frontend/src/recovered/features/plugins/overlay/desktop.ts,frontend/src/recovered/features/plugins/overlay/desktop.swift,SwiftUI,direct-equivalent,mapped,,,
frontend/src/recovered/features/plugins/overlay/entrypoint.ts,native renderer / interaction surface,b-nnett/grok-bot-0.18-reconstructed@a9f633e09d49a85829b8236331b9e21f7e612634:frontend/src/recovered/features/plugins/overlay/entrypoint.ts,frontend/src/recovered/features/plugins/overlay/entrypoint.swift,SwiftUI,direct-equivalent,mapped,,,
frontend/src/recovered/features/plugins/overlay/github-auth-banner.tsx,native renderer / interaction surface,b-nnett/grok-bot-0.18-reconstructed@a9f633e09d49a85829b8236331b9e21f7e612634:frontend/src/recovered/features/plugins/overlay/github-auth-banner.tsx,frontend/src/recovered/features/plugins/overlay/github-auth-banner.view.swift,SwiftUI,direct-equivalent,mapped,,,
frontend/src/recovered/features/plugins/overlay/github-auth.ts,native renderer / interaction surface,b-nnett/grok-bot-0.18-reconstructed@a9f633e09d49a85829b8236331b9e21f7e612634:frontend/src/recovered/features/plugins/overlay/github-auth.ts,frontend/src/recovered/features/plugins/overlay/github-auth.swift,SwiftUI,direct-equivalent,mapped,,,
frontend/src/recovered/features/plugins/overlay/model.ts,native renderer / interaction surface,b-nnett/grok-bot-0.18-reconstructed@a9f633e09d49a85829b8236331b9e21f7e612634:frontend/src/recovered/features/plugins/overlay/model.ts,frontend/src/recovered/features/plugins/overlay/model.swift,SwiftUI,direct-equivalent,mapped,,,
frontend/src/recovered/features/plugins/overlay/production-adapter.ts,native renderer / interaction surface,b-nnett/grok-bot-0.18-reconstructed@a9f633e09d49a85829b8236331b9e21f7e612634:frontend/src/recovered/features/plugins/overlay/production-adapter.ts,frontend/src/recovered/features/plugins/overlay/production-adapter.swift,SwiftUI,direct-equivalent,mapped,,,
frontend/src/recovered/features/plugins/overlay/server-tools.ts,native renderer / interaction surface,b-nnett/grok-bot-0.18-reconstructed@a9f633e09d49a85829b8236331b9e21f7e612634:frontend/src/recovered/features/plugins/overlay/server-tools.ts,frontend/src/recovered/features/plugins/overlay/server-tools.swift,SwiftUI + Swift,ios-adapted,implemented,mobile/ios/FabushiTests/SharedMcpManagerParityTests.swift;mobile/ios/FabushiTests/CoordinatorMcpSurfaceTests.swift,,Generic MCP server tool list and toggle now ship through CoordinatorMcpSurface plus the existing SandMcpManager with account fencing and Host-confirmed rollback semantics; exact-head CI pending.
frontend/src/recovered/features/plugins/overlay/view.tsx,native renderer / interaction surface,b-nnett/grok-bot-0.18-reconstructed@a9f633e09d49a85829b8236331b9e21f7e612634:frontend/src/recovered/features/plugins/overlay/view.tsx,frontend/src/recovered/features/plugins/overlay/view.view.swift,SwiftUI,direct-equivalent,mapped,,,
frontend/src/recovered/features/root-resilience/connection-state.ts,native renderer / interaction surface,b-nnett/grok-bot-0.18-reconstructed@a9f633e09d49a85829b8236331b9e21f7e612634:frontend/src/recovered/features/root-resilience/connection-state.ts,frontend/src/recovered/features/root-resilience/connection-state.swift,SwiftUI,direct-equivalent,mapped,,,
frontend/src/recovered/features/root-resilience/connection-state.tsx,native renderer / interaction surface,b-nnett/grok-bot-0.18-reconstructed@a9f633e09d49a85829b8236331b9e21f7e612634:frontend/src/recovered/features/root-resilience/connection-state.tsx,frontend/src/recovered/features/root-resilience/connection-state.view.swift,SwiftUI,direct-equivalent,mapped,,,
frontend/src/recovered/features/roster/access-readiness.ts,native renderer / interaction surface,b-nnett/grok-bot-0.18-reconstructed@a9f633e09d49a85829b8236331b9e21f7e612634:frontend/src/recovered/features/roster/access-readiness.ts,frontend/src/recovered/features/roster/access-readiness.swift,SwiftUI,direct-equivalent,mapped,,,
frontend/src/recovered/features/roster/privacy-blocked.tsx,native renderer / interaction surface,b-nnett/grok-bot-0.18-reconstructed@a9f633e09d49a85829b8236331b9e21f7e612634:frontend/src/recovered/features/roster/privacy-blocked.tsx,frontend/src/recovered/features/roster/privacy-blocked.view.swift,SwiftUI,direct-equivalent,mapped,,,
frontend/src/recovered/features/roster/reconnect-notice.tsx,native renderer / interaction surface,b-nnett/grok-bot-0.18-reconstructed@a9f633e09d49a85829b8236331b9e21f7e612634:frontend/src/recovered/features/roster/reconnect-notice.tsx,frontend/src/recovered/features/roster/reconnect-notice.view.swift,SwiftUI,direct-equivalent,mapped,,,
frontend/src/recovered/features/roster/selection-state.ts,native renderer / interaction surface,b-nnett/grok-bot-0.18-reconstructed@a9f633e09d49a85829b8236331b9e21f7e612634:frontend/src/recovered/features/roster/selection-state.ts,frontend/src/recovered/features/roster/selection-state.swift,SwiftUI,direct-equivalent,mapped,,,
frontend/src/recovered/features/roster/status.tsx,native renderer / interaction surface,b-nnett/grok-bot-0.18-reconstructed@a9f633e09d49a85829b8236331b9e21f7e612634:frontend/src/recovered/features/roster/status.tsx,frontend/src/recovered/features/roster/status.view.swift,SwiftUI,direct-equivalent,mapped,,,
frontend/src/recovered/features/runtime-theme-token-installer.ts,native renderer / interaction surface,b-nnett/grok-bot-0.18-reconstructed@a9f633e09d49a85829b8236331b9e21f7e612634:frontend/src/recovered/features/runtime-theme-token-installer.ts,frontend/src/recovered/features/runtime-theme-token-installer.swift,SwiftUI,direct-equivalent,mapped,,,
frontend/src/recovered/features/settings/overlay/auto-review.tsx,native renderer / interaction surface,b-nnett/grok-bot-0.18-reconstructed@a9f633e09d49a85829b8236331b9e21f7e612634:frontend/src/recovered/features/settings/overlay/auto-review.tsx,frontend/src/recovered/features/settings/overlay/auto-review.view.swift,SwiftUI,direct-equivalent,mapped,,,
frontend/src/recovered/features/settings/overlay/computer-view-internals.tsx,native renderer / interaction surface,b-nnett/grok-bot-0.18-reconstructed@a9f633e09d49a85829b8236331b9e21f7e612634:frontend/src/recovered/features/settings/overlay/computer-view-internals.tsx,frontend/src/recovered/features/settings/overlay/computer-view-internals.view.swift,SwiftUI,direct-equivalent,mapped,,,
frontend/src/recovered/features/settings/overlay/computer-view.tsx,native renderer / interaction surface,b-nnett/grok-bot-0.18-reconstructed@a9f633e09d49a85829b8236331b9e21f7e612634:frontend/src/recovered/features/settings/overlay/computer-view.tsx,frontend/src/recovered/features/settings/overlay/computer-view.view.swift,SwiftUI,direct-equivalent,mapped,,,
frontend/src/recovered/features/settings/overlay/computer.ts,native renderer / interaction surface,b-nnett/grok-bot-0.18-reconstructed@a9f633e09d49a85829b8236331b9e21f7e612634:frontend/src/recovered/features/settings/overlay/computer.ts,frontend/src/recovered/features/settings/overlay/computer.swift,SwiftUI,direct-equivalent,mapped,,,
frontend/src/recovered/features/settings/overlay/desktop-preview.tsx,native renderer / interaction surface,b-nnett/grok-bot-0.18-reconstructed@a9f633e09d49a85829b8236331b9e21f7e612634:frontend/src/recovered/features/settings/overlay/desktop-preview.tsx,frontend/src/recovered/features/settings/overlay/desktop-preview.view.swift,SwiftUI,direct-equivalent,mapped,,,
frontend/src/recovered/features/settings/overlay/desktop-surface.tsx,native renderer / interaction surface,b-nnett/grok-bot-0.18-reconstructed@a9f633e09d49a85829b8236331b9e21f7e612634:frontend/src/recovered/features/settings/overlay/desktop-surface.tsx,frontend/src/recovered/features/settings/overlay/desktop-surface.view.swift,SwiftUI,direct-equivalent,mapped,,,
frontend/src/recovered/features/settings/overlay/desktop.ts,native renderer / interaction surface,b-nnett/grok-bot-0.18-reconstructed@a9f633e09d49a85829b8236331b9e21f7e612634:frontend/src/recovered/features/settings/overlay/desktop.ts,frontend/src/recovered/features/settings/overlay/desktop.swift,SwiftUI,direct-equivalent,mapped,,,
frontend/src/recovered/features/settings/overlay/entrypoint.ts,native renderer / interaction surface,b-nnett/grok-bot-0.18-reconstructed@a9f633e09d49a85829b8236331b9e21f7e612634:frontend/src/recovered/features/settings/overlay/entrypoint.ts,frontend/src/recovered/features/settings/overlay/entrypoint.swift,SwiftUI,direct-equivalent,mapped,,,
frontend/src/recovered/features/settings/overlay/model.ts,native renderer / interaction surface,b-nnett/grok-bot-0.18-reconstructed@a9f633e09d49a85829b8236331b9e21f7e612634:frontend/src/recovered/features/settings/overlay/model.ts,frontend/src/recovered/features/settings/overlay/model.swift,SwiftUI,direct-equivalent,mapped,,,
frontend/src/recovered/features/settings/overlay/notice.tsx,native renderer / interaction surface,b-nnett/grok-bot-0.18-reconstructed@a9f633e09d49a85829b8236331b9e21f7e612634:frontend/src/recovered/features/settings/overlay/notice.tsx,frontend/src/recovered/features/settings/overlay/notice.view.swift,SwiftUI,direct-equivalent,mapped,,,
frontend/src/recovered/features/settings/overlay/panels.tsx,native renderer / interaction surface,b-nnett/grok-bot-0.18-reconstructed@a9f633e09d49a85829b8236331b9e21f7e612634:frontend/src/recovered/features/settings/overlay/panels.tsx,frontend/src/recovered/features/settings/overlay/panels.view.swift,SwiftUI,direct-equivalent,mapped,,,
frontend/src/recovered/features/settings/overlay/router.ts,native renderer / interaction surface,b-nnett/grok-bot-0.18-reconstructed@a9f633e09d49a85829b8236331b9e21f7e612634:frontend/src/recovered/features/settings/overlay/router.ts,frontend/src/recovered/features/settings/overlay/router.swift,SwiftUI,direct-equivalent,mapped,,,
frontend/src/recovered/features/settings/overlay/updates-controller.ts,native renderer / interaction surface,b-nnett/grok-bot-0.18-reconstructed@a9f633e09d49a85829b8236331b9e21f7e612634:frontend/src/recovered/features/settings/overlay/updates-controller.ts,frontend/src/recovered/features/settings/overlay/updates-controller.swift,SwiftUI,direct-equivalent,mapped,,,
frontend/src/recovered/features/settings/overlay/updates.ts,native renderer / interaction surface,b-nnett/grok-bot-0.18-reconstructed@a9f633e09d49a85829b8236331b9e21f7e612634:frontend/src/recovered/features/settings/overlay/updates.ts,frontend/src/recovered/features/settings/overlay/updates.swift,SwiftUI,direct-equivalent,mapped,,,
frontend/src/recovered/features/settings/overlay/view.css,native renderer / interaction surface,b-nnett/grok-bot-0.18-reconstructed@a9f633e09d49a85829b8236331b9e21f7e612634:frontend/src/recovered/features/settings/overlay/view.css,frontend/src/recovered/features/settings/overlay/view.style.swift,SwiftUI,direct-equivalent,mapped,,,
frontend/src/recovered/features/settings/overlay/view.tsx,native renderer / interaction surface,b-nnett/grok-bot-0.18-reconstructed@a9f633e09d49a85829b8236331b9e21f7e612634:frontend/src/recovered/features/settings/overlay/view.tsx,frontend/src/recovered/features/settings/overlay/view.view.swift,SwiftUI,direct-equivalent,mapped,,,
frontend/src/recovered/features/terminal/output/model.ts,native renderer / interaction surface,b-nnett/grok-bot-0.18-reconstructed@a9f633e09d49a85829b8236331b9e21f7e612634:frontend/src/recovered/features/terminal/output/model.ts,frontend/src/recovered/features/terminal/output/model.swift,SwiftUI,direct-equivalent,mapped,,,
frontend/src/recovered/features/terminal/output/view.tsx,native renderer / interaction surface,b-nnett/grok-bot-0.18-reconstructed@a9f633e09d49a85829b8236331b9e21f7e612634:frontend/src/recovered/features/terminal/output/view.tsx,frontend/src/recovered/features/terminal/output/view.view.swift,SwiftUI,direct-equivalent,mapped,,,
frontend/src/recovered/features/update/required/view.tsx,native renderer / interaction surface,b-nnett/grok-bot-0.18-reconstructed@a9f633e09d49a85829b8236331b9e21f7e612634:frontend/src/recovered/features/update/required/view.tsx,frontend/src/recovered/features/update/required/view.view.swift,SwiftUI,direct-equivalent,mapped,,,
frontend/src/recovered/features/update/status/pill.tsx,native renderer / interaction surface,b-nnett/grok-bot-0.18-reconstructed@a9f633e09d49a85829b8236331b9e21f7e612634:frontend/src/recovered/features/update/status/pill.tsx,frontend/src/recovered/features/update/status/pill.view.swift,SwiftUI,direct-equivalent,mapped,,,
frontend/src/recovered/features/window-chrome/app-alert/controller.ts,native renderer / interaction surface,b-nnett/grok-bot-0.18-reconstructed@a9f633e09d49a85829b8236331b9e21f7e612634:frontend/src/recovered/features/window-chrome/app-alert/controller.ts,frontend/src/recovered/features/window-chrome/app-alert/controller.swift,SwiftUI,direct-equivalent,mapped,,,
frontend/src/recovered/features/window-chrome/app-alert/view.tsx,native renderer / interaction surface,b-nnett/grok-bot-0.18-reconstructed@a9f633e09d49a85829b8236331b9e21f7e612634:frontend/src/recovered/features/window-chrome/app-alert/view.tsx,frontend/src/recovered/features/window-chrome/app-alert/view.view.swift,SwiftUI,direct-equivalent,mapped,,,
frontend/src/recovered/features/window-chrome/global-keyboard-shortcuts.ts,native renderer / interaction surface,b-nnett/grok-bot-0.18-reconstructed@a9f633e09d49a85829b8236331b9e21f7e612634:frontend/src/recovered/features/window-chrome/global-keyboard-shortcuts.ts,frontend/src/recovered/features/window-chrome/global-keyboard-shortcuts.swift,SwiftUI,direct-equivalent,mapped,,,
frontend/src/recovered/features/window-chrome/model.ts,native renderer / interaction surface,b-nnett/grok-bot-0.18-reconstructed@a9f633e09d49a85829b8236331b9e21f7e612634:frontend/src/recovered/features/window-chrome/model.ts,frontend/src/recovered/features/window-chrome/model.swift,SwiftUI,direct-equivalent,mapped,,,
frontend/src/recovered/features/window-chrome/notification-host.css,native renderer / interaction surface,b-nnett/grok-bot-0.18-reconstructed@a9f633e09d49a85829b8236331b9e21f7e612634:frontend/src/recovered/features/window-chrome/notification-host.css,frontend/src/recovered/features/window-chrome/notification-host.style.swift,SwiftUI,direct-equivalent,mapped,,,
frontend/src/recovered/features/window-chrome/notification-host.tsx,native renderer / interaction surface,b-nnett/grok-bot-0.18-reconstructed@a9f633e09d49a85829b8236331b9e21f7e612634:frontend/src/recovered/features/window-chrome/notification-host.tsx,frontend/src/recovered/features/window-chrome/notification-host.view.swift,SwiftUI,direct-equivalent,mapped,,,
frontend/src/recovered/features/window-chrome/root-shell-state.css,native renderer / interaction surface,b-nnett/grok-bot-0.18-reconstructed@a9f633e09d49a85829b8236331b9e21f7e612634:frontend/src/recovered/features/window-chrome/root-shell-state.css,frontend/src/recovered/features/window-chrome/root-shell-state.style.swift,SwiftUI,direct-equivalent,mapped,,,
frontend/src/recovered/features/window-chrome/root-shell-state.tsx,native renderer / interaction surface,b-nnett/grok-bot-0.18-reconstructed@a9f633e09d49a85829b8236331b9e21f7e612634:frontend/src/recovered/features/window-chrome/root-shell-state.tsx,frontend/src/recovered/features/window-chrome/root-shell-state.view.swift,SwiftUI,direct-equivalent,mapped,,,
frontend/src/recovered/features/window-chrome/status-badge.css,native renderer / interaction surface,b-nnett/grok-bot-0.18-reconstructed@a9f633e09d49a85829b8236331b9e21f7e612634:frontend/src/recovered/features/window-chrome/status-badge.css,frontend/src/recovered/features/window-chrome/status-badge.style.swift,SwiftUI,direct-equivalent,mapped,,,
frontend/src/recovered/features/window-chrome/status-badge.tsx,native renderer / interaction surface,b-nnett/grok-bot-0.18-reconstructed@a9f633e09d49a85829b8236331b9e21f7e612634:frontend/src/recovered/features/window-chrome/status-badge.tsx,frontend/src/recovered/features/window-chrome/status-badge.view.swift,SwiftUI,direct-equivalent,mapped,,,
frontend/src/recovered/features/window-chrome/view.css,native renderer / interaction surface,b-nnett/grok-bot-0.18-reconstructed@a9f633e09d49a85829b8236331b9e21f7e612634:frontend/src/recovered/features/window-chrome/view.css,frontend/src/recovered/features/window-chrome/view.style.swift,SwiftUI,direct-equivalent,mapped,,,
frontend/src/recovered/features/window-chrome/view.tsx,native renderer / interaction surface,b-nnett/grok-bot-0.18-reconstructed@a9f633e09d49a85829b8236331b9e21f7e612634:frontend/src/recovered/features/window-chrome/view.tsx,frontend/src/recovered/features/window-chrome/view.view.swift,SwiftUI,direct-equivalent,mapped,,,
frontend/src/recovered/features/window-chrome/workspace-indicator.css,native renderer / interaction surface,b-nnett/grok-bot-0.18-reconstructed@a9f633e09d49a85829b8236331b9e21f7e612634:frontend/src/recovered/features/window-chrome/workspace-indicator.css,frontend/src/recovered/features/window-chrome/workspace-indicator.style.swift,SwiftUI,direct-equivalent,mapped,,,
frontend/src/recovered/features/window-chrome/workspace-indicator.tsx,native renderer / interaction surface,b-nnett/grok-bot-0.18-reconstructed@a9f633e09d49a85829b8236331b9e21f7e612634:frontend/src/recovered/features/window-chrome/workspace-indicator.tsx,frontend/src/recovered/features/window-chrome/workspace-indicator.view.swift,SwiftUI,direct-equivalent,mapped,,,
frontend/src/recovered/runtime/async-action.ts,native renderer / interaction surface,b-nnett/grok-bot-0.18-reconstructed@a9f633e09d49a85829b8236331b9e21f7e612634:frontend/src/recovered/runtime/async-action.ts,frontend/src/recovered/runtime/async-action.swift,SwiftUI,direct-equivalent,mapped,,,
frontend/src/recovered/runtime/coordinator-source-claimant.ts,native renderer / interaction surface,b-nnett/grok-bot-0.18-reconstructed@a9f633e09d49a85829b8236331b9e21f7e612634:frontend/src/recovered/runtime/coordinator-source-claimant.ts,frontend/src/recovered/runtime/coordinator-source-claimant.swift,SwiftUI,direct-equivalent,mapped,,,
frontend/src/recovered/runtime/coordinator-source.ts,native renderer / interaction surface,b-nnett/grok-bot-0.18-reconstructed@a9f633e09d49a85829b8236331b9e21f7e612634:frontend/src/recovered/runtime/coordinator-source.ts,frontend/src/recovered/runtime/coordinator-source.swift,SwiftUI,direct-equivalent,mapped,,,
frontend/src/recovered/runtime/define-entrypoint.ts,native renderer / interaction surface,b-nnett/grok-bot-0.18-reconstructed@a9f633e09d49a85829b8236331b9e21f7e612634:frontend/src/recovered/runtime/define-entrypoint.ts,frontend/src/recovered/runtime/define-entrypoint.swift,SwiftUI,direct-equivalent,mapped,,,
frontend/src/recovered/runtime/entrypoints.ts,native renderer / interaction surface,b-nnett/grok-bot-0.18-reconstructed@a9f633e09d49a85829b8236331b9e21f7e612634:frontend/src/recovered/runtime/entrypoints.ts,frontend/src/recovered/runtime/entrypoints.swift,SwiftUI,direct-equivalent,mapped,,,
frontend/src/recovered/runtime/snapshot-store.ts,native renderer / interaction surface,b-nnett/grok-bot-0.18-reconstructed@a9f633e09d49a85829b8236331b9e21f7e612634:frontend/src/recovered/runtime/snapshot-store.ts,frontend/src/recovered/runtime/snapshot-store.swift,SwiftUI,direct-equivalent,mapped,,,
frontend/src/recovered/runtime/source-boundary.ts,native renderer / interaction surface,b-nnett/grok-bot-0.18-reconstructed@a9f633e09d49a85829b8236331b9e21f7e612634:frontend/src/recovered/runtime/source-boundary.ts,frontend/src/recovered/runtime/source-boundary.swift,SwiftUI,direct-equivalent,mapped,,,
frontend/src/recovered/ui/movable-panel.ts,native renderer / interaction surface,b-nnett/grok-bot-0.18-reconstructed@a9f633e09d49a85829b8236331b9e21f7e612634:frontend/src/recovered/ui/movable-panel.ts,frontend/src/recovered/ui/movable-panel.swift,SwiftUI,direct-equivalent,mapped,,,
frontend/src/recovered/ui/overlay-primitives.tsx,native renderer / interaction surface,b-nnett/grok-bot-0.18-reconstructed@a9f633e09d49a85829b8236331b9e21f7e612634:frontend/src/recovered/ui/overlay-primitives.tsx,frontend/src/recovered/ui/overlay-primitives.view.swift,SwiftUI,direct-equivalent,mapped,,,
frontend/src/recovered/ui/sand-floating-primitives.css,native renderer / interaction surface,b-nnett/grok-bot-0.18-reconstructed@a9f633e09d49a85829b8236331b9e21f7e612634:frontend/src/recovered/ui/sand-floating-primitives.css,frontend/src/recovered/ui/sand-floating-primitives.style.swift,SwiftUI,direct-equivalent,mapped,,,
frontend/src/recovered/ui/sand-floating-primitives.tsx,native renderer / interaction surface,b-nnett/grok-bot-0.18-reconstructed@a9f633e09d49a85829b8236331b9e21f7e612634:frontend/src/recovered/ui/sand-floating-primitives.tsx,frontend/src/recovered/ui/sand-floating-primitives.view.swift,SwiftUI,direct-equivalent,mapped,,,
frontend/src/recovered/ui/sand-form-primitives.css,native renderer / interaction surface,b-nnett/grok-bot-0.18-reconstructed@a9f633e09d49a85829b8236331b9e21f7e612634:frontend/src/recovered/ui/sand-form-primitives.css,frontend/src/recovered/ui/sand-form-primitives.style.swift,SwiftUI,direct-equivalent,mapped,,,
frontend/src/recovered/ui/sand-form-primitives.tsx,native renderer / interaction surface,b-nnett/grok-bot-0.18-reconstructed@a9f633e09d49a85829b8236331b9e21f7e612634:frontend/src/recovered/ui/sand-form-primitives.tsx,frontend/src/recovered/ui/sand-form-primitives.view.swift,SwiftUI,direct-equivalent,mapped,,,
frontend/src/recovered/ui/sand-icon-registry.ts,native renderer / interaction surface,b-nnett/grok-bot-0.18-reconstructed@a9f633e09d49a85829b8236331b9e21f7e612634:frontend/src/recovered/ui/sand-icon-registry.ts,frontend/src/recovered/ui/sand-icon-registry.swift,SwiftUI,direct-equivalent,mapped,,,
frontend/src/recovered/ui/sand-kit-primitives.css,native renderer / interaction surface,b-nnett/grok-bot-0.18-reconstructed@a9f633e09d49a85829b8236331b9e21f7e612634:frontend/src/recovered/ui/sand-kit-primitives.css,frontend/src/recovered/ui/sand-kit-primitives.style.swift,SwiftUI,direct-equivalent,mapped,,,
frontend/src/recovered/ui/sand-kit-primitives.tsx,native renderer / interaction surface,b-nnett/grok-bot-0.18-reconstructed@a9f633e09d49a85829b8236331b9e21f7e612634:frontend/src/recovered/ui/sand-kit-primitives.tsx,frontend/src/recovered/ui/sand-kit-primitives.view.swift,SwiftUI,direct-equivalent,mapped,,,
frontend/src/recovered/ui/sand-menu-item.css,native renderer / interaction surface,b-nnett/grok-bot-0.18-reconstructed@a9f633e09d49a85829b8236331b9e21f7e612634:frontend/src/recovered/ui/sand-menu-item.css,frontend/src/recovered/ui/sand-menu-item.style.swift,SwiftUI,direct-equivalent,mapped,,,
frontend/src/recovered/ui/sand-menu-item.tsx,native renderer / interaction surface,b-nnett/grok-bot-0.18-reconstructed@a9f633e09d49a85829b8236331b9e21f7e612634:frontend/src/recovered/ui/sand-menu-item.tsx,frontend/src/recovered/ui/sand-menu-item.view.swift,SwiftUI,direct-equivalent,mapped,,,
frontend/src/recovered/ui/sand-status-primitives.css,native renderer / interaction surface,b-nnett/grok-bot-0.18-reconstructed@a9f633e09d49a85829b8236331b9e21f7e612634:frontend/src/recovered/ui/sand-status-primitives.css,frontend/src/recovered/ui/sand-status-primitives.style.swift,SwiftUI,direct-equivalent,mapped,,,
frontend/src/recovered/ui/sand-status-primitives.tsx,native renderer / interaction surface,b-nnett/grok-bot-0.18-reconstructed@a9f633e09d49a85829b8236331b9e21f7e612634:frontend/src/recovered/ui/sand-status-primitives.tsx,frontend/src/recovered/ui/sand-status-primitives.view.swift,SwiftUI,direct-equivalent,mapped,,,
frontend/src/upstream.ts,native renderer / interaction surface,b-nnett/grok-bot-0.18-reconstructed@a9f633e09d49a85829b8236331b9e21f7e612634:frontend/src/upstream.ts,frontend/src/upstream.swift,SwiftUI,direct-equivalent,mapped,,,
frontend/tsconfig.json,native renderer / interaction surface,b-nnett/grok-bot-0.18-reconstructed@a9f633e09d49a85829b8236331b9e21f7e612634:frontend/tsconfig.json,frontend/tsconfig.json,SwiftUI,direct-equivalent,mapped,,,
frontend/vite.config.ts,native renderer / interaction surface,b-nnett/grok-bot-0.18-reconstructed@a9f633e09d49a85829b8236331b9e21f7e612634:frontend/vite.config.ts,frontend/vite.config.swift,SwiftUI,direct-equivalent,mapped,,,
source/box-exec-daemon/cli.ts,remote/box Runner adapter,b-nnett/grok-bot-0.18-reconstructed@a9f633e09d49a85829b8236331b9e21f7e612634:source/box-exec-daemon/cli.ts,source/box-exec-daemon/cli.swift,Swift,ios-adapted,implemented,mobile/ios/FabushiTests/RunnerParityTests.swift,,Desktop/Node responsibility is preserved with an iOS-native API/lifecycle implementation.
source/box-exec-daemon/main.ts,remote/box Runner adapter,b-nnett/grok-bot-0.18-reconstructed@a9f633e09d49a85829b8236331b9e21f7e612634:source/box-exec-daemon/main.ts,source/box-exec-daemon/RemoteRunner.swift,Swift,ios-adapted,implemented,,,Desktop box execution is delegated through a coordinator-owned Remote Runner transport; no renderer/preload back-edge or on-device shell emulation.
source/box-exec-daemon/server.ts,remote/box Runner adapter,b-nnett/grok-bot-0.18-reconstructed@a9f633e09d49a85829b8236331b9e21f7e612634:source/box-exec-daemon/server.ts,source/box-exec-daemon/server.swift,Swift,ios-adapted,implemented,mobile/ios/FabushiTests/RunnerParityTests.swift,,Desktop/Node responsibility is preserved with an iOS-native API/lifecycle implementation.
source/electron-dev-controls/main.ts,debug-only iOS dev controls,b-nnett/grok-bot-0.18-reconstructed@a9f633e09d49a85829b8236331b9e21f7e612634:source/electron-dev-controls/main.ts,source/ios-dev-controls/IOSDevControls.swift,Swift,ios-adapted,implemented,,,"Electron-only dev controls are classified as local, Remote Runner, or explicitly unavailable on iOS."
source/electron-main/account/access.ts,iOS platform-main lifecycle/capability adapter,b-nnett/grok-bot-0.18-reconstructed@a9f633e09d49a85829b8236331b9e21f7e612634:source/electron-main/account/access.ts,source/ios-main/account/access.swift,Swift,ios-adapted,mapped,,,Desktop/Node responsibility is preserved with an iOS-native API/lifecycle implementation.
source/electron-main/account/account-authorization.ts,iOS platform-main lifecycle/capability adapter,b-nnett/grok-bot-0.18-reconstructed@a9f633e09d49a85829b8236331b9e21f7e612634:source/electron-main/account/account-authorization.ts,source/ios-main/account/account-authorization.swift,Swift,ios-adapted,implemented,mobile/ios/FabushiTests/CoordinatorAdapterTests.swift::testIOSAccountAuthorizerAdoptsOnlySettledHostScope; mobile/ios/FabushiTests/CoordinatorAdapterTests.swift::testIOSMainRuntimeProjectsRealRustAuthSessionIntoCoordinatorSettingsScope,,Rust Feature Host owns credential/session authorization and stable account identity; iOS main adopts or clears Coordinator settings scope only after a successful settled Host auth reply, avoiding a second Swift auth source.
source/electron-main/account/cursor-auth-wiring.ts,iOS platform-main lifecycle/capability adapter,b-nnett/grok-bot-0.18-reconstructed@a9f633e09d49a85829b8236331b9e21f7e612634:source/electron-main/account/cursor-auth-wiring.ts,source/ios-main/account/cursor-auth-wiring.swift,Swift,ios-adapted,mapped,,,Desktop/Node responsibility is preserved with an iOS-native API/lifecycle implementation.
source/electron-main/account/cursor-auth.ts,iOS platform-main lifecycle/capability adapter,b-nnett/grok-bot-0.18-reconstructed@a9f633e09d49a85829b8236331b9e21f7e612634:source/electron-main/account/cursor-auth.ts,source/ios-main/account/cursor-auth.swift,Swift,ios-adapted,mapped,,,Desktop/Node responsibility is preserved with an iOS-native API/lifecycle implementation.
source/electron-main/account/cursor-avatar.ts,iOS platform-main lifecycle/capability adapter,b-nnett/grok-bot-0.18-reconstructed@a9f633e09d49a85829b8236331b9e21f7e612634:source/electron-main/account/cursor-avatar.ts,source/ios-main/account/cursor-avatar.swift,Swift,ios-adapted,mapped,,,Desktop/Node responsibility is preserved with an iOS-native API/lifecycle implementation.
source/electron-main/account/cursor-machine-id.ts,iOS platform-main lifecycle/capability adapter,b-nnett/grok-bot-0.18-reconstructed@a9f633e09d49a85829b8236331b9e21f7e612634:source/electron-main/account/cursor-machine-id.ts,source/ios-main/account/cursor-machine-id.swift,Swift,ios-adapted,implemented,mobile/ios/FabushiTests/IOSMainPolicyParityTests.swift,,iOS-owned machine identity preserves the encrypted-storage settle/double-read/create/write contract behind a native secret-store port; Keychain production binding remains a separate platform wiring step before verification.
source/electron-main/account/cursor-pr-review.ts,iOS platform-main lifecycle/capability adapter,b-nnett/grok-bot-0.18-reconstructed@a9f633e09d49a85829b8236331b9e21f7e612634:source/electron-main/account/cursor-pr-review.ts,source/ios-main/account/cursor-pr-review.swift,Swift,ios-adapted,mapped,,,Desktop/Node responsibility is preserved with an iOS-native API/lifecycle implementation.
source/electron-main/account/cursor-profile.ts,iOS platform-main lifecycle/capability adapter,b-nnett/grok-bot-0.18-reconstructed@a9f633e09d49a85829b8236331b9e21f7e612634:source/electron-main/account/cursor-profile.ts,source/ios-main/account/cursor-profile.swift,Swift,ios-adapted,mapped,,,Desktop/Node responsibility is preserved with an iOS-native API/lifecycle implementation.
source/electron-main/account/cursor-transcribe.ts,iOS platform-main lifecycle/capability adapter,b-nnett/grok-bot-0.18-reconstructed@a9f633e09d49a85829b8236331b9e21f7e612634:source/electron-main/account/cursor-transcribe.ts,source/ios-main/account/cursor-transcribe.swift,Swift,ios-adapted,mapped,,,Desktop/Node responsibility is preserved with an iOS-native API/lifecycle implementation.
source/electron-main/account/env-descriptor-account-binding.ts,iOS platform-main lifecycle/capability adapter,b-nnett/grok-bot-0.18-reconstructed@a9f633e09d49a85829b8236331b9e21f7e612634:source/electron-main/account/env-descriptor-account-binding.ts,source/ios-main/account/env-descriptor-account-binding.swift,Swift,ios-adapted,mapped,,,Desktop/Node responsibility is preserved with an iOS-native API/lifecycle implementation.
source/electron-main/account/production-account-authorization.ts,iOS platform-main lifecycle/capability adapter,b-nnett/grok-bot-0.18-reconstructed@a9f633e09d49a85829b8236331b9e21f7e612634:source/electron-main/account/production-account-authorization.ts,source/ios-main/account/production-account-authorization.swift,Swift,ios-adapted,mapped,,,Desktop/Node responsibility is preserved with an iOS-native API/lifecycle implementation.
source/electron-main/account/session-funnel-telemetry.ts,iOS platform-main lifecycle/capability adapter,b-nnett/grok-bot-0.18-reconstructed@a9f633e09d49a85829b8236331b9e21f7e612634:source/electron-main/account/session-funnel-telemetry.ts,source/ios-main/account/session-funnel-telemetry.swift,Swift,ios-adapted,mapped,,,Desktop/Node responsibility is preserved with an iOS-native API/lifecycle implementation.
source/electron-main/account/session-settlement-shipper.ts,iOS platform-main lifecycle/capability adapter,b-nnett/grok-bot-0.18-reconstructed@a9f633e09d49a85829b8236331b9e21f7e612634:source/electron-main/account/session-settlement-shipper.ts,source/ios-main/account/session-settlement-shipper.swift,Swift,ios-adapted,mapped,,,Desktop/Node responsibility is preserved with an iOS-native API/lifecycle implementation.
source/electron-main/account/signin-funnel-telemetry.ts,iOS platform-main lifecycle/capability adapter,b-nnett/grok-bot-0.18-reconstructed@a9f633e09d49a85829b8236331b9e21f7e612634:source/electron-main/account/signin-funnel-telemetry.ts,source/ios-main/account/signin-funnel-telemetry.swift,Swift,ios-adapted,mapped,,,Desktop/Node responsibility is preserved with an iOS-native API/lifecycle implementation.
source/electron-main/adapters/account-edge.ts,iOS platform-main lifecycle/capability adapter,b-nnett/grok-bot-0.18-reconstructed@a9f633e09d49a85829b8236331b9e21f7e612634:source/electron-main/adapters/account-edge.ts,source/ios-main/adapters/account-edge.swift,Swift,ios-adapted,mapped,,,Desktop/Node responsibility is preserved with an iOS-native API/lifecycle implementation.
source/electron-main/adapters/account-oauth.ts,iOS platform-main lifecycle/capability adapter,b-nnett/grok-bot-0.18-reconstructed@a9f633e09d49a85829b8236331b9e21f7e612634:source/electron-main/adapters/account-oauth.ts,source/ios-main/adapters/account-oauth.swift,Swift,ios-adapted,mapped,,,Desktop/Node responsibility is preserved with an iOS-native API/lifecycle implementation.
source/electron-main/adapters/attachment-gateway.ts,iOS platform-main lifecycle/capability adapter,b-nnett/grok-bot-0.18-reconstructed@a9f633e09d49a85829b8236331b9e21f7e612634:source/electron-main/adapters/attachment-gateway.ts,source/ios-main/adapters/attachment-gateway.swift,Swift,ios-adapted,mapped,,,Desktop/Node responsibility is preserved with an iOS-native API/lifecycle implementation.
source/electron-main/adapters/avatar-images.ts,iOS platform-main lifecycle/capability adapter,b-nnett/grok-bot-0.18-reconstructed@a9f633e09d49a85829b8236331b9e21f7e612634:source/electron-main/adapters/avatar-images.ts,source/ios-main/adapters/avatar-images.swift,Swift,ios-adapted,mapped,,,Desktop/Node responsibility is preserved with an iOS-native API/lifecycle implementation.
source/electron-main/adapters/coordinator-gateway.ts,iOS platform-main lifecycle/capability adapter,b-nnett/grok-bot-0.18-reconstructed@a9f633e09d49a85829b8236331b9e21f7e612634:source/electron-main/adapters/coordinator-gateway.ts,source/ios-main/adapters/coordinator-gateway.swift,Swift,ios-adapted,mapped,,,Desktop/Node responsibility is preserved with an iOS-native API/lifecycle implementation.
source/electron-main/adapters/coordinator-native.ts,iOS platform-main lifecycle/capability adapter,b-nnett/grok-bot-0.18-reconstructed@a9f633e09d49a85829b8236331b9e21f7e612634:source/electron-main/adapters/coordinator-native.ts,source/ios-main/adapters/coordinator-native.swift,Swift,ios-adapted,mapped,,,Desktop/Node responsibility is preserved with an iOS-native API/lifecycle implementation.
source/electron-main/adapters/EVIDENCE.md,iOS platform-main lifecycle/capability adapter,b-nnett/grok-bot-0.18-reconstructed@a9f633e09d49a85829b8236331b9e21f7e612634:source/electron-main/adapters/EVIDENCE.md,source/ios-main/adapters/EVIDENCE.md,Swift,ios-adapted,mapped,,,Desktop/Node responsibility is preserved with an iOS-native API/lifecycle implementation.
source/electron-main/adapters/experiments.ts,iOS platform-main lifecycle/capability adapter,b-nnett/grok-bot-0.18-reconstructed@a9f633e09d49a85829b8236331b9e21f7e612634:source/electron-main/adapters/experiments.ts,source/ios-main/adapters/experiments.swift,Swift,ios-adapted,mapped,,,Desktop/Node responsibility is preserved with an iOS-native API/lifecycle implementation.
source/electron-main/adapters/index.ts,iOS platform-main lifecycle/capability adapter,b-nnett/grok-bot-0.18-reconstructed@a9f633e09d49a85829b8236331b9e21f7e612634:source/electron-main/adapters/index.ts,source/ios-main/adapters/index.swift,Swift,ios-adapted,not-applicable,scripts/check-grok-ios-architecture.py,,Reviewed not-applicable re-export barrel: the pinned file contains only TypeScript exports. Swift compiles concrete iOS production adapters directly and needs no index module.
source/electron-main/adapters/ipc.ts,iOS platform-main lifecycle/capability adapter,b-nnett/grok-bot-0.18-reconstructed@a9f633e09d49a85829b8236331b9e21f7e612634:source/electron-main/adapters/ipc.ts,source/ios-main/adapters/ipc.swift,Swift,ios-adapted,mapped,,,Desktop/Node responsibility is preserved with an iOS-native API/lifecycle implementation.
source/electron-main/adapters/main-rpc.ts,iOS platform-main lifecycle/capability adapter,b-nnett/grok-bot-0.18-reconstructed@a9f633e09d49a85829b8236331b9e21f7e612634:source/electron-main/adapters/main-rpc.ts,source/ios-main/adapters/main-rpc.swift,Swift,ios-adapted,mapped,,,Desktop/Node responsibility is preserved with an iOS-native API/lifecycle implementation.
source/electron-main/adapters/mcp-oauth.ts,iOS platform-main lifecycle/capability adapter,b-nnett/grok-bot-0.18-reconstructed@a9f633e09d49a85829b8236331b9e21f7e612634:source/electron-main/adapters/mcp-oauth.ts,source/ios-main/adapters/mcp-oauth.swift,Swift,ios-adapted,mapped,,,Desktop/Node responsibility is preserved with an iOS-native API/lifecycle implementation.
source/electron-main/adapters/production-experiments-binding.ts,iOS platform-main lifecycle/capability adapter,b-nnett/grok-bot-0.18-reconstructed@a9f633e09d49a85829b8236331b9e21f7e612634:source/electron-main/adapters/production-experiments-binding.ts,source/ios-main/adapters/production-experiments-binding.swift,Swift,ios-adapted,mapped,,,Desktop/Node responsibility is preserved with an iOS-native API/lifecycle implementation.
source/electron-main/adapters/provider-guards.ts,iOS platform-main lifecycle/capability adapter,b-nnett/grok-bot-0.18-reconstructed@a9f633e09d49a85829b8236331b9e21f7e612634:source/electron-main/adapters/provider-guards.ts,source/ios-main/adapters/provider-guards.swift,Swift,ios-adapted,mapped,,,Desktop/Node responsibility is preserved with an iOS-native API/lifecycle implementation.
source/electron-main/adapters/telemetry.ts,iOS platform-main lifecycle/capability adapter,b-nnett/grok-bot-0.18-reconstructed@a9f633e09d49a85829b8236331b9e21f7e612634:source/electron-main/adapters/telemetry.ts,source/ios-main/adapters/telemetry.swift,Swift,ios-adapted,mapped,,,Desktop/Node responsibility is preserved with an iOS-native API/lifecycle implementation.
source/electron-main/application-menu.ts,iOS platform-main lifecycle/capability adapter,b-nnett/grok-bot-0.18-reconstructed@a9f633e09d49a85829b8236331b9e21f7e612634:source/electron-main/application-menu.ts,source/ios-main/application-menu.swift,Swift,ios-adapted,mapped,,,Desktop/Node responsibility is preserved with an iOS-native API/lifecycle implementation.
source/electron-main/attachments/attachment-manager.ts,iOS platform-main lifecycle/capability adapter,b-nnett/grok-bot-0.18-reconstructed@a9f633e09d49a85829b8236331b9e21f7e612634:source/electron-main/attachments/attachment-manager.ts,source/ios-main/attachments/attachment-manager.swift,Swift,ios-adapted,mapped,,,Desktop/Node responsibility is preserved with an iOS-native API/lifecycle implementation.
source/electron-main/attachments/attachments.ts,iOS platform-main lifecycle/capability adapter,b-nnett/grok-bot-0.18-reconstructed@a9f633e09d49a85829b8236331b9e21f7e612634:source/electron-main/attachments/attachments.ts,source/ios-main/attachments/attachments.swift,Swift,ios-adapted,mapped,,,Desktop/Node responsibility is preserved with an iOS-native API/lifecycle implementation.
source/electron-main/auth/auth-callback-registration.ts,iOS platform-main lifecycle/capability adapter,b-nnett/grok-bot-0.18-reconstructed@a9f633e09d49a85829b8236331b9e21f7e612634:source/electron-main/auth/auth-callback-registration.ts,source/ios-main/auth/auth-callback-registration.swift,Swift,ios-adapted,implemented,mobile/ios/FabushiTests/IOSLifecycleParityTests.swift,,iOS registers callback schemes statically in the signed Info.plist; the production FabushiRuntime now fail-closed validates the fabushi scheme while FabushiSceneRoot forwards custom-scheme and universal-link callbacks through IOSDeepLinkController instead of emulating Electron protocol mutation.
source/electron-main/box/box-client-pause.ts,iOS platform-main lifecycle/capability adapter,b-nnett/grok-bot-0.18-reconstructed@a9f633e09d49a85829b8236331b9e21f7e612634:source/electron-main/box/box-client-pause.ts,source/ios-main/box/box-client-pause.swift,Swift,ios-adapted,mapped,,,Desktop/Node responsibility is preserved with an iOS-native API/lifecycle implementation.
source/electron-main/box/box-host-connector.ts,iOS platform-main lifecycle/capability adapter,b-nnett/grok-bot-0.18-reconstructed@a9f633e09d49a85829b8236331b9e21f7e612634:source/electron-main/box/box-host-connector.ts,source/ios-main/box/box-host-connector.swift,Swift,ios-adapted,mapped,,,Desktop/Node responsibility is preserved with an iOS-native API/lifecycle implementation.
source/electron-main/box/box-migration-watcher.ts,iOS platform-main lifecycle/capability adapter,b-nnett/grok-bot-0.18-reconstructed@a9f633e09d49a85829b8236331b9e21f7e612634:source/electron-main/box/box-migration-watcher.ts,source/ios-main/box/box-migration-watcher.swift,Swift,ios-adapted,mapped,,,Desktop/Node responsibility is preserved with an iOS-native API/lifecycle implementation.
source/electron-main/box/box-recovery.ts,iOS platform-main lifecycle/capability adapter,b-nnett/grok-bot-0.18-reconstructed@a9f633e09d49a85829b8236331b9e21f7e612634:source/electron-main/box/box-recovery.ts,source/ios-main/box/box-recovery.swift,Swift,ios-adapted,mapped,,,Desktop/Node responsibility is preserved with an iOS-native API/lifecycle implementation.
source/electron-main/box/box-recreate-commands.ts,iOS platform-main lifecycle/capability adapter,b-nnett/grok-bot-0.18-reconstructed@a9f633e09d49a85829b8236331b9e21f7e612634:source/electron-main/box/box-recreate-commands.ts,source/ios-main/box/box-recreate-commands.swift,Swift,ios-adapted,mapped,,,Desktop/Node responsibility is preserved with an iOS-native API/lifecycle implementation.
source/electron-main/box/box-visibility-sink.ts,iOS platform-main lifecycle/capability adapter,b-nnett/grok-bot-0.18-reconstructed@a9f633e09d49a85829b8236331b9e21f7e612634:source/electron-main/box/box-visibility-sink.ts,source/ios-main/box/box-visibility-sink.swift,Swift,ios-adapted,mapped,,,Desktop/Node responsibility is preserved with an iOS-native API/lifecycle implementation.
source/electron-main/box/box-visibility-telemetry.ts,iOS platform-main lifecycle/capability adapter,b-nnett/grok-bot-0.18-reconstructed@a9f633e09d49a85829b8236331b9e21f7e612634:source/electron-main/box/box-visibility-telemetry.ts,source/ios-main/box/box-visibility-telemetry.swift,Swift,ios-adapted,mapped,,,Desktop/Node responsibility is preserved with an iOS-native API/lifecycle implementation.
source/electron-main/box/egress-tunnel-wiring.ts,iOS platform-main lifecycle/capability adapter,b-nnett/grok-bot-0.18-reconstructed@a9f633e09d49a85829b8236331b9e21f7e612634:source/electron-main/box/egress-tunnel-wiring.ts,source/ios-main/box/egress-tunnel-wiring.swift,Swift,ios-adapted,mapped,,,Desktop/Node responsibility is preserved with an iOS-native API/lifecycle implementation.
source/electron-main/box/gateway-descriptor-cache.ts,iOS platform-main lifecycle/capability adapter,b-nnett/grok-bot-0.18-reconstructed@a9f633e09d49a85829b8236331b9e21f7e612634:source/electron-main/box/gateway-descriptor-cache.ts,source/ios-main/box/gateway-descriptor-cache.swift,Swift,ios-adapted,mapped,,,Desktop/Node responsibility is preserved with an iOS-native API/lifecycle implementation.
source/electron-main/box/gateway-descriptor-store.ts,iOS platform-main lifecycle/capability adapter,b-nnett/grok-bot-0.18-reconstructed@a9f633e09d49a85829b8236331b9e21f7e612634:source/electron-main/box/gateway-descriptor-store.ts,source/ios-main/box/gateway-descriptor-store.swift,Swift,ios-adapted,mapped,,,Desktop/Node responsibility is preserved with an iOS-native API/lifecycle implementation.
source/electron-main/box/local-docker-host-connector.ts,iOS platform-main lifecycle/capability adapter,b-nnett/grok-bot-0.18-reconstructed@a9f633e09d49a85829b8236331b9e21f7e612634:source/electron-main/box/local-docker-host-connector.ts,source/ios-main/box/local-docker-host-connector.swift,Swift,ios-adapted,mapped,,,Desktop/Node responsibility is preserved with an iOS-native API/lifecycle implementation.
source/electron-main/box/remote-connector-egress.ts,iOS platform-main lifecycle/capability adapter,b-nnett/grok-bot-0.18-reconstructed@a9f633e09d49a85829b8236331b9e21f7e612634:source/electron-main/box/remote-connector-egress.ts,source/ios-main/box/remote-connector-egress.swift,Swift,ios-adapted,mapped,,,Desktop/Node responsibility is preserved with an iOS-native API/lifecycle implementation.
source/electron-main/coordinator/account-revoke.ts,iOS platform-main lifecycle/capability adapter,b-nnett/grok-bot-0.18-reconstructed@a9f633e09d49a85829b8236331b9e21f7e612634:source/electron-main/coordinator/account-revoke.ts,source/ios-main/coordinator/account-revoke.swift,Swift,ios-adapted,implemented,,,Desktop/Node responsibility is preserved with an iOS-native API/lifecycle implementation.
source/electron-main/coordinator/account-transition-cleanup.ts,iOS platform-main lifecycle/capability adapter,b-nnett/grok-bot-0.18-reconstructed@a9f633e09d49a85829b8236331b9e21f7e612634:source/electron-main/coordinator/account-transition-cleanup.ts,source/ios-main/coordinator/account-transition-cleanup.swift,Swift,ios-adapted,implemented,mobile/ios/FabushiTests/CoordinatorAdapterTests.swift,,"The Rust Feature Host settles Host/connector account state before returning auth replies; the iOS main layer clears only Coordinator-owned account-scoped settings before adopting the next Rust-authenticated slot, preventing a second Swift account truth."
source/electron-main/coordinator/coordinator-account-runtime.ts,iOS platform-main lifecycle/capability adapter,b-nnett/grok-bot-0.18-reconstructed@a9f633e09d49a85829b8236331b9e21f7e612634:source/electron-main/coordinator/coordinator-account-runtime.ts,source/ios-main/coordinator/coordinator-account-runtime.swift,Swift,ios-adapted,implemented,mobile/ios/FabushiTests/CoordinatorAdapterTests.swift,,"IOSMainRuntime now observes successful feature.auth.* coordinator replies, derives a stable UI-safe account slot, clears the prior Coordinator scope on replacement/logout, and fails closed when a logged-in reply lacks a stable identity; credentials remain exclusively in the Rust Feature Host."
source/electron-main/coordinator/coordinator-control-server.ts,iOS platform-main lifecycle/capability adapter,b-nnett/grok-bot-0.18-reconstructed@a9f633e09d49a85829b8236331b9e21f7e612634:source/electron-main/coordinator/coordinator-control-server.ts,source/ios-main/coordinator/coordinator-control-server.swift,Swift,ios-adapted,implemented,mobile/ios/FabushiTests/IOSCoordinatorArchitectureTests.swift,,Desktop/Node responsibility is preserved with an iOS-native API/lifecycle implementation.
source/electron-main/coordinator/coordinator-executors.ts,iOS platform-main lifecycle/capability adapter,b-nnett/grok-bot-0.18-reconstructed@a9f633e09d49a85829b8236331b9e21f7e612634:source/electron-main/coordinator/coordinator-executors.ts,source/ios-main/coordinator/coordinator-executors.swift,Swift,ios-adapted,implemented,,,Desktop/Node responsibility is preserved with an iOS-native API/lifecycle implementation.
source/electron-main/coordinator/coordinator-handoff-telemetry.ts,iOS platform-main lifecycle/capability adapter,b-nnett/grok-bot-0.18-reconstructed@a9f633e09d49a85829b8236331b9e21f7e612634:source/electron-main/coordinator/coordinator-handoff-telemetry.ts,source/ios-main/coordinator/coordinator-handoff-telemetry.swift,Swift,ios-adapted,implemented,,,Desktop/Node responsibility is preserved with an iOS-native API/lifecycle implementation.
source/electron-main/coordinator/coordinator-launcher.ts,iOS platform-main lifecycle/capability adapter,b-nnett/grok-bot-0.18-reconstructed@a9f633e09d49a85829b8236331b9e21f7e612634:source/electron-main/coordinator/coordinator-launcher.ts,source/ios-main/coordinator/coordinator-launcher.swift,Swift,ios-adapted,implemented,,,iOS launches an in-process Coordinator transport channel rather than forking a Node utility process.
source/electron-main/coordinator/coordinator-main-legs.ts,iOS platform-main lifecycle/capability adapter,b-nnett/grok-bot-0.18-reconstructed@a9f633e09d49a85829b8236331b9e21f7e612634:source/electron-main/coordinator/coordinator-main-legs.ts,source/ios-main/coordinator/coordinator-main-legs.swift,Swift,ios-adapted,implemented,,,Desktop/Node responsibility is preserved with an iOS-native API/lifecycle implementation.
source/electron-main/coordinator/coordinator-main-port-client.ts,iOS platform-main lifecycle/capability adapter,b-nnett/grok-bot-0.18-reconstructed@a9f633e09d49a85829b8236331b9e21f7e612634:source/electron-main/coordinator/coordinator-main-port-client.ts,source/ios-main/coordinator/coordinator-main-port-client.swift,Swift,ios-adapted,implemented,,,Desktop/Node responsibility is preserved with an iOS-native API/lifecycle implementation.
source/electron-main/coordinator/coordinator-port-ipc-guard.ts,iOS platform-main lifecycle/capability adapter,b-nnett/grok-bot-0.18-reconstructed@a9f633e09d49a85829b8236331b9e21f7e612634:source/electron-main/coordinator/coordinator-port-ipc-guard.ts,source/ios-main/coordinator/coordinator-port-ipc-guard.swift,Swift,ios-adapted,implemented,mobile/ios/FabushiTests/IOSCoordinatorArchitectureTests.swift,,Electron sender/frame trust maps to an active trusted iOS scene identifier guard.
source/electron-main/coordinator/coordinator-resync.ts,iOS platform-main lifecycle/capability adapter,b-nnett/grok-bot-0.18-reconstructed@a9f633e09d49a85829b8236331b9e21f7e612634:source/electron-main/coordinator/coordinator-resync.ts,source/ios-main/coordinator/coordinator-resync.swift,Swift,ios-adapted,implemented,mobile/ios/FabushiTests/IOSCoordinatorArchitectureTests.swift,,Desktop/Node responsibility is preserved with an iOS-native API/lifecycle implementation.
source/electron-main/coordinator/coordinator-runtime.ts,iOS platform-main lifecycle/capability adapter,b-nnett/grok-bot-0.18-reconstructed@a9f633e09d49a85829b8236331b9e21f7e612634:source/electron-main/coordinator/coordinator-runtime.ts,source/ios-main/coordinator/coordinator-runtime.swift,Swift,ios-adapted,implemented,,,iOS preserves generation fencing/restart/dispose semantics without emulating a child process.
source/electron-main/coordinator/coordinator-telemetry.ts,iOS platform-main lifecycle/capability adapter,b-nnett/grok-bot-0.18-reconstructed@a9f633e09d49a85829b8236331b9e21f7e612634:source/electron-main/coordinator/coordinator-telemetry.ts,source/ios-main/coordinator/coordinator-telemetry.swift,Swift,ios-adapted,implemented,mobile/ios/FabushiTests/IOSCoordinatorArchitectureTests.swift,,Desktop/Node responsibility is preserved with an iOS-native API/lifecycle implementation.
source/electron-main/coordinator/desktop-connectivity.ts,iOS platform-main lifecycle/capability adapter,b-nnett/grok-bot-0.18-reconstructed@a9f633e09d49a85829b8236331b9e21f7e612634:source/electron-main/coordinator/desktop-connectivity.ts,source/ios-main/coordinator/desktop-connectivity.swift,Swift,ios-adapted,implemented,mobile/ios/FabushiTests/IOSCoordinatorArchitectureTests.swift,,Electron net/powerMonitor connectivity maps to iOS scene/network connectivity and recent-resume state.
source/electron-main/coordinator/production-provider.ts,iOS platform-main lifecycle/capability adapter,b-nnett/grok-bot-0.18-reconstructed@a9f633e09d49a85829b8236331b9e21f7e612634:source/electron-main/coordinator/production-provider.ts,source/ios-main/coordinator/production-provider.swift,Swift,ios-adapted,implemented,,,Desktop/Node responsibility is preserved with an iOS-native API/lifecycle implementation.
source/electron-main/coordinator/production-root-auxiliary-provider.ts,iOS platform-main lifecycle/capability adapter,b-nnett/grok-bot-0.18-reconstructed@a9f633e09d49a85829b8236331b9e21f7e612634:source/electron-main/coordinator/production-root-auxiliary-provider.ts,source/ios-main/coordinator/production-root-auxiliary-provider.swift,Swift,ios-adapted,implemented,,,Desktop/Node responsibility is preserved with an iOS-native API/lifecycle implementation.
source/electron-main/coordinator/production-root-provider.ts,iOS platform-main lifecycle/capability adapter,b-nnett/grok-bot-0.18-reconstructed@a9f633e09d49a85829b8236331b9e21f7e612634:source/electron-main/coordinator/production-root-provider.ts,source/ios-main/coordinator/production-root-provider.swift,Swift,ios-adapted,implemented,,,Desktop/Node responsibility is preserved with an iOS-native API/lifecycle implementation.
source/electron-main/deep-link/deep-link-controller.ts,iOS platform-main lifecycle/capability adapter,b-nnett/grok-bot-0.18-reconstructed@a9f633e09d49a85829b8236331b9e21f7e612634:source/electron-main/deep-link/deep-link-controller.ts,source/ios-main/deep-link/deep-link-controller.swift,Swift,ios-adapted,implemented,mobile/ios/FabushiTests/IOSLifecycleParityTests.swift,,Desktop/Node responsibility is preserved with an iOS-native API/lifecycle implementation.
source/electron-main/desktop-edge-failures.ts,iOS platform-main lifecycle/capability adapter,b-nnett/grok-bot-0.18-reconstructed@a9f633e09d49a85829b8236331b9e21f7e612634:source/electron-main/desktop-edge-failures.ts,source/ios-main/desktop-edge-failures.swift,Swift,ios-adapted,mapped,,,Desktop/Node responsibility is preserved with an iOS-native API/lifecycle implementation.
source/electron-main/dev/dev-attach-prod-box.ts,iOS platform-main lifecycle/capability adapter,b-nnett/grok-bot-0.18-reconstructed@a9f633e09d49a85829b8236331b9e21f7e612634:source/electron-main/dev/dev-attach-prod-box.ts,source/ios-main/dev/dev-attach-prod-box.swift,Swift,ios-adapted,mapped,,,Desktop/Node responsibility is preserved with an iOS-native API/lifecycle implementation.
source/electron-main/dev/dev-box-recreate-plane.ts,iOS platform-main lifecycle/capability adapter,b-nnett/grok-bot-0.18-reconstructed@a9f633e09d49a85829b8236331b9e21f7e612634:source/electron-main/dev/dev-box-recreate-plane.ts,source/ios-main/dev/dev-box-recreate-plane.swift,Swift,ios-adapted,mapped,,,Desktop/Node responsibility is preserved with an iOS-native API/lifecycle implementation.
source/electron-main/dev/dev-capability.ts,iOS platform-main lifecycle/capability adapter,b-nnett/grok-bot-0.18-reconstructed@a9f633e09d49a85829b8236331b9e21f7e612634:source/electron-main/dev/dev-capability.ts,source/ios-main/dev/dev-capability.swift,Swift,ios-adapted,implemented,mobile/ios/FabushiTests/DevControlsParityTests.swift,,Electron preload selection is adapted to an explicit DEBUG-only iOS native dev capability; release builds always keep the primary preload path and no desktop process is emulated.
source/electron-main/dev/dev-control-server.ts,iOS platform-main lifecycle/capability adapter,b-nnett/grok-bot-0.18-reconstructed@a9f633e09d49a85829b8236331b9e21f7e612634:source/electron-main/dev/dev-control-server.ts,source/ios-main/dev/dev-control-server.swift,Swift,ios-adapted,mapped,,,Desktop/Node responsibility is preserved with an iOS-native API/lifecycle implementation.
source/electron-main/dev/dev-controls-edge.ts,iOS platform-main lifecycle/capability adapter,b-nnett/grok-bot-0.18-reconstructed@a9f633e09d49a85829b8236331b9e21f7e612634:source/electron-main/dev/dev-controls-edge.ts,source/ios-main/dev/dev-controls-edge.swift,Swift,ios-adapted,mapped,,,Desktop/Node responsibility is preserved with an iOS-native API/lifecycle implementation.
source/electron-main/dev/dev-controls-gate.ts,iOS platform-main lifecycle/capability adapter,b-nnett/grok-bot-0.18-reconstructed@a9f633e09d49a85829b8236331b9e21f7e612634:source/electron-main/dev/dev-controls-gate.ts,source/ios-main/dev/dev-controls-gate.swift,Swift,ios-adapted,implemented,mobile/ios/FabushiTests/DevControlsParityTests.swift,,Electron packaging checks are adapted to a compile-time iOS DEBUG gate; developer-control methods fail closed in release builds.
source/electron-main/dev/dev-controls-window.ts,iOS platform-main lifecycle/capability adapter,b-nnett/grok-bot-0.18-reconstructed@a9f633e09d49a85829b8236331b9e21f7e612634:source/electron-main/dev/dev-controls-window.ts,source/ios-main/dev/dev-controls-window.swift,Swift,ios-adapted,mapped,,,Desktop/Node responsibility is preserved with an iOS-native API/lifecycle implementation.
source/electron-main/dev/dev-gateway-offline.ts,iOS platform-main lifecycle/capability adapter,b-nnett/grok-bot-0.18-reconstructed@a9f633e09d49a85829b8236331b9e21f7e612634:source/electron-main/dev/dev-gateway-offline.ts,source/ios-main/dev/dev-gateway-offline.swift,Swift,ios-adapted,implemented,mobile/ios/FabushiTests/DevControlsParityTests.swift,,Desktop coordinator-induced offline state is adapted to MainActor-serialized iOS-main state injected into MahayanaCoordinator; it blocks the production Host request path and persists across in-process coordinator relaunch.
source/electron-main/dev/dev-host-token-handoff.ts,iOS platform-main lifecycle/capability adapter,b-nnett/grok-bot-0.18-reconstructed@a9f633e09d49a85829b8236331b9e21f7e612634:source/electron-main/dev/dev-host-token-handoff.ts,source/ios-main/dev/dev-host-token-handoff.swift,Swift,ios-adapted,mapped,,,Desktop/Node responsibility is preserved with an iOS-native API/lifecycle implementation.
source/electron-main/dev/dev-host-upgrade-poke.ts,iOS platform-main lifecycle/capability adapter,b-nnett/grok-bot-0.18-reconstructed@a9f633e09d49a85829b8236331b9e21f7e612634:source/electron-main/dev/dev-host-upgrade-poke.ts,source/ios-main/dev/dev-host-upgrade-poke.swift,Swift,ios-adapted,mapped,,,Desktop/Node responsibility is preserved with an iOS-native API/lifecycle implementation.
source/electron-main/dev/dev-network-latency.ts,iOS platform-main lifecycle/capability adapter,b-nnett/grok-bot-0.18-reconstructed@a9f633e09d49a85829b8236331b9e21f7e612634:source/electron-main/dev/dev-network-latency.ts,source/ios-main/dev/dev-network-latency.swift,Swift,ios-adapted,implemented,mobile/ios/FabushiTests/DevControlsParityTests.swift,,Desktop simulated gateway latency is adapted to a capped async delay applied by the injected iOS-main adapter before MahayanaCoordinator dispatches real production Host requests.
source/electron-main/dev/dev-wiring.ts,iOS platform-main lifecycle/capability adapter,b-nnett/grok-bot-0.18-reconstructed@a9f633e09d49a85829b8236331b9e21f7e612634:source/electron-main/dev/dev-wiring.ts,source/ios-main/dev/dev-wiring.swift,Swift,ios-adapted,mapped,,,Desktop/Node responsibility is preserved with an iOS-native API/lifecycle implementation.
source/electron-main/devtools-gate.ts,iOS platform-main lifecycle/capability adapter,b-nnett/grok-bot-0.18-reconstructed@a9f633e09d49a85829b8236331b9e21f7e612634:source/electron-main/devtools-gate.ts,source/ios-main/devtools-gate.swift,Swift,ios-adapted,mapped,,,Desktop/Node responsibility is preserved with an iOS-native API/lifecycle implementation.
source/electron-main/downloads/download-path.ts,iOS platform-main lifecycle/capability adapter,b-nnett/grok-bot-0.18-reconstructed@a9f633e09d49a85829b8236331b9e21f7e612634:source/electron-main/downloads/download-path.ts,source/ios-main/downloads/download-path.swift,Swift,ios-adapted,implemented,mobile/ios/FabushiTests/IOSMainPolicyParityTests.swift,,"iOS-native download naming preserves absolute configured-directory fallback, basename confinement, extension matching, and .bin extensionless suggestions using Foundation path semantics; production download/export binding is still required before verification."
source/electron-main/experiments/experiments-ipc.ts,iOS platform-main lifecycle/capability adapter,b-nnett/grok-bot-0.18-reconstructed@a9f633e09d49a85829b8236331b9e21f7e612634:source/electron-main/experiments/experiments-ipc.ts,source/ios-main/experiments/experiments-ipc.swift,Swift,ios-adapted,mapped,,,Desktop/Node responsibility is preserved with an iOS-native API/lifecycle implementation.
source/electron-main/experiments/experiments-runtime.ts,iOS platform-main lifecycle/capability adapter,b-nnett/grok-bot-0.18-reconstructed@a9f633e09d49a85829b8236331b9e21f7e612634:source/electron-main/experiments/experiments-runtime.ts,source/ios-main/experiments/experiments-runtime.swift,Swift,ios-adapted,mapped,,,Desktop/Node responsibility is preserved with an iOS-native API/lifecycle implementation.
source/electron-main/feedback/feedback-report.ts,iOS platform-main lifecycle/capability adapter,b-nnett/grok-bot-0.18-reconstructed@a9f633e09d49a85829b8236331b9e21f7e612634:source/electron-main/feedback/feedback-report.ts,source/ios-main/feedback/feedback-report.swift,Swift,ios-adapted,mapped,,,Desktop/Node responsibility is preserved with an iOS-native API/lifecycle implementation.
source/electron-main/generated/main-rpc.ts,iOS platform-main lifecycle/capability adapter,b-nnett/grok-bot-0.18-reconstructed@a9f633e09d49a85829b8236331b9e21f7e612634:source/electron-main/generated/main-rpc.ts,source/ios-main/generated/main-rpc.swift,Swift,ios-adapted,mapped,,,Desktop/Node responsibility is preserved with an iOS-native API/lifecycle implementation.
source/electron-main/host-window-chords.ts,iOS platform-main lifecycle/capability adapter,b-nnett/grok-bot-0.18-reconstructed@a9f633e09d49a85829b8236331b9e21f7e612634:source/electron-main/host-window-chords.ts,source/ios-main/host-window-chords.swift,Swift,ios-adapted,mapped,,,Desktop/Node responsibility is preserved with an iOS-native API/lifecycle implementation.
source/electron-main/local-exec/local-exec-lifecycle-telemetry.ts,iOS platform-main lifecycle/capability adapter,b-nnett/grok-bot-0.18-reconstructed@a9f633e09d49a85829b8236331b9e21f7e612634:source/electron-main/local-exec/local-exec-lifecycle-telemetry.ts,source/ios-main/local-exec/local-exec-lifecycle-telemetry.swift,Swift,ios-adapted,mapped,,,Desktop/Node responsibility is preserved with an iOS-native API/lifecycle implementation.
source/electron-main/local-exec/local-exec-native.ts,iOS platform-main lifecycle/capability adapter,b-nnett/grok-bot-0.18-reconstructed@a9f633e09d49a85829b8236331b9e21f7e612634:source/electron-main/local-exec/local-exec-native.ts,source/ios-main/local-exec/local-exec-native.swift,Swift,ios-adapted,mapped,,,Desktop/Node responsibility is preserved with an iOS-native API/lifecycle implementation.
source/electron-main/main-edge-wiring.ts,iOS platform-main lifecycle/capability adapter,b-nnett/grok-bot-0.18-reconstructed@a9f633e09d49a85829b8236331b9e21f7e612634:source/electron-main/main-edge-wiring.ts,source/ios-main/main-edge-wiring.swift,Swift,ios-adapted,mapped,,,Desktop/Node responsibility is preserved with an iOS-native API/lifecycle implementation.
source/electron-main/main-edge.ts,iOS platform-main lifecycle/capability adapter,b-nnett/grok-bot-0.18-reconstructed@a9f633e09d49a85829b8236331b9e21f7e612634:source/electron-main/main-edge.ts,source/ios-main/main-edge.swift,Swift,ios-adapted,mapped,,,Desktop/Node responsibility is preserved with an iOS-native API/lifecycle implementation.
source/electron-main/main-production-services.ts,iOS platform-main lifecycle/capability adapter,b-nnett/grok-bot-0.18-reconstructed@a9f633e09d49a85829b8236331b9e21f7e612634:source/electron-main/main-production-services.ts,source/ios-main/main-production-services.swift,Swift,ios-adapted,mapped,,,Desktop/Node responsibility is preserved with an iOS-native API/lifecycle implementation.
source/electron-main/main.ts,iOS platform-main lifecycle/capability adapter,b-nnett/grok-bot-0.18-reconstructed@a9f633e09d49a85829b8236331b9e21f7e612634:source/electron-main/main.ts,source/ios-main/IOSMainRuntime.swift,Swift,ios-adapted,implemented,,,Electron main-process responsibilities map to IOSMainRuntime with scene lifecycle and Coordinator ownership.
source/electron-main/mcp/desktop-mcp-manager.ts,iOS platform-main lifecycle/capability adapter,b-nnett/grok-bot-0.18-reconstructed@a9f633e09d49a85829b8236331b9e21f7e612634:source/electron-main/mcp/desktop-mcp-manager.ts,source/ios-main/mcp/desktop-mcp-manager.swift,Swift,ios-adapted,mapped,,,Desktop/Node responsibility is preserved with an iOS-native API/lifecycle implementation.
source/electron-main/mcp/mcp-desktop.ts,iOS platform-main lifecycle/capability adapter,b-nnett/grok-bot-0.18-reconstructed@a9f633e09d49a85829b8236331b9e21f7e612634:source/electron-main/mcp/mcp-desktop.ts,source/ios-main/mcp/mcp-desktop.swift,Swift,ios-adapted,mapped,,,Desktop/Node responsibility is preserved with an iOS-native API/lifecycle implementation.
source/electron-main/mcp/mcp-oauth-loopback-provider.ts,iOS platform-main lifecycle/capability adapter,b-nnett/grok-bot-0.18-reconstructed@a9f633e09d49a85829b8236331b9e21f7e612634:source/electron-main/mcp/mcp-oauth-loopback-provider.ts,source/ios-main/mcp/mcp-oauth-loopback-provider.swift,Swift,ios-adapted,mapped,,,Desktop/Node responsibility is preserved with an iOS-native API/lifecycle implementation.
source/electron-main/mcp/mcp-runtime.ts,iOS platform-main lifecycle/capability adapter,b-nnett/grok-bot-0.18-reconstructed@a9f633e09d49a85829b8236331b9e21f7e612634:source/electron-main/mcp/mcp-runtime.ts,source/ios-main/mcp/mcp-runtime.swift,Swift,ios-adapted,mapped,,,Desktop/Node responsibility is preserved with an iOS-native API/lifecycle implementation.
source/electron-main/mcp/mcp-team-popularity.ts,iOS platform-main lifecycle/capability adapter,b-nnett/grok-bot-0.18-reconstructed@a9f633e09d49a85829b8236331b9e21f7e612634:source/electron-main/mcp/mcp-team-popularity.ts,source/ios-main/mcp/mcp-team-popularity.swift,Swift,ios-adapted,mapped,,,Desktop/Node responsibility is preserved with an iOS-native API/lifecycle implementation.
source/electron-main/media/avatar-images.ts,iOS platform-main lifecycle/capability adapter,b-nnett/grok-bot-0.18-reconstructed@a9f633e09d49a85829b8236331b9e21f7e612634:source/electron-main/media/avatar-images.ts,source/ios-main/media/avatar-images.swift,Swift,ios-adapted,mapped,,,Desktop/Node responsibility is preserved with an iOS-native API/lifecycle implementation.
source/electron-main/media/media-protocol.ts,iOS platform-main lifecycle/capability adapter,b-nnett/grok-bot-0.18-reconstructed@a9f633e09d49a85829b8236331b9e21f7e612634:source/electron-main/media/media-protocol.ts,source/ios-main/media/media-protocol.swift,Swift,ios-adapted,mapped,,,Desktop/Node responsibility is preserved with an iOS-native API/lifecycle implementation.
source/electron-main/models/cursor-model-catalog.ts,iOS platform-main lifecycle/capability adapter,b-nnett/grok-bot-0.18-reconstructed@a9f633e09d49a85829b8236331b9e21f7e612634:source/electron-main/models/cursor-model-catalog.ts,source/ios-main/models/cursor-model-catalog.swift,Swift,ios-adapted,mapped,,,Desktop/Node responsibility is preserved with an iOS-native API/lifecycle implementation.
source/electron-main/notifications/agents-control-feed.ts,iOS platform-main lifecycle/capability adapter,b-nnett/grok-bot-0.18-reconstructed@a9f633e09d49a85829b8236331b9e21f7e612634:source/electron-main/notifications/agents-control-feed.ts,source/ios-main/notifications/agents-control-feed.swift,Swift,ios-adapted,mapped,,,Desktop/Node responsibility is preserved with an iOS-native API/lifecycle implementation.
source/electron-main/notifications/dock-badge-manager.ts,iOS platform-main lifecycle/capability adapter,b-nnett/grok-bot-0.18-reconstructed@a9f633e09d49a85829b8236331b9e21f7e612634:source/electron-main/notifications/dock-badge-manager.ts,source/ios-main/notifications/dock-badge-manager.swift,Swift,ios-adapted,mapped,,,Desktop/Node responsibility is preserved with an iOS-native API/lifecycle implementation.
source/electron-main/notifications/dock-badge.ts,iOS platform-main lifecycle/capability adapter,b-nnett/grok-bot-0.18-reconstructed@a9f633e09d49a85829b8236331b9e21f7e612634:source/electron-main/notifications/dock-badge.ts,source/ios-main/notifications/dock-badge.swift,Swift,ios-adapted,implemented,mobile/ios/FabushiTests/IOSPlatformMainParityTests.swift,,iOS-native adaptation preserves unread/hidden/count aggregation and applies the computed badge through UNUserNotificationCenter instead of Electron Dock APIs.
source/electron-main/notifications/os-notification-manager.ts,iOS platform-main lifecycle/capability adapter,b-nnett/grok-bot-0.18-reconstructed@a9f633e09d49a85829b8236331b9e21f7e612634:source/electron-main/notifications/os-notification-manager.ts,source/ios-main/notifications/os-notification-manager.swift,Swift,ios-adapted,mapped,,,Desktop/Node responsibility is preserved with an iOS-native API/lifecycle implementation.
source/electron-main/onepassword/onepassword-cli-dev-controls.ts,iOS platform-main lifecycle/capability adapter,b-nnett/grok-bot-0.18-reconstructed@a9f633e09d49a85829b8236331b9e21f7e612634:source/electron-main/onepassword/onepassword-cli-dev-controls.ts,source/ios-main/onepassword/onepassword-cli-dev-controls.swift,Swift,ios-adapted,mapped,,,Desktop/Node responsibility is preserved with an iOS-native API/lifecycle implementation.
source/electron-main/onepassword/onepassword-cli-runtime.ts,iOS platform-main lifecycle/capability adapter,b-nnett/grok-bot-0.18-reconstructed@a9f633e09d49a85829b8236331b9e21f7e612634:source/electron-main/onepassword/onepassword-cli-runtime.ts,source/ios-main/onepassword/onepassword-cli-runtime.swift,Swift,ios-adapted,mapped,,,Desktop/Node responsibility is preserved with an iOS-native API/lifecycle implementation.
source/electron-main/onepassword/onepassword-op-executor.ts,iOS platform-main lifecycle/capability adapter,b-nnett/grok-bot-0.18-reconstructed@a9f633e09d49a85829b8236331b9e21f7e612634:source/electron-main/onepassword/onepassword-op-executor.ts,source/ios-main/onepassword/onepassword-op-executor.swift,Swift,ios-adapted,mapped,,,Desktop/Node responsibility is preserved with an iOS-native API/lifecycle implementation.
source/electron-main/onepassword/onepassword-provisioning-bridge.ts,iOS platform-main lifecycle/capability adapter,b-nnett/grok-bot-0.18-reconstructed@a9f633e09d49a85829b8236331b9e21f7e612634:source/electron-main/onepassword/onepassword-provisioning-bridge.ts,source/ios-main/onepassword/onepassword-provisioning-bridge.swift,Swift,ios-adapted,mapped,,,Desktop/Node responsibility is preserved with an iOS-native API/lifecycle implementation.
source/electron-main/onepassword/onepassword-provisioning-contract.ts,iOS platform-main lifecycle/capability adapter,b-nnett/grok-bot-0.18-reconstructed@a9f633e09d49a85829b8236331b9e21f7e612634:source/electron-main/onepassword/onepassword-provisioning-contract.ts,source/ios-main/onepassword/onepassword-provisioning-contract.swift,Swift,ios-adapted,implemented,mobile/ios/FabushiTests/IOSPlatformMainParityTests.swift,,iOS-native provisioning contract preserves availability state and fail-closed sink-unavailable behavior until a credential consumer is configured.
source/electron-main/prefs/host-settings-fields.ts,iOS platform-main lifecycle/capability adapter,b-nnett/grok-bot-0.18-reconstructed@a9f633e09d49a85829b8236331b9e21f7e612634:source/electron-main/prefs/host-settings-fields.ts,source/ios-main/prefs/host-settings-fields.swift,Swift,ios-adapted,mapped,,,Desktop/Node responsibility is preserved with an iOS-native API/lifecycle implementation.
source/electron-main/prefs/settings-ipc.ts,iOS platform-main lifecycle/capability adapter,b-nnett/grok-bot-0.18-reconstructed@a9f633e09d49a85829b8236331b9e21f7e612634:source/electron-main/prefs/settings-ipc.ts,source/ios-main/prefs/settings-ipc.swift,Swift,ios-adapted,mapped,,,Desktop/Node responsibility is preserved with an iOS-native API/lifecycle implementation.
source/electron-main/prefs/theme-controller.ts,iOS platform-main lifecycle/capability adapter,b-nnett/grok-bot-0.18-reconstructed@a9f633e09d49a85829b8236331b9e21f7e612634:source/electron-main/prefs/theme-controller.ts,source/ios-main/prefs/theme-controller.swift,Swift,ios-adapted,mapped,,,Desktop/Node responsibility is preserved with an iOS-native API/lifecycle implementation.
source/electron-main/process-metrics/collector.ts,iOS platform-main lifecycle/capability adapter,b-nnett/grok-bot-0.18-reconstructed@a9f633e09d49a85829b8236331b9e21f7e612634:source/electron-main/process-metrics/collector.ts,source/ios-main/process-metrics/collector.swift,Swift,ios-adapted,mapped,,,Desktop/Node responsibility is preserved with an iOS-native API/lifecycle implementation.
source/electron-main/process-metrics/cursor-client-numeric-metrics.ts,iOS platform-main lifecycle/capability adapter,b-nnett/grok-bot-0.18-reconstructed@a9f633e09d49a85829b8236331b9e21f7e612634:source/electron-main/process-metrics/cursor-client-numeric-metrics.ts,source/ios-main/process-metrics/cursor-client-numeric-metrics.swift,Swift,ios-adapted,mapped,,,Desktop/Node responsibility is preserved with an iOS-native API/lifecycle implementation.
source/electron-main/process-metrics/desktop-metrics-runtime.ts,iOS platform-main lifecycle/capability adapter,b-nnett/grok-bot-0.18-reconstructed@a9f633e09d49a85829b8236331b9e21f7e612634:source/electron-main/process-metrics/desktop-metrics-runtime.ts,source/ios-main/process-metrics/desktop-metrics-runtime.swift,Swift,ios-adapted,mapped,,,Desktop/Node responsibility is preserved with an iOS-native API/lifecycle implementation.
source/electron-main/process-metrics/heap-metrics-ingest.ts,iOS platform-main lifecycle/capability adapter,b-nnett/grok-bot-0.18-reconstructed@a9f633e09d49a85829b8236331b9e21f7e612634:source/electron-main/process-metrics/heap-metrics-ingest.ts,source/ios-main/process-metrics/heap-metrics-ingest.swift,Swift,ios-adapted,mapped,,,Desktop/Node responsibility is preserved with an iOS-native API/lifecycle implementation.
source/electron-main/process-metrics/native-scan.ts,iOS platform-main lifecycle/capability adapter,b-nnett/grok-bot-0.18-reconstructed@a9f633e09d49a85829b8236331b9e21f7e612634:source/electron-main/process-metrics/native-scan.ts,source/ios-main/process-metrics/native-scan.swift,Swift,ios-adapted,mapped,,,Desktop/Node responsibility is preserved with an iOS-native API/lifecycle implementation.
source/electron-main/process-metrics/redaction.ts,iOS platform-main lifecycle/capability adapter,b-nnett/grok-bot-0.18-reconstructed@a9f633e09d49a85829b8236331b9e21f7e612634:source/electron-main/process-metrics/redaction.ts,source/ios-main/process-metrics/redaction.swift,Swift,ios-adapted,implemented,mobile/ios/FabushiTests/IOSPlatformMainParityTests.swift,,"iOS-native privacy helper preserves SHA-256 process-name hashing, the known Grok helper allowlist, basename trimming, and first-token redaction for unknown process labels."
source/electron-main/process-metrics/sampler.ts,iOS platform-main lifecycle/capability adapter,b-nnett/grok-bot-0.18-reconstructed@a9f633e09d49a85829b8236331b9e21f7e612634:source/electron-main/process-metrics/sampler.ts,source/ios-main/process-metrics/sampler.swift,Swift,ios-adapted,mapped,,,Desktop/Node responsibility is preserved with an iOS-native API/lifecycle implementation.
source/electron-main/process-metrics/transport.ts,iOS platform-main lifecycle/capability adapter,b-nnett/grok-bot-0.18-reconstructed@a9f633e09d49a85829b8236331b9e21f7e612634:source/electron-main/process-metrics/transport.ts,source/ios-main/process-metrics/transport.swift,Swift,ios-adapted,mapped,,,Desktop/Node responsibility is preserved with an iOS-native API/lifecycle implementation.
source/electron-main/process-metrics/wiring.ts,iOS platform-main lifecycle/capability adapter,b-nnett/grok-bot-0.18-reconstructed@a9f633e09d49a85829b8236331b9e21f7e612634:source/electron-main/process-metrics/wiring.ts,source/ios-main/process-metrics/wiring.swift,Swift,ios-adapted,not-applicable,scripts/check-grok-ios-architecture.py,,Reviewed desktop-only responsibility: scanning Electron/daemon PIDs and probing arbitrary sibling processes is not permitted on iOS; iOS observability uses app-process native metrics instead.
source/electron-main/production-adapters.ts,iOS platform-main lifecycle/capability adapter,b-nnett/grok-bot-0.18-reconstructed@a9f633e09d49a85829b8236331b9e21f7e612634:source/electron-main/production-adapters.ts,source/ios-main/production-adapters.swift,Swift,ios-adapted,mapped,,,Desktop/Node responsibility is preserved with an iOS-native API/lifecycle implementation.
source/electron-main/production-binding-providers.ts,iOS platform-main lifecycle/capability adapter,b-nnett/grok-bot-0.18-reconstructed@a9f633e09d49a85829b8236331b9e21f7e612634:source/electron-main/production-binding-providers.ts,source/ios-main/production-binding-providers.swift,Swift,ios-adapted,mapped,,,Desktop/Node responsibility is preserved with an iOS-native API/lifecycle implementation.
source/electron-main/production-ipc-contract.ts,iOS platform-main lifecycle/capability adapter,b-nnett/grok-bot-0.18-reconstructed@a9f633e09d49a85829b8236331b9e21f7e612634:source/electron-main/production-ipc-contract.ts,source/ios-main/production-ipc-contract.swift,Swift,ios-adapted,mapped,,,Desktop/Node responsibility is preserved with an iOS-native API/lifecycle implementation.
source/electron-main/secrets/secret-store.ts,iOS platform-main lifecycle/capability adapter,b-nnett/grok-bot-0.18-reconstructed@a9f633e09d49a85829b8236331b9e21f7e612634:source/electron-main/secrets/secret-store.ts,source/ios-main/secrets/secret-store.swift,Swift,ios-adapted,mapped,,,Desktop/Node responsibility is preserved with an iOS-native API/lifecycle implementation.
source/electron-main/secrets/secrets-ipc-guard.ts,iOS platform-main lifecycle/capability adapter,b-nnett/grok-bot-0.18-reconstructed@a9f633e09d49a85829b8236331b9e21f7e612634:source/electron-main/secrets/secrets-ipc-guard.ts,source/ios-main/secrets/secrets-ipc-guard.swift,Swift,ios-adapted,mapped,,,Desktop/Node responsibility is preserved with an iOS-native API/lifecycle implementation.
source/electron-main/secrets/secrets-ipc.ts,iOS platform-main lifecycle/capability adapter,b-nnett/grok-bot-0.18-reconstructed@a9f633e09d49a85829b8236331b9e21f7e612634:source/electron-main/secrets/secrets-ipc.ts,source/ios-main/secrets/secrets-ipc.swift,Swift,ios-adapted,mapped,,,Desktop/Node responsibility is preserved with an iOS-native API/lifecycle implementation.
source/electron-main/secrets/user-secrets-store.ts,iOS platform-main lifecycle/capability adapter,b-nnett/grok-bot-0.18-reconstructed@a9f633e09d49a85829b8236331b9e21f7e612634:source/electron-main/secrets/user-secrets-store.ts,source/ios-main/secrets/user-secrets-store.swift,Swift,ios-adapted,mapped,,,Desktop/Node responsibility is preserved with an iOS-native API/lifecycle implementation.
source/electron-main/startup/desktop-user-data-bootstrap.ts,iOS platform-main lifecycle/capability adapter,b-nnett/grok-bot-0.18-reconstructed@a9f633e09d49a85829b8236331b9e21f7e612634:source/electron-main/startup/desktop-user-data-bootstrap.ts,source/ios-main/startup/desktop-user-data-bootstrap.swift,Swift,ios-adapted,mapped,,,Desktop/Node responsibility is preserved with an iOS-native API/lifecycle implementation.
source/electron-main/startup/legacy-daemon-retirement.ts,iOS platform-main lifecycle/capability adapter,b-nnett/grok-bot-0.18-reconstructed@a9f633e09d49a85829b8236331b9e21f7e612634:source/electron-main/startup/legacy-daemon-retirement.ts,source/ios-main/startup/legacy-daemon-retirement.swift,Swift,ios-adapted,mapped,,,Desktop/Node responsibility is preserved with an iOS-native API/lifecycle implementation.
source/electron-main/startup/move-to-applications-folder.ts,iOS platform-main lifecycle/capability adapter,b-nnett/grok-bot-0.18-reconstructed@a9f633e09d49a85829b8236331b9e21f7e612634:source/electron-main/startup/move-to-applications-folder.ts,source/ios-main/startup/move-to-applications-folder.swift,Swift,ios-adapted,not-applicable,scripts/check-grok-ios-architecture.py,,Reviewed desktop-only responsibility: moving a packaged macOS Electron app into /Applications has no iOS runtime equivalent; iOS installation placement is OS/App Store controlled.
source/electron-main/startup/startup-data-root-migration.ts,iOS platform-main lifecycle/capability adapter,b-nnett/grok-bot-0.18-reconstructed@a9f633e09d49a85829b8236331b9e21f7e612634:source/electron-main/startup/startup-data-root-migration.ts,source/ios-main/startup/startup-data-root-migration.swift,Swift,ios-adapted,mapped,,,Desktop/Node responsibility is preserved with an iOS-native API/lifecycle implementation.
source/electron-main/startup/startup-move-check.ts,iOS platform-main lifecycle/capability adapter,b-nnett/grok-bot-0.18-reconstructed@a9f633e09d49a85829b8236331b9e21f7e612634:source/electron-main/startup/startup-move-check.ts,source/ios-main/startup/startup-move-check.swift,Swift,ios-adapted,mapped,,,Desktop/Node responsibility is preserved with an iOS-native API/lifecycle implementation.
source/electron-main/startup/windows-user-data-migration.ts,iOS platform-main lifecycle/capability adapter,b-nnett/grok-bot-0.18-reconstructed@a9f633e09d49a85829b8236331b9e21f7e612634:source/electron-main/startup/windows-user-data-migration.ts,source/ios-main/startup/windows-user-data-migration.swift,Swift,ios-adapted,mapped,,,Desktop/Node responsibility is preserved with an iOS-native API/lifecycle implementation.
source/electron-main/telemetry/access-blocked-telemetry.ts,iOS platform-main lifecycle/capability adapter,b-nnett/grok-bot-0.18-reconstructed@a9f633e09d49a85829b8236331b9e21f7e612634:source/electron-main/telemetry/access-blocked-telemetry.ts,source/ios-main/telemetry/access-blocked-telemetry.swift,Swift,ios-adapted,mapped,,,Desktop/Node responsibility is preserved with an iOS-native API/lifecycle implementation.
source/electron-main/telemetry/agent-load-telemetry.ts,iOS platform-main lifecycle/capability adapter,b-nnett/grok-bot-0.18-reconstructed@a9f633e09d49a85829b8236331b9e21f7e612634:source/electron-main/telemetry/agent-load-telemetry.ts,source/ios-main/telemetry/agent-load-telemetry.swift,Swift,ios-adapted,mapped,,,Desktop/Node responsibility is preserved with an iOS-native API/lifecycle implementation.
source/electron-main/telemetry/agents-unreachable-telemetry.ts,iOS platform-main lifecycle/capability adapter,b-nnett/grok-bot-0.18-reconstructed@a9f633e09d49a85829b8236331b9e21f7e612634:source/electron-main/telemetry/agents-unreachable-telemetry.ts,source/ios-main/telemetry/agents-unreachable-telemetry.swift,Swift,ios-adapted,mapped,,,Desktop/Node responsibility is preserved with an iOS-native API/lifecycle implementation.
source/electron-main/telemetry/box-secrets-push-telemetry.ts,iOS platform-main lifecycle/capability adapter,b-nnett/grok-bot-0.18-reconstructed@a9f633e09d49a85829b8236331b9e21f7e612634:source/electron-main/telemetry/box-secrets-push-telemetry.ts,source/ios-main/telemetry/box-secrets-push-telemetry.swift,Swift,ios-adapted,mapped,,,Desktop/Node responsibility is preserved with an iOS-native API/lifecycle implementation.
source/electron-main/telemetry/client-failure-telemetry.ts,iOS platform-main lifecycle/capability adapter,b-nnett/grok-bot-0.18-reconstructed@a9f633e09d49a85829b8236331b9e21f7e612634:source/electron-main/telemetry/client-failure-telemetry.ts,source/ios-main/telemetry/client-failure-telemetry.swift,Swift,ios-adapted,mapped,,,Desktop/Node responsibility is preserved with an iOS-native API/lifecycle implementation.
source/electron-main/telemetry/desktop-error-tags.ts,iOS platform-main lifecycle/capability adapter,b-nnett/grok-bot-0.18-reconstructed@a9f633e09d49a85829b8236331b9e21f7e612634:source/electron-main/telemetry/desktop-error-tags.ts,source/ios-main/telemetry/desktop-error-tags.swift,Swift,ios-adapted,mapped,,,Desktop/Node responsibility is preserved with an iOS-native API/lifecycle implementation.
source/electron-main/telemetry/desktop-event-loop-telemetry.ts,iOS platform-main lifecycle/capability adapter,b-nnett/grok-bot-0.18-reconstructed@a9f633e09d49a85829b8236331b9e21f7e612634:source/electron-main/telemetry/desktop-event-loop-telemetry.ts,source/ios-main/telemetry/desktop-event-loop-telemetry.swift,Swift,ios-adapted,mapped,,,Desktop/Node responsibility is preserved with an iOS-native API/lifecycle implementation.
source/electron-main/telemetry/desktop-lifecycle-telemetry.ts,iOS platform-main lifecycle/capability adapter,b-nnett/grok-bot-0.18-reconstructed@a9f633e09d49a85829b8236331b9e21f7e612634:source/electron-main/telemetry/desktop-lifecycle-telemetry.ts,source/ios-main/telemetry/desktop-lifecycle-telemetry.swift,Swift,ios-adapted,implemented,mobile/ios/FabushiTests/IOSLifecycleParityTests.swift,,Desktop/Node responsibility is preserved with an iOS-native API/lifecycle implementation.
source/electron-main/telemetry/desktop-process-crash-telemetry.ts,iOS platform-main lifecycle/capability adapter,b-nnett/grok-bot-0.18-reconstructed@a9f633e09d49a85829b8236331b9e21f7e612634:source/electron-main/telemetry/desktop-process-crash-telemetry.ts,source/ios-main/telemetry/desktop-process-crash-telemetry.swift,Swift,ios-adapted,mapped,,,Desktop/Node responsibility is preserved with an iOS-native API/lifecycle implementation.
source/electron-main/telemetry/desktop-send-trace.ts,iOS platform-main lifecycle/capability adapter,b-nnett/grok-bot-0.18-reconstructed@a9f633e09d49a85829b8236331b9e21f7e612634:source/electron-main/telemetry/desktop-send-trace.ts,source/ios-main/telemetry/desktop-send-trace.swift,Swift,ios-adapted,mapped,,,Desktop/Node responsibility is preserved with an iOS-native API/lifecycle implementation.
source/electron-main/telemetry/desktop-startup-telemetry.ts,iOS platform-main lifecycle/capability adapter,b-nnett/grok-bot-0.18-reconstructed@a9f633e09d49a85829b8236331b9e21f7e612634:source/electron-main/telemetry/desktop-startup-telemetry.ts,source/ios-main/telemetry/desktop-startup-telemetry.swift,Swift,ios-adapted,mapped,,,Desktop/Node responsibility is preserved with an iOS-native API/lifecycle implementation.
source/electron-main/telemetry/desktop-structured-log-spill.ts,iOS platform-main lifecycle/capability adapter,b-nnett/grok-bot-0.18-reconstructed@a9f633e09d49a85829b8236331b9e21f7e612634:source/electron-main/telemetry/desktop-structured-log-spill.ts,source/ios-main/telemetry/desktop-structured-log-spill.swift,Swift,ios-adapted,mapped,,,Desktop/Node responsibility is preserved with an iOS-native API/lifecycle implementation.
source/electron-main/telemetry/desktop-structured-log-telemetry.ts,iOS platform-main lifecycle/capability adapter,b-nnett/grok-bot-0.18-reconstructed@a9f633e09d49a85829b8236331b9e21f7e612634:source/electron-main/telemetry/desktop-structured-log-telemetry.ts,source/ios-main/telemetry/desktop-structured-log-telemetry.swift,Swift,ios-adapted,mapped,,,Desktop/Node responsibility is preserved with an iOS-native API/lifecycle implementation.
source/electron-main/telemetry/desktop-unclean-exit-telemetry.ts,iOS platform-main lifecycle/capability adapter,b-nnett/grok-bot-0.18-reconstructed@a9f633e09d49a85829b8236331b9e21f7e612634:source/electron-main/telemetry/desktop-unclean-exit-telemetry.ts,source/ios-main/telemetry/desktop-unclean-exit-telemetry.swift,Swift,ios-adapted,mapped,,,Desktop/Node responsibility is preserved with an iOS-native API/lifecycle implementation.
source/electron-main/telemetry/desktop-unclean-exit-wiring.ts,iOS platform-main lifecycle/capability adapter,b-nnett/grok-bot-0.18-reconstructed@a9f633e09d49a85829b8236331b9e21f7e612634:source/electron-main/telemetry/desktop-unclean-exit-wiring.ts,source/ios-main/telemetry/desktop-unclean-exit-wiring.swift,Swift,ios-adapted,mapped,,,Desktop/Node responsibility is preserved with an iOS-native API/lifecycle implementation.
source/electron-main/telemetry/gateway-reachability-telemetry.ts,iOS platform-main lifecycle/capability adapter,b-nnett/grok-bot-0.18-reconstructed@a9f633e09d49a85829b8236331b9e21f7e612634:source/electron-main/telemetry/gateway-reachability-telemetry.ts,source/ios-main/telemetry/gateway-reachability-telemetry.swift,Swift,ios-adapted,mapped,,,Desktop/Node responsibility is preserved with an iOS-native API/lifecycle implementation.
source/electron-main/telemetry/onboarding-analytics.ts,iOS platform-main lifecycle/capability adapter,b-nnett/grok-bot-0.18-reconstructed@a9f633e09d49a85829b8236331b9e21f7e612634:source/electron-main/telemetry/onboarding-analytics.ts,source/ios-main/telemetry/onboarding-analytics.swift,Swift,ios-adapted,mapped,,,Desktop/Node responsibility is preserved with an iOS-native API/lifecycle implementation.
source/electron-main/telemetry/production-telemetry-ipc.ts,iOS platform-main lifecycle/capability adapter,b-nnett/grok-bot-0.18-reconstructed@a9f633e09d49a85829b8236331b9e21f7e612634:source/electron-main/telemetry/production-telemetry-ipc.ts,source/ios-main/telemetry/production-telemetry-ipc.swift,Swift,ios-adapted,mapped,,,Desktop/Node responsibility is preserved with an iOS-native API/lifecycle implementation.
source/electron-main/telemetry/quit-telemetry-flush.ts,iOS platform-main lifecycle/capability adapter,b-nnett/grok-bot-0.18-reconstructed@a9f633e09d49a85829b8236331b9e21f7e612634:source/electron-main/telemetry/quit-telemetry-flush.ts,source/ios-main/telemetry/quit-telemetry-flush.swift,Swift,ios-adapted,mapped,,,Desktop/Node responsibility is preserved with an iOS-native API/lifecycle implementation.
source/electron-main/telemetry/reaction-ack-telemetry.ts,iOS platform-main lifecycle/capability adapter,b-nnett/grok-bot-0.18-reconstructed@a9f633e09d49a85829b8236331b9e21f7e612634:source/electron-main/telemetry/reaction-ack-telemetry.ts,source/ios-main/telemetry/reaction-ack-telemetry.swift,Swift,ios-adapted,mapped,,,Desktop/Node responsibility is preserved with an iOS-native API/lifecycle implementation.
source/electron-main/telemetry/rebuild-lifecycle-telemetry.ts,iOS platform-main lifecycle/capability adapter,b-nnett/grok-bot-0.18-reconstructed@a9f633e09d49a85829b8236331b9e21f7e612634:source/electron-main/telemetry/rebuild-lifecycle-telemetry.ts,source/ios-main/telemetry/rebuild-lifecycle-telemetry.swift,Swift,ios-adapted,mapped,,,Desktop/Node responsibility is preserved with an iOS-native API/lifecycle implementation.
source/electron-main/telemetry/reconciliation-telemetry.ts,iOS platform-main lifecycle/capability adapter,b-nnett/grok-bot-0.18-reconstructed@a9f633e09d49a85829b8236331b9e21f7e612634:source/electron-main/telemetry/reconciliation-telemetry.ts,source/ios-main/telemetry/reconciliation-telemetry.swift,Swift,ios-adapted,mapped,,,Desktop/Node responsibility is preserved with an iOS-native API/lifecycle implementation.
source/electron-main/telemetry/recovery-action-telemetry.ts,iOS platform-main lifecycle/capability adapter,b-nnett/grok-bot-0.18-reconstructed@a9f633e09d49a85829b8236331b9e21f7e612634:source/electron-main/telemetry/recovery-action-telemetry.ts,source/ios-main/telemetry/recovery-action-telemetry.swift,Swift,ios-adapted,mapped,,,Desktop/Node responsibility is preserved with an iOS-native API/lifecycle implementation.
source/electron-main/telemetry/render-telemetry.ts,iOS platform-main lifecycle/capability adapter,b-nnett/grok-bot-0.18-reconstructed@a9f633e09d49a85829b8236331b9e21f7e612634:source/electron-main/telemetry/render-telemetry.ts,source/ios-main/telemetry/render-telemetry.swift,Swift,ios-adapted,mapped,,,Desktop/Node responsibility is preserved with an iOS-native API/lifecycle implementation.
source/electron-main/telemetry/renderer-lifecycle-telemetry.ts,iOS platform-main lifecycle/capability adapter,b-nnett/grok-bot-0.18-reconstructed@a9f633e09d49a85829b8236331b9e21f7e612634:source/electron-main/telemetry/renderer-lifecycle-telemetry.ts,source/ios-main/telemetry/renderer-lifecycle-telemetry.swift,Swift,ios-adapted,mapped,,,Desktop/Node responsibility is preserved with an iOS-native API/lifecycle implementation.
source/electron-main/telemetry/send-ack-telemetry.ts,iOS platform-main lifecycle/capability adapter,b-nnett/grok-bot-0.18-reconstructed@a9f633e09d49a85829b8236331b9e21f7e612634:source/electron-main/telemetry/send-ack-telemetry.ts,source/ios-main/telemetry/send-ack-telemetry.swift,Swift,ios-adapted,mapped,,,Desktop/Node responsibility is preserved with an iOS-native API/lifecycle implementation.
source/electron-main/telemetry/send-telemetry.ts,iOS platform-main lifecycle/capability adapter,b-nnett/grok-bot-0.18-reconstructed@a9f633e09d49a85829b8236331b9e21f7e612634:source/electron-main/telemetry/send-telemetry.ts,source/ios-main/telemetry/send-telemetry.swift,Swift,ios-adapted,implemented,mobile/ios/FabushiTests/IOSPlatformMainParityTests.swift,,"iOS-native telemetry contract preserves finite nonnegative validation, optional trace/span/conversation identifiers, integer-rounded metadata projection, and info severity."
source/electron-main/telemetry/sentry-conversation.ts,iOS platform-main lifecycle/capability adapter,b-nnett/grok-bot-0.18-reconstructed@a9f633e09d49a85829b8236331b9e21f7e612634:source/electron-main/telemetry/sentry-conversation.ts,source/ios-main/telemetry/sentry-conversation.swift,Swift,ios-adapted,implemented,mobile/ios/FabushiTests/IOSPlatformMainParityTests.swift,,iOS-native telemetry validation reuses the repository-owned bounded Sentry tag privacy contract and preserves nullable agentId semantics.
source/electron-main/telemetry/sentry.ts,iOS platform-main lifecycle/capability adapter,b-nnett/grok-bot-0.18-reconstructed@a9f633e09d49a85829b8236331b9e21f7e612634:source/electron-main/telemetry/sentry.ts,source/ios-main/telemetry/sentry.swift,Swift,ios-adapted,mapped,,,Desktop/Node responsibility is preserved with an iOS-native API/lifecycle implementation.
source/electron-main/telemetry/telemetry-report-pipes.ts,iOS platform-main lifecycle/capability adapter,b-nnett/grok-bot-0.18-reconstructed@a9f633e09d49a85829b8236331b9e21f7e612634:source/electron-main/telemetry/telemetry-report-pipes.ts,source/ios-main/telemetry/telemetry-report-pipes.swift,Swift,ios-adapted,mapped,,,Desktop/Node responsibility is preserved with an iOS-native API/lifecycle implementation.
source/electron-main/telemetry/telemetry-report-sinks.ts,iOS platform-main lifecycle/capability adapter,b-nnett/grok-bot-0.18-reconstructed@a9f633e09d49a85829b8236331b9e21f7e612634:source/electron-main/telemetry/telemetry-report-sinks.ts,source/ios-main/telemetry/telemetry-report-sinks.swift,Swift,ios-adapted,mapped,,,Desktop/Node responsibility is preserved with an iOS-native API/lifecycle implementation.
source/electron-main/telemetry/transport-stream-telemetry.ts,iOS platform-main lifecycle/capability adapter,b-nnett/grok-bot-0.18-reconstructed@a9f633e09d49a85829b8236331b9e21f7e612634:source/electron-main/telemetry/transport-stream-telemetry.ts,source/ios-main/telemetry/transport-stream-telemetry.swift,Swift,ios-adapted,mapped,,,Desktop/Node responsibility is preserved with an iOS-native API/lifecycle implementation.
source/electron-main/update/apply-marker.ts,iOS platform-main lifecycle/capability adapter,b-nnett/grok-bot-0.18-reconstructed@a9f633e09d49a85829b8236331b9e21f7e612634:source/electron-main/update/apply-marker.ts,source/ios-main/update/apply-marker.swift,Swift,ios-adapted,not-applicable,.github/workflows/ios-store-delivery.yml,,"Reviewed desktop-only responsibility: iOS cannot stage or spawn its own replacement bundle, so Squirrel/NSIS apply markers have no lawful iOS runtime equivalent; App Store Connect owns installation state."
source/electron-main/update/idle-relaunch-apply.ts,iOS platform-main lifecycle/capability adapter,b-nnett/grok-bot-0.18-reconstructed@a9f633e09d49a85829b8236331b9e21f7e612634:source/electron-main/update/idle-relaunch-apply.ts,source/ios-main/update/idle-relaunch-apply.swift,Swift,ios-adapted,not-applicable,.github/workflows/ios-store-delivery.yml,,Reviewed desktop-only responsibility: iOS applications cannot relaunch themselves to install a staged bundle; Store/TestFlight installation is OS-owned.
source/electron-main/update/idle-relaunch-signals.ts,iOS platform-main lifecycle/capability adapter,b-nnett/grok-bot-0.18-reconstructed@a9f633e09d49a85829b8236331b9e21f7e612634:source/electron-main/update/idle-relaunch-signals.ts,source/ios-main/update/idle-relaunch-signals.swift,Swift,ios-adapted,not-applicable,.github/workflows/ios-store-delivery.yml,,Reviewed desktop-only responsibility: Electron powerMonitor/screensaver/process probes used solely to time self-update relaunch do not apply to iOS store-managed updates.
source/electron-main/update/release-metadata.ts,iOS platform-main lifecycle/capability adapter,b-nnett/grok-bot-0.18-reconstructed@a9f633e09d49a85829b8236331b9e21f7e612634:source/electron-main/update/release-metadata.ts,source/ios-main/update/release-metadata.swift,Swift,ios-adapted,implemented,mobile/ios/FabushiTests/IOSPlatformMainParityTests.swift,,"iOS reads version, build number, and bundle identity from the signed application bundle and identifies App Store Connect as the update mechanism instead of Electron package/feed metadata."
source/electron-main/update/safe-relaunch-gate.ts,iOS platform-main lifecycle/capability adapter,b-nnett/grok-bot-0.18-reconstructed@a9f633e09d49a85829b8236331b9e21f7e612634:source/electron-main/update/safe-relaunch-gate.ts,source/ios-main/update/safe-relaunch-gate.swift,Swift,ios-adapted,not-applicable,scripts/check-grok-ios-architecture.py,,Reviewed desktop-only responsibility: desktop self-update relaunch based on screen lock/screensaver/system idle and Host idle has no iOS self-relaunch equivalent; iOS lifecycle recovery is handled separately.
source/electron-main/update/sand-update-service.ts,iOS platform-main lifecycle/capability adapter,b-nnett/grok-bot-0.18-reconstructed@a9f633e09d49a85829b8236331b9e21f7e612634:source/electron-main/update/sand-update-service.ts,source/ios-main/update/sand-update-service.swift,Swift,ios-adapted,implemented,mobile/ios/FabushiTests/IOSPlatformMainParityTests.swift;.github/workflows/ios-store-delivery.yml,,IOSAppStoreUpdateService preserves renderer-visible update state but reports that installation is App Store/TestFlight managed and that in-app bundle replacement is unsupported.
source/electron-main/update/squirrel-feed-server.ts,iOS platform-main lifecycle/capability adapter,b-nnett/grok-bot-0.18-reconstructed@a9f633e09d49a85829b8236331b9e21f7e612634:source/electron-main/update/squirrel-feed-server.ts,source/ios-main/update/squirrel-feed-server.swift,Swift,ios-adapted,not-applicable,.github/workflows/ios-store-delivery.yml,,Reviewed desktop-only responsibility: iOS does not run a loopback Squirrel feed server or serve update ZIPs; signed builds are delivered through App Store Connect.
source/electron-main/update/update-download.ts,iOS platform-main lifecycle/capability adapter,b-nnett/grok-bot-0.18-reconstructed@a9f633e09d49a85829b8236331b9e21f7e612634:source/electron-main/update/update-download.ts,source/ios-main/update/update-download.swift,Swift,ios-adapted,not-applicable,.github/workflows/ios-store-delivery.yml,,Reviewed desktop-only responsibility: an iOS app may not download and replace its signed application bundle; App Store/TestFlight performs package download and verification.
source/electron-main/update/update-feed.ts,iOS platform-main lifecycle/capability adapter,b-nnett/grok-bot-0.18-reconstructed@a9f633e09d49a85829b8236331b9e21f7e612634:source/electron-main/update/update-feed.ts,source/ios-main/update/update-feed.swift,Swift,ios-adapted,not-applicable,.github/workflows/ios-store-delivery.yml,,Reviewed desktop-only responsibility: Cursor Squirrel/iupdate feed URLs and desktop platform tracks are replaced by App Store Connect/TestFlight distribution.
source/electron-main/update/update-gate.ts,iOS platform-main lifecycle/capability adapter,b-nnett/grok-bot-0.18-reconstructed@a9f633e09d49a85829b8236331b9e21f7e612634:source/electron-main/update/update-gate.ts,source/ios-main/update/update-gate.swift,Swift,ios-adapted,not-applicable,scripts/check-grok-ios-architecture.py,,Reviewed desktop-only responsibility: the Electron self-updater enable/disable gate depends on packaged desktop platform/feed semantics; iOS installation and updates are controlled by App Store/TestFlight.
source/electron-main/update/update-telemetry.ts,iOS platform-main lifecycle/capability adapter,b-nnett/grok-bot-0.18-reconstructed@a9f633e09d49a85829b8236331b9e21f7e612634:source/electron-main/update/update-telemetry.ts,source/ios-main/update/update-telemetry.swift,Swift,ios-adapted,implemented,mobile/ios/FabushiTests/IOSPlatformMainParityTests.swift,,iOS retains update direction and action telemetry using App Store Connect as the mechanism while explicitly recording that self-update is unsupported.
source/electron-main/update/update-version.ts,iOS platform-main lifecycle/capability adapter,b-nnett/grok-bot-0.18-reconstructed@a9f633e09d49a85829b8236331b9e21f7e612634:source/electron-main/update/update-version.ts,source/ios-main/update/update-version.swift,Swift,ios-adapted,implemented,mobile/ios/FabushiTests/IOSPlatformMainParityTests.swift,,The recovered semantic version ordering is implemented natively in Swift for signed iOS release/version comparisons.
source/electron-main/update/update-wiring.ts,iOS platform-main lifecycle/capability adapter,b-nnett/grok-bot-0.18-reconstructed@a9f633e09d49a85829b8236331b9e21f7e612634:source/electron-main/update/update-wiring.ts,source/ios-main/update/update-wiring.swift,Swift,ios-adapted,implemented,mobile/ios/FabushiTests/IOSPlatformMainParityTests.swift;source/ios-main/IOSMainRuntime.swift,,IOSMainRuntime routes getUpdateStatus/checkForUpdates and desktop update actions through IOSUpdateServiceWiring so they return explicit App Store-managed semantics instead of falling through to the Rust Host.
source/electron-main/update/win32-installer.ts,iOS platform-main lifecycle/capability adapter,b-nnett/grok-bot-0.18-reconstructed@a9f633e09d49a85829b8236331b9e21f7e612634:source/electron-main/update/win32-installer.ts,source/ios-main/update/win32-installer.swift,Swift,ios-adapted,not-applicable,scripts/check-grok-ios-architecture.py,,"Reviewed desktop-only responsibility: Windows Authenticode probing, PowerShell execution, detached installer process spawning, and quit-time installer launch do not exist on iOS; iOS distribution is App Store/TestFlight controlled."
source/electron-main/vnc/vnc-edge.ts,iOS platform-main lifecycle/capability adapter,b-nnett/grok-bot-0.18-reconstructed@a9f633e09d49a85829b8236331b9e21f7e612634:source/electron-main/vnc/vnc-edge.ts,source/ios-main/vnc/vnc-edge.swift,Swift,ios-adapted,mapped,,,Desktop/Node responsibility is preserved with an iOS-native API/lifecycle implementation.
source/electron-main/vnc/vnc-session-telemetry.ts,iOS platform-main lifecycle/capability adapter,b-nnett/grok-bot-0.18-reconstructed@a9f633e09d49a85829b8236331b9e21f7e612634:source/electron-main/vnc/vnc-session-telemetry.ts,source/ios-main/vnc/vnc-session-telemetry.swift,Swift,ios-adapted,mapped,,,Desktop/Node responsibility is preserved with an iOS-native API/lifecycle implementation.
source/electron-main/vnc/vnc-trust.ts,iOS platform-main lifecycle/capability adapter,b-nnett/grok-bot-0.18-reconstructed@a9f633e09d49a85829b8236331b9e21f7e612634:source/electron-main/vnc/vnc-trust.ts,source/ios-main/vnc/vnc-trust.swift,Swift,ios-adapted,mapped,,,Desktop/Node responsibility is preserved with an iOS-native API/lifecycle implementation.
source/electron-main/window-broadcast.ts,iOS platform-main lifecycle/capability adapter,b-nnett/grok-bot-0.18-reconstructed@a9f633e09d49a85829b8236331b9e21f7e612634:source/electron-main/window-broadcast.ts,source/ios-main/window-broadcast.swift,Swift,ios-adapted,mapped,,,Desktop/Node responsibility is preserved with an iOS-native API/lifecycle implementation.
source/electron-main/window-chrome.ts,iOS platform-main lifecycle/capability adapter,b-nnett/grok-bot-0.18-reconstructed@a9f633e09d49a85829b8236331b9e21f7e612634:source/electron-main/window-chrome.ts,source/ios-main/window-chrome.swift,Swift,ios-adapted,mapped,,,Desktop/Node responsibility is preserved with an iOS-native API/lifecycle implementation.
source/electron-main/window-shortcuts.ts,iOS platform-main lifecycle/capability adapter,b-nnett/grok-bot-0.18-reconstructed@a9f633e09d49a85829b8236331b9e21f7e612634:source/electron-main/window-shortcuts.ts,source/ios-main/window-shortcuts.swift,Swift,ios-adapted,mapped,,,Desktop/Node responsibility is preserved with an iOS-native API/lifecycle implementation.
source/electron-main/window-state-persistence.ts,iOS platform-main lifecycle/capability adapter,b-nnett/grok-bot-0.18-reconstructed@a9f633e09d49a85829b8236331b9e21f7e612634:source/electron-main/window-state-persistence.ts,source/ios-main/window-state-persistence.swift,Swift,ios-adapted,mapped,,,Desktop/Node responsibility is preserved with an iOS-native API/lifecycle implementation.
source/electron-main/window-state-store.ts,iOS platform-main lifecycle/capability adapter,b-nnett/grok-bot-0.18-reconstructed@a9f633e09d49a85829b8236331b9e21f7e612634:source/electron-main/window-state-store.ts,source/ios-main/window-state-store.swift,Swift,ios-adapted,mapped,,,Desktop/Node responsibility is preserved with an iOS-native API/lifecycle implementation.
source/electron-preload/box-vnc-clipboard-paste.ts,typed trusted iOS bridge,b-nnett/grok-bot-0.18-reconstructed@a9f633e09d49a85829b8236331b9e21f7e612634:source/electron-preload/box-vnc-clipboard-paste.ts,source/ios-preload/box-vnc-clipboard-paste.swift,Swift,ios-adapted,implemented,mobile/ios/FabushiTests/PreloadParityTests.swift,,Desktop/Node responsibility is preserved with an iOS-native API/lifecycle implementation.
source/electron-preload/box-vnc-liveness.ts,typed trusted iOS bridge,b-nnett/grok-bot-0.18-reconstructed@a9f633e09d49a85829b8236331b9e21f7e612634:source/electron-preload/box-vnc-liveness.ts,source/ios-preload/box-vnc-liveness.swift,Swift,ios-adapted,implemented,mobile/ios/FabushiTests/PreloadParityTests.swift,,Desktop/Node responsibility is preserved with an iOS-native API/lifecycle implementation.
source/electron-preload/box-vnc-visibility-gate.ts,typed trusted iOS bridge,b-nnett/grok-bot-0.18-reconstructed@a9f633e09d49a85829b8236331b9e21f7e612634:source/electron-preload/box-vnc-visibility-gate.ts,source/ios-preload/box-vnc-visibility-gate.swift,Swift,ios-adapted,implemented,mobile/ios/FabushiTests/PreloadParityTests.swift,,Desktop/Node responsibility is preserved with an iOS-native API/lifecycle implementation.
source/electron-preload/coordinator-port-bridge.ts,typed trusted iOS bridge,b-nnett/grok-bot-0.18-reconstructed@a9f633e09d49a85829b8236331b9e21f7e612634:source/electron-preload/coordinator-port-bridge.ts,source/ios-preload/coordinator-port-bridge.swift,Swift,ios-adapted,implemented,mobile/ios/FabushiTests/CoordinatorContractTests.swift,,Desktop/Node responsibility is preserved with an iOS-native API/lifecycle implementation.
source/electron-preload/main-rpc-runtime.ts,typed trusted iOS bridge,b-nnett/grok-bot-0.18-reconstructed@a9f633e09d49a85829b8236331b9e21f7e612634:source/electron-preload/main-rpc-runtime.ts,source/ios-preload/main-rpc-runtime.swift,Swift,ios-adapted,implemented,mobile/ios/FabushiTests/PreloadParityTests.swift,,Desktop/Node responsibility is preserved with an iOS-native API/lifecycle implementation.
source/electron-preload/passkey-stall.ts,typed trusted iOS bridge,b-nnett/grok-bot-0.18-reconstructed@a9f633e09d49a85829b8236331b9e21f7e612634:source/electron-preload/passkey-stall.ts,source/ios-preload/passkey-stall.swift,Swift,ios-adapted,implemented,mobile/ios/FabushiTests/PreloadParityTests.swift,,Desktop/Node responsibility is preserved with an iOS-native API/lifecycle implementation.
source/electron-preload/preload-browser-base.ts,typed trusted iOS bridge,b-nnett/grok-bot-0.18-reconstructed@a9f633e09d49a85829b8236331b9e21f7e612634:source/electron-preload/preload-browser-base.ts,source/ios-preload/preload-browser-base.swift,Swift,ios-adapted,implemented,mobile/ios/FabushiTests/PreloadParityTests.swift,,Desktop/Node responsibility is preserved with an iOS-native API/lifecycle implementation.
source/electron-preload/preload-dev-controls.ts,typed trusted iOS bridge,b-nnett/grok-bot-0.18-reconstructed@a9f633e09d49a85829b8236331b9e21f7e612634:source/electron-preload/preload-dev-controls.ts,source/ios-preload/preload-dev-controls.swift,Swift,ios-adapted,implemented,mobile/ios/FabushiTests/PreloadParityTests.swift,,Desktop/Node responsibility is preserved with an iOS-native API/lifecycle implementation.
source/electron-preload/preload-vnc.ts,typed trusted iOS bridge,b-nnett/grok-bot-0.18-reconstructed@a9f633e09d49a85829b8236331b9e21f7e612634:source/electron-preload/preload-vnc.ts,source/ios-preload/preload-vnc.swift,Swift,ios-adapted,implemented,mobile/ios/FabushiTests/PreloadParityTests.swift,,Desktop/Node responsibility is preserved with an iOS-native API/lifecycle implementation.
source/electron-preload/preload-webview.ts,typed trusted iOS bridge,b-nnett/grok-bot-0.18-reconstructed@a9f633e09d49a85829b8236331b9e21f7e612634:source/electron-preload/preload-webview.ts,source/ios-preload/preload-webview.swift,Swift,ios-adapted,implemented,mobile/ios/FabushiTests/PreloadParityTests.swift,,Desktop/Node responsibility is preserved with an iOS-native API/lifecycle implementation.
source/electron-preload/preload.ts,typed trusted iOS bridge,b-nnett/grok-bot-0.18-reconstructed@a9f633e09d49a85829b8236331b9e21f7e612634:source/electron-preload/preload.ts,source/ios-preload/preload.swift,Swift,ios-adapted,implemented,mobile/ios/FabushiTests/PreloadParityTests.swift;source/ios-main/FabushiRuntime.swift,,Desktop/Node responsibility is preserved with an iOS-native API/lifecycle implementation.
source/electron-preload/rpc-edge-runtime.ts,typed trusted iOS bridge,b-nnett/grok-bot-0.18-reconstructed@a9f633e09d49a85829b8236331b9e21f7e612634:source/electron-preload/rpc-edge-runtime.ts,source/ios-preload/rpc-edge-runtime.swift,Swift,ios-adapted,implemented,mobile/ios/FabushiTests/PreloadParityTests.swift,,Desktop/Node responsibility is preserved with an iOS-native API/lifecycle implementation.
source/electron-preload/runtime/dev-controls.ts,typed trusted iOS bridge,b-nnett/grok-bot-0.18-reconstructed@a9f633e09d49a85829b8236331b9e21f7e612634:source/electron-preload/runtime/dev-controls.ts,source/ios-preload/runtime/PreloadDevControls.swift,Swift,ios-adapted,implemented,mobile/ios/FabushiTests/PreloadParityTests.swift,,"Electron-only developer actions are classified into local iOS actions, Remote Runner actions, or explicit unsupported results."
source/electron-preload/runtime/primary.ts,typed trusted iOS bridge,b-nnett/grok-bot-0.18-reconstructed@a9f633e09d49a85829b8236331b9e21f7e612634:source/electron-preload/runtime/primary.ts,source/ios-preload/runtime/PreloadPrimary.swift,Swift,ios-adapted,implemented,mobile/ios/FabushiTests/PreloadParityTests.swift,,iOS preload primary is a typed Swift facade over IOSCoordinatorPortClient; it exposes no Node/Electron globals.
source/electron-preload/runtime/vnc.ts,typed trusted iOS bridge,b-nnett/grok-bot-0.18-reconstructed@a9f633e09d49a85829b8236331b9e21f7e612634:source/electron-preload/runtime/vnc.ts,source/ios-preload/runtime/PreloadVNC.swift,Swift,ios-adapted,implemented,mobile/ios/FabushiTests/PreloadParityTests.swift,,iOS exposes typed Remote Computer clipboard/presence calls through Coordinator rather than a local VNC process.
source/electron-preload/runtime/webview.ts,typed trusted iOS bridge,b-nnett/grok-bot-0.18-reconstructed@a9f633e09d49a85829b8236331b9e21f7e612634:source/electron-preload/runtime/webview.ts,source/ios-preload/runtime/PreloadWebView.swift,Swift,ios-adapted,implemented,mobile/ios/FabushiTests/PreloadParityTests.swift,,"iOS maps Electron webview behavior to safe app callbacks, MiniApp web surfaces, or external browser navigation and blocks loopback desktop surfaces."
source/host/agent-isolation/agent-store-worker.ts,iOS-owned Mahayana Host/runtime,b-nnett/grok-bot-0.18-reconstructed@a9f633e09d49a85829b8236331b9e21f7e612634:source/host/agent-isolation/agent-store-worker.ts,source/host/agent-isolation/agent-store-worker.rs,Rust,direct-equivalent,implemented,cargo test --manifest-path source/packages/mahayana-rs/Cargo.toml -p mahayana-app-host-mobile --lib --profile ci (agent_store_worker::tests),,iOS replaces Node worker_threads with a serialized Rust store lane owned by Host; no background process is spawned.
source/host/agent-isolation/agent-worker-pool.ts,iOS-owned Mahayana Host/runtime,b-nnett/grok-bot-0.18-reconstructed@a9f633e09d49a85829b8236331b9e21f7e612634:source/host/agent-isolation/agent-worker-pool.ts,source/host/agent-isolation/agent-worker-pool.rs,Rust,direct-equivalent,implemented,cargo test --manifest-path source/packages/mahayana-rs/Cargo.toml -p mahayana-app-host-mobile --lib --profile ci (agent_worker_pool::tests),,"iOS preserves per-agent isolation, capacity and idle eviction in Host-owned Rust lanes instead of long-lived worker processes."
source/host/agent-isolation/conversation-blob-db.ts,iOS-owned Mahayana Host/runtime,b-nnett/grok-bot-0.18-reconstructed@a9f633e09d49a85829b8236331b9e21f7e612634:source/host/agent-isolation/conversation-blob-db.ts,source/host/agent-isolation/conversation-blob-db.rs,Rust,direct-equivalent,implemented,cargo test --manifest-path source/packages/mahayana-rs/Cargo.toml -p mahayana-app-host-mobile --lib --profile ci (conversation_blob_db::tests),,
source/host/agent-isolation/conversation-blob-gc.ts,iOS-owned Mahayana Host/runtime,b-nnett/grok-bot-0.18-reconstructed@a9f633e09d49a85829b8236331b9e21f7e612634:source/host/agent-isolation/conversation-blob-gc.ts,source/host/agent-isolation/conversation-blob-gc.rs,Rust,direct-equivalent,implemented,cargo test --manifest-path source/packages/mahayana-rs/Cargo.toml -p mahayana-app-host-mobile --lib --profile ci (conversation_blob_gc::tests),,
source/host/agent-isolation/conversation-blob-store.ts,iOS-owned Mahayana Host/runtime,b-nnett/grok-bot-0.18-reconstructed@a9f633e09d49a85829b8236331b9e21f7e612634:source/host/agent-isolation/conversation-blob-store.ts,source/host/agent-isolation/conversation-blob-store.rs,Rust,direct-equivalent,implemented,cargo test --manifest-path source/packages/mahayana-rs/Cargo.toml -p mahayana-app-host-mobile --lib --profile ci (conversation_blob_store::tests),,
source/host/agent-isolation/legacy-blob-retirement.ts,iOS-owned Mahayana Host/runtime,b-nnett/grok-bot-0.18-reconstructed@a9f633e09d49a85829b8236331b9e21f7e612634:source/host/agent-isolation/legacy-blob-retirement.ts,source/host/agent-isolation/legacy-blob-retirement.rs,Rust,direct-equivalent,implemented,cargo test --manifest-path source/packages/mahayana-rs/Cargo.toml -p mahayana-app-host-mobile --lib --profile ci (legacy_blob_retirement::tests),,
source/host/agent-isolation/transcript-mirror-offload.ts,iOS-owned Mahayana Host/runtime,b-nnett/grok-bot-0.18-reconstructed@a9f633e09d49a85829b8236331b9e21f7e612634:source/host/agent-isolation/transcript-mirror-offload.ts,source/host/agent-isolation/transcript-mirror-offload.rs,Rust,ios-adapted,implemented,cargo test --manifest-path source/packages/mahayana-rs/Cargo.toml -p mahayana-app-host-mobile --lib transcript_mirror_offload::tests,,"Rust scheduler component exists and is compiled, but no production Host call path executes its dispatches yet; keep mapped until the mirror writer/protobuf hydration path is wired. iOS-owned Rust target is compiled by the shipping mahayana-app-host-mobile graph and has focused module tests; this row is promoted only to implemented, while end-to-end production call-path and final exact-HEAD acceptance remain required before verified."
source/host/agent-isolation/transcript-mirror-worker.ts,iOS-owned Mahayana Host/runtime,b-nnett/grok-bot-0.18-reconstructed@a9f633e09d49a85829b8236331b9e21f7e612634:source/host/agent-isolation/transcript-mirror-worker.ts,source/host/agent-isolation/transcript-mirror-worker.rs,Rust,ios-adapted,implemented,cargo test --manifest-path source/packages/mahayana-rs/Cargo.toml -p mahayana-app-host-mobile --lib transcript_mirror_worker::tests,,"Read-only SQLite worker now decodes the checkpoint fields used by transcript mirroring and directly invokes the Rust LegacyFileTranscriptMirror; end-to-end worker test proves checkpoint blob -> hydrated root message -> JSONL. Keep mapped until production Host composition dispatches jobs. iOS-owned Rust target is compiled by the shipping mahayana-app-host-mobile graph and has focused module tests; this row is promoted only to implemented, while end-to-end production call-path and final exact-HEAD acceptance remain required before verified."
source/host/agent-isolation/worker-blob-store.ts,iOS-owned Mahayana Host/runtime,b-nnett/grok-bot-0.18-reconstructed@a9f633e09d49a85829b8236331b9e21f7e612634:source/host/agent-isolation/worker-blob-store.ts,source/host/agent-isolation/worker-blob-store.rs,Rust,direct-equivalent,implemented,cargo test -p mahayana-app-host-mobile --lib (worker_blob_store::tests),,
source/host/agents/agent-avatar.ts,iOS-owned Mahayana Host/runtime,b-nnett/grok-bot-0.18-reconstructed@a9f633e09d49a85829b8236331b9e21f7e612634:source/host/agents/agent-avatar.ts,source/host/agents/agent-avatar.rs,Rust,direct-equivalent,mapped,,,
source/host/agents/agent-clone.ts,iOS-owned Mahayana Host/runtime,b-nnett/grok-bot-0.18-reconstructed@a9f633e09d49a85829b8236331b9e21f7e612634:source/host/agents/agent-clone.ts,source/host/agents/agent-clone.rs,Rust,direct-equivalent,mapped,,,
source/host/agents/agent-messaging.ts,iOS-owned Mahayana Host/runtime,b-nnett/grok-bot-0.18-reconstructed@a9f633e09d49a85829b8236331b9e21f7e612634:source/host/agents/agent-messaging.ts,source/host/agents/agent-messaging.rs,Rust,direct-equivalent,mapped,,,
source/host/agents/agent-profile.ts,iOS-owned Mahayana Host/runtime,b-nnett/grok-bot-0.18-reconstructed@a9f633e09d49a85829b8236331b9e21f7e612634:source/host/agents/agent-profile.ts,source/host/agents/agent-profile.rs,Rust,direct-equivalent,mapped,,,
source/host/agents/agent-workflow-enablement.ts,iOS-owned Mahayana Host/runtime,b-nnett/grok-bot-0.18-reconstructed@a9f633e09d49a85829b8236331b9e21f7e612634:source/host/agents/agent-workflow-enablement.ts,source/host/agents/agent-workflow-enablement.rs,Rust,direct-equivalent,mapped,,,
source/host/agents/settings-file.ts,iOS-owned Mahayana Host/runtime,b-nnett/grok-bot-0.18-reconstructed@a9f633e09d49a85829b8236331b9e21f7e612634:source/host/agents/settings-file.ts,source/host/agents/settings-file.rs,Rust,direct-equivalent,mapped,,,
source/host/attachment-paths.ts,iOS-owned Mahayana Host/runtime,b-nnett/grok-bot-0.18-reconstructed@a9f633e09d49a85829b8236331b9e21f7e612634:source/host/attachment-paths.ts,source/host/attachment-paths.rs,Rust,direct-equivalent,implemented,cargo test --manifest-path source/packages/mahayana-rs/Cargo.toml -p mahayana-app-host-mobile --lib attachment_paths::tests,,"iOS-owned Rust target is compiled by the shipping mahayana-app-host-mobile graph and has focused module tests; this row is promoted only to implemented, while end-to-end production call-path and final exact-HEAD acceptance remain required before verified."
source/host/automations/automation-id.ts,iOS-owned Mahayana Host/runtime,b-nnett/grok-bot-0.18-reconstructed@a9f633e09d49a85829b8236331b9e21f7e612634:source/host/automations/automation-id.ts,source/host/automations/automation-id.rs,Rust,direct-equivalent,implemented,cargo test --manifest-path source/packages/mahayana-rs/Cargo.toml -p mahayana-app-host-mobile --lib automation_id::tests,,"iOS-owned Rust target is compiled by the shipping mahayana-app-host-mobile graph and has focused module tests; this row is promoted only to implemented, while end-to-end production call-path and final exact-HEAD acceptance remain required before verified."
source/host/automations/automation-status-reminder.ts,iOS-owned Mahayana Host/runtime,b-nnett/grok-bot-0.18-reconstructed@a9f633e09d49a85829b8236331b9e21f7e612634:source/host/automations/automation-status-reminder.ts,source/host/automations/automation-status-reminder.rs,Rust,direct-equivalent,mapped,,,
source/host/automations/automation-store.ts,iOS-owned Mahayana Host/runtime,b-nnett/grok-bot-0.18-reconstructed@a9f633e09d49a85829b8236331b9e21f7e612634:source/host/automations/automation-store.ts,source/host/automations/automation-store.rs,Rust,direct-equivalent,mapped,,,
source/host/automations/automation-trigger.ts,iOS-owned Mahayana Host/runtime,b-nnett/grok-bot-0.18-reconstructed@a9f633e09d49a85829b8236331b9e21f7e612634:source/host/automations/automation-trigger.ts,source/host/automations/automation-trigger.rs,Rust,direct-equivalent,mapped,,,
source/host/automations/automation.ts,iOS-owned Mahayana Host/runtime,b-nnett/grok-bot-0.18-reconstructed@a9f633e09d49a85829b8236331b9e21f7e612634:source/host/automations/automation.ts,source/host/automations/automation.rs,Rust,direct-equivalent,mapped,,,
source/host/automations/listener-integrations.ts,iOS-owned Mahayana Host/runtime,b-nnett/grok-bot-0.18-reconstructed@a9f633e09d49a85829b8236331b9e21f7e612634:source/host/automations/listener-integrations.ts,source/host/automations/listener-integrations.rs,Rust,direct-equivalent,mapped,,,
source/host/automations/routine-notices.ts,iOS-owned Mahayana Host/runtime,b-nnett/grok-bot-0.18-reconstructed@a9f633e09d49a85829b8236331b9e21f7e612634:source/host/automations/routine-notices.ts,source/host/automations/routine-notices.rs,Rust,direct-equivalent,mapped,,,
source/host/box/box-capabilities.ts,iOS-owned Mahayana Host/runtime,b-nnett/grok-bot-0.18-reconstructed@a9f633e09d49a85829b8236331b9e21f7e612634:source/host/box/box-capabilities.ts,source/host/box/box-capabilities.rs,Rust,direct-equivalent,implemented,cargo test -p mahayana-app-host-mobile --lib (box_capabilities::tests),,
source/host/box/box-env.ts,iOS-owned Mahayana Host/runtime,b-nnett/grok-bot-0.18-reconstructed@a9f633e09d49a85829b8236331b9e21f7e612634:source/host/box/box-env.ts,source/host/box/box-env.rs,Rust,direct-equivalent,implemented,cargo test -p mahayana-app-host-mobile --lib (box_env::tests),,
source/host/box/box-factory.ts,iOS-owned Mahayana Host/runtime,b-nnett/grok-bot-0.18-reconstructed@a9f633e09d49a85829b8236331b9e21f7e612634:source/host/box/box-factory.ts,source/host/box/box-factory.rs,Rust,direct-equivalent,implemented,cargo test -p mahayana-app-host-mobile --lib (box_factory::tests),,
source/host/box/box-file-transfer.ts,iOS-owned Mahayana Host/runtime,b-nnett/grok-bot-0.18-reconstructed@a9f633e09d49a85829b8236331b9e21f7e612634:source/host/box/box-file-transfer.ts,source/host/box/box-file-transfer.rs,Rust,direct-equivalent,implemented,cargo test -p mahayana-app-host-mobile --lib (box_file_transfer::tests),,
source/host/box/box-mcp.ts,iOS-owned Mahayana Host/runtime,b-nnett/grok-bot-0.18-reconstructed@a9f633e09d49a85829b8236331b9e21f7e612634:source/host/box/box-mcp.ts,source/host/box/box-mcp.rs,Rust,direct-equivalent,implemented,cargo test -p mahayana-app-host-mobile --lib (box_mcp::tests),,
source/host/box/box-monitor-layout.ts,iOS-owned Mahayana Host/runtime,b-nnett/grok-bot-0.18-reconstructed@a9f633e09d49a85829b8236331b9e21f7e612634:source/host/box/box-monitor-layout.ts,source/host/box/box-monitor-layout.rs,Rust,direct-equivalent,implemented,cargo test -p mahayana-app-host-mobile --lib (box_monitor_layout::tests),,
source/host/box/box-remote-accessor.ts,iOS-owned Mahayana Host/runtime,b-nnett/grok-bot-0.18-reconstructed@a9f633e09d49a85829b8236331b9e21f7e612634:source/host/box/box-remote-accessor.ts,source/host/box/box-remote-accessor.rs,Rust,direct-equivalent,implemented,cargo test -p mahayana-app-host-mobile --lib (box_remote_accessor::tests),,
source/host/box/box-shell-command.ts,iOS-owned Mahayana Host/runtime,b-nnett/grok-bot-0.18-reconstructed@a9f633e09d49a85829b8236331b9e21f7e612634:source/host/box/box-shell-command.ts,source/host/box/box-shell-command.rs,Rust,direct-equivalent,implemented,cargo test -p mahayana-app-host-mobile --lib (box_shell_command::tests),,
source/host/box/box-store-backend-policy.ts,iOS-owned Mahayana Host/runtime,b-nnett/grok-bot-0.18-reconstructed@a9f633e09d49a85829b8236331b9e21f7e612634:source/host/box/box-store-backend-policy.ts,source/host/box/box-store-backend-policy.rs,Rust,direct-equivalent,implemented,cargo test -p mahayana-app-host-mobile --lib (box_store_backend_policy::tests),,
source/host/box/box-transfer.ts,iOS-owned Mahayana Host/runtime,b-nnett/grok-bot-0.18-reconstructed@a9f633e09d49a85829b8236331b9e21f7e612634:source/host/box/box-transfer.ts,source/host/box/box-transfer.rs,Rust,direct-equivalent,implemented,cargo test -p mahayana-app-host-mobile --lib (box_transfer::tests),,
source/host/box/box-windows.ts,iOS-owned Mahayana Host/runtime,b-nnett/grok-bot-0.18-reconstructed@a9f633e09d49a85829b8236331b9e21f7e612634:source/host/box/box-windows.ts,source/host/box/box-windows.rs,Rust,direct-equivalent,implemented,cargo test -p mahayana-app-host-mobile --lib (box_windows::tests),,
source/host/box/exec-daemon-process.ts,iOS-owned Mahayana Host/runtime,b-nnett/grok-bot-0.18-reconstructed@a9f633e09d49a85829b8236331b9e21f7e612634:source/host/box/exec-daemon-process.ts,source/host/box/exec-daemon-process.rs,Rust,direct-equivalent,implemented,cargo test -p mahayana-app-host-mobile --lib (exec_daemon_process::tests),,
source/host/box/generated-production.ts,iOS-owned Mahayana Host/runtime,b-nnett/grok-bot-0.18-reconstructed@a9f633e09d49a85829b8236331b9e21f7e612634:source/host/box/generated-production.ts,source/host/box/generated-production.rs,Rust,direct-equivalent,implemented,cargo test -p mahayana-app-host-mobile --lib (generated_production::tests),,
source/host/box/loopback-sand-box.ts,iOS-owned Mahayana Host/runtime,b-nnett/grok-bot-0.18-reconstructed@a9f633e09d49a85829b8236331b9e21f7e612634:source/host/box/loopback-sand-box.ts,source/host/box/loopback-sand-box.rs,Rust,ios-adapted,implemented,cargo test -p mahayana-app-host-mobile --lib (loopback_sand_box::tests),,iOS preserves the box readiness/window/transport contract but delegates daemon and file operations to an explicit Remote Runner; it never spawns or reads from a local loopback process.
source/host/box/production.ts,iOS-owned Mahayana Host/runtime,b-nnett/grok-bot-0.18-reconstructed@a9f633e09d49a85829b8236331b9e21f7e612634:source/host/box/production.ts,source/host/box/production.rs,Rust,ios-adapted,implemented,cargo test -p mahayana-app-host-mobile --lib (production::tests),,iOS production composition forces arbitrary process and daemon work to Remote Runner while allowing only explicitly modeled native capabilities locally.
source/host/box/protected-path-guard.ts,iOS-owned Mahayana Host/runtime,b-nnett/grok-bot-0.18-reconstructed@a9f633e09d49a85829b8236331b9e21f7e612634:source/host/box/protected-path-guard.ts,source/host/box/protected-path-guard.rs,Rust,direct-equivalent,implemented,cargo test -p mahayana-app-host-mobile --lib (protected_path_guard::tests),,
source/host/box/shared-desktop-sand-box.ts,iOS-owned Mahayana Host/runtime,b-nnett/grok-bot-0.18-reconstructed@a9f633e09d49a85829b8236331b9e21f7e612634:source/host/box/shared-desktop-sand-box.ts,source/host/box/shared-desktop-sand-box.rs,Rust,direct-equivalent,implemented,cargo test -p mahayana-app-host-mobile --lib (shared_desktop_sand_box::tests),,
source/host/cloud-agents/cloud-agent-images.ts,iOS-owned Mahayana Host/runtime,b-nnett/grok-bot-0.18-reconstructed@a9f633e09d49a85829b8236331b9e21f7e612634:source/host/cloud-agents/cloud-agent-images.ts,source/host/cloud-agents/cloud-agent-images.rs,Rust,direct-equivalent,mapped,,,
source/host/cloud-agents/cloud-agent-tool.ts,iOS-owned Mahayana Host/runtime,b-nnett/grok-bot-0.18-reconstructed@a9f633e09d49a85829b8236331b9e21f7e612634:source/host/cloud-agents/cloud-agent-tool.ts,source/host/cloud-agents/cloud-agent-tool.rs,Rust,direct-equivalent,mapped,,,
source/host/cloud-agents/cloud-agent-transcript-dump.ts,iOS-owned Mahayana Host/runtime,b-nnett/grok-bot-0.18-reconstructed@a9f633e09d49a85829b8236331b9e21f7e612634:source/host/cloud-agents/cloud-agent-transcript-dump.ts,source/host/cloud-agents/cloud-agent-transcript-dump.rs,Rust,direct-equivalent,mapped,,,
source/host/connectors/channel-attachment.ts,iOS-owned Mahayana Host/runtime,b-nnett/grok-bot-0.18-reconstructed@a9f633e09d49a85829b8236331b9e21f7e612634:source/host/connectors/channel-attachment.ts,source/host/connectors/channel-attachment.rs,Rust,direct-equivalent,mapped,,,
source/host/durable-file-policy.ts,iOS-owned Mahayana Host/runtime,b-nnett/grok-bot-0.18-reconstructed@a9f633e09d49a85829b8236331b9e21f7e612634:source/host/durable-file-policy.ts,source/host/durable-file-policy.rs,Rust,direct-equivalent,implemented,cargo test --manifest-path source/packages/mahayana-rs/Cargo.toml -p mahayana-app-host-mobile --lib durable_file_policy::tests,,"iOS-owned Rust target is compiled by the shipping mahayana-app-host-mobile graph and has focused module tests; this row is promoted only to implemented, while end-to-end production call-path and final exact-HEAD acceptance remain required before verified."
source/host/extensions/action-audit/action-audit-backend.ts,iOS-owned Mahayana Host/runtime,b-nnett/grok-bot-0.18-reconstructed@a9f633e09d49a85829b8236331b9e21f7e612634:source/host/extensions/action-audit/action-audit-backend.ts,source/host/extensions/action-audit/action-audit-backend.rs,Rust,direct-equivalent,mapped,,,
source/host/extensions/action-audit/action-audit-service.ts,iOS-owned Mahayana Host/runtime,b-nnett/grok-bot-0.18-reconstructed@a9f633e09d49a85829b8236331b9e21f7e612634:source/host/extensions/action-audit/action-audit-service.ts,source/host/extensions/action-audit/action-audit-service.rs,Rust,direct-equivalent,mapped,,,
source/host/extensions/action-audit/extension.ts,iOS-owned Mahayana Host/runtime,b-nnett/grok-bot-0.18-reconstructed@a9f633e09d49a85829b8236331b9e21f7e612634:source/host/extensions/action-audit/extension.ts,source/host/extensions/action-audit/extension.rs,Rust,direct-equivalent,mapped,,,
source/host/extensions/attachments/attachments-service.ts,iOS-owned Mahayana Host/runtime,b-nnett/grok-bot-0.18-reconstructed@a9f633e09d49a85829b8236331b9e21f7e612634:source/host/extensions/attachments/attachments-service.ts,source/host/extensions/attachments/attachments-service.rs,Rust,direct-equivalent,mapped,,,
source/host/extensions/attachments/box-staging.ts,iOS-owned Mahayana Host/runtime,b-nnett/grok-bot-0.18-reconstructed@a9f633e09d49a85829b8236331b9e21f7e612634:source/host/extensions/attachments/box-staging.ts,source/host/extensions/attachments/box-staging.rs,Rust,direct-equivalent,mapped,,,
source/host/extensions/attachments/extension.ts,iOS-owned Mahayana Host/runtime,b-nnett/grok-bot-0.18-reconstructed@a9f633e09d49a85829b8236331b9e21f7e612634:source/host/extensions/attachments/extension.ts,source/host/extensions/attachments/extension.rs,Rust,direct-equivalent,mapped,,,
source/host/extensions/attachments/generate-image-resource-accessor.ts,iOS-owned Mahayana Host/runtime,b-nnett/grok-bot-0.18-reconstructed@a9f633e09d49a85829b8236331b9e21f7e612634:source/host/extensions/attachments/generate-image-resource-accessor.ts,source/host/extensions/attachments/generate-image-resource-accessor.rs,Rust,direct-equivalent,mapped,,,
source/host/extensions/attachments/generate-image-service.ts,iOS-owned Mahayana Host/runtime,b-nnett/grok-bot-0.18-reconstructed@a9f633e09d49a85829b8236331b9e21f7e612634:source/host/extensions/attachments/generate-image-service.ts,source/host/extensions/attachments/generate-image-service.rs,Rust,direct-equivalent,mapped,,,
source/host/extensions/attachments/link-preview-image-bounds.ts,iOS-owned Mahayana Host/runtime,b-nnett/grok-bot-0.18-reconstructed@a9f633e09d49a85829b8236331b9e21f7e612634:source/host/extensions/attachments/link-preview-image-bounds.ts,source/host/extensions/attachments/link-preview-image-bounds.rs,Rust,direct-equivalent,mapped,,,
source/host/extensions/attachments/safe-link-preview-fetch.ts,iOS-owned Mahayana Host/runtime,b-nnett/grok-bot-0.18-reconstructed@a9f633e09d49a85829b8236331b9e21f7e612634:source/host/extensions/attachments/safe-link-preview-fetch.ts,source/host/extensions/attachments/safe-link-preview-fetch.rs,Rust,direct-equivalent,mapped,,,
source/host/extensions/attachments/video-playback-rendition.ts,iOS-owned Mahayana Host/runtime,b-nnett/grok-bot-0.18-reconstructed@a9f633e09d49a85829b8236331b9e21f7e612634:source/host/extensions/attachments/video-playback-rendition.ts,source/host/extensions/attachments/video-playback-rendition.rs,Rust,direct-equivalent,mapped,,,
source/host/extensions/auth/auth-service.ts,iOS-owned Mahayana Host/runtime,b-nnett/grok-bot-0.18-reconstructed@a9f633e09d49a85829b8236331b9e21f7e612634:source/host/extensions/auth/auth-service.ts,source/host/extensions/auth/auth-service.rs,Rust,direct-equivalent,mapped,,,
source/host/extensions/auth/credential-renewer.ts,iOS-owned Mahayana Host/runtime,b-nnett/grok-bot-0.18-reconstructed@a9f633e09d49a85829b8236331b9e21f7e612634:source/host/extensions/auth/credential-renewer.ts,source/host/extensions/auth/credential-renewer.rs,Rust,direct-equivalent,mapped,,,
source/host/extensions/auth/extension.ts,iOS-owned Mahayana Host/runtime,b-nnett/grok-bot-0.18-reconstructed@a9f633e09d49a85829b8236331b9e21f7e612634:source/host/extensions/auth/extension.ts,source/host/extensions/auth/extension.rs,Rust,direct-equivalent,mapped,,,
source/host/extensions/auth/user-full-name-service.ts,iOS-owned Mahayana Host/runtime,b-nnett/grok-bot-0.18-reconstructed@a9f633e09d49a85829b8236331b9e21f7e612634:source/host/extensions/auth/user-full-name-service.ts,source/host/extensions/auth/user-full-name-service.rs,Rust,direct-equivalent,mapped,,,
source/host/extensions/auto-review/auto-review-service.ts,iOS-owned Mahayana Host/runtime,b-nnett/grok-bot-0.18-reconstructed@a9f633e09d49a85829b8236331b9e21f7e612634:source/host/extensions/auto-review/auto-review-service.ts,source/host/extensions/auto-review/auto-review-service.rs,Rust,direct-equivalent,mapped,,,
source/host/extensions/auto-review/extension.ts,iOS-owned Mahayana Host/runtime,b-nnett/grok-bot-0.18-reconstructed@a9f633e09d49a85829b8236331b9e21f7e612634:source/host/extensions/auto-review/extension.ts,source/host/extensions/auto-review/extension.rs,Rust,direct-equivalent,mapped,,,
source/host/extensions/auto-review/sand-auto-review-awaiting.ts,iOS-owned Mahayana Host/runtime,b-nnett/grok-bot-0.18-reconstructed@a9f633e09d49a85829b8236331b9e21f7e612634:source/host/extensions/auto-review/sand-auto-review-awaiting.ts,source/host/extensions/auto-review/sand-auto-review-awaiting.rs,Rust,direct-equivalent,mapped,,,
source/host/extensions/auto-review/sand-backend-smart-mode-classifier-exec.ts,iOS-owned Mahayana Host/runtime,b-nnett/grok-bot-0.18-reconstructed@a9f633e09d49a85829b8236331b9e21f7e612634:source/host/extensions/auto-review/sand-backend-smart-mode-classifier-exec.ts,source/host/extensions/auto-review/sand-backend-smart-mode-classifier-exec.rs,Rust,direct-equivalent,mapped,,,
source/host/extensions/automations/backend-relay-source.ts,iOS-owned Mahayana Host/runtime,b-nnett/grok-bot-0.18-reconstructed@a9f633e09d49a85829b8236331b9e21f7e612634:source/host/extensions/automations/backend-relay-source.ts,source/host/extensions/automations/backend-relay-source.rs,Rust,direct-equivalent,mapped,,,
source/host/extensions/automations/extension.ts,iOS-owned Mahayana Host/runtime,b-nnett/grok-bot-0.18-reconstructed@a9f633e09d49a85829b8236331b9e21f7e612634:source/host/extensions/automations/extension.ts,source/host/extensions/automations/extension.rs,Rust,direct-equivalent,mapped,,,
source/host/extensions/automations/listener-connect-watcher.ts,iOS-owned Mahayana Host/runtime,b-nnett/grok-bot-0.18-reconstructed@a9f633e09d49a85829b8236331b9e21f7e612634:source/host/extensions/automations/listener-connect-watcher.ts,source/host/extensions/automations/listener-connect-watcher.rs,Rust,direct-equivalent,mapped,,,
source/host/extensions/automations/listener-integrations.ts,iOS-owned Mahayana Host/runtime,b-nnett/grok-bot-0.18-reconstructed@a9f633e09d49a85829b8236331b9e21f7e612634:source/host/extensions/automations/listener-integrations.ts,source/host/extensions/automations/listener-integrations.rs,Rust,direct-equivalent,mapped,,,
source/host/extensions/automations/sand-automation-cloud-sync.ts,iOS-owned Mahayana Host/runtime,b-nnett/grok-bot-0.18-reconstructed@a9f633e09d49a85829b8236331b9e21f7e612634:source/host/extensions/automations/sand-automation-cloud-sync.ts,source/host/extensions/automations/sand-automation-cloud-sync.rs,Rust,direct-equivalent,mapped,,,
source/host/extensions/automations/sand-automation-cloud-trigger.ts,iOS-owned Mahayana Host/runtime,b-nnett/grok-bot-0.18-reconstructed@a9f633e09d49a85829b8236331b9e21f7e612634:source/host/extensions/automations/sand-automation-cloud-trigger.ts,source/host/extensions/automations/sand-automation-cloud-trigger.rs,Rust,direct-equivalent,mapped,,,
source/host/extensions/automations/sand-automation-fire-consumer.ts,iOS-owned Mahayana Host/runtime,b-nnett/grok-bot-0.18-reconstructed@a9f633e09d49a85829b8236331b9e21f7e612634:source/host/extensions/automations/sand-automation-fire-consumer.ts,source/host/extensions/automations/sand-automation-fire-consumer.rs,Rust,direct-equivalent,mapped,,,
source/host/extensions/automations/sand-trigger-hub.ts,iOS-owned Mahayana Host/runtime,b-nnett/grok-bot-0.18-reconstructed@a9f633e09d49a85829b8236331b9e21f7e612634:source/host/extensions/automations/sand-trigger-hub.ts,source/host/extensions/automations/sand-trigger-hub.rs,Rust,direct-equivalent,mapped,,,
source/host/extensions/box-lifecycle/box-lifecycle-service.ts,iOS-owned Mahayana Host/runtime,b-nnett/grok-bot-0.18-reconstructed@a9f633e09d49a85829b8236331b9e21f7e612634:source/host/extensions/box-lifecycle/box-lifecycle-service.ts,source/host/extensions/box-lifecycle/box-lifecycle-service.rs,Rust,direct-equivalent,implemented,cargo test --manifest-path source/packages/mahayana-rs/Cargo.toml -p mahayana-app-host-mobile --lib box_lifecycle_service::tests,,"Rust BoxLifecycleService now forwards cancellable run-state reads and preserveData/force recreation requests through an injected backend client with async behavior tests; keep mapped until the Auth-backed Grok backend client is owned and started by the iOS Host extension. iOS-owned Rust target is compiled by the shipping mahayana-app-host-mobile graph and has focused module tests; this row is promoted only to implemented, while end-to-end production call-path and final exact-HEAD acceptance remain required before verified."
source/host/extensions/box-lifecycle/extension.ts,iOS-owned Mahayana Host/runtime,b-nnett/grok-bot-0.18-reconstructed@a9f633e09d49a85829b8236331b9e21f7e612634:source/host/extensions/box-lifecycle/extension.ts,source/host/extensions/box-lifecycle/extension.rs,Rust,direct-equivalent,mapped,,,
source/host/extensions/box-store-sync/agent-store-sand-files.ts,iOS-owned Mahayana Host/runtime,b-nnett/grok-bot-0.18-reconstructed@a9f633e09d49a85829b8236331b9e21f7e612634:source/host/extensions/box-store-sync/agent-store-sand-files.ts,source/host/extensions/box-store-sync/agent-store-sand-files.rs,Rust,direct-equivalent,mapped,,,
source/host/extensions/box-store-sync/box-copy-in.ts,iOS-owned Mahayana Host/runtime,b-nnett/grok-bot-0.18-reconstructed@a9f633e09d49a85829b8236331b9e21f7e612634:source/host/extensions/box-store-sync/box-copy-in.ts,source/host/extensions/box-store-sync/box-copy-in.rs,Rust,direct-equivalent,mapped,,,
source/host/extensions/box-store-sync/box-object-store.ts,iOS-owned Mahayana Host/runtime,b-nnett/grok-bot-0.18-reconstructed@a9f633e09d49a85829b8236331b9e21f7e612634:source/host/extensions/box-store-sync/box-object-store.ts,source/host/extensions/box-store-sync/box-object-store.rs,Rust,direct-equivalent,mapped,,,
source/host/extensions/box-store-sync/box-store-diagnostics.ts,iOS-owned Mahayana Host/runtime,b-nnett/grok-bot-0.18-reconstructed@a9f633e09d49a85829b8236331b9e21f7e612634:source/host/extensions/box-store-sync/box-store-diagnostics.ts,source/host/extensions/box-store-sync/box-store-diagnostics.rs,Rust,direct-equivalent,implemented,cargo test --manifest-path source/packages/mahayana-rs/Cargo.toml -p mahayana-app-host-mobile --lib box_store_diagnostics::tests,,"iOS-owned Rust target is compiled by the shipping mahayana-app-host-mobile graph and has focused module tests; this row is promoted only to implemented, while end-to-end production call-path and final exact-HEAD acceptance remain required before verified."
source/host/extensions/box-store-sync/box-store-download.ts,iOS-owned Mahayana Host/runtime,b-nnett/grok-bot-0.18-reconstructed@a9f633e09d49a85829b8236331b9e21f7e612634:source/host/extensions/box-store-sync/box-store-download.ts,source/host/extensions/box-store-sync/box-store-download.rs,Rust,direct-equivalent,mapped,,,
source/host/extensions/box-store-sync/box-store-hydration.ts,iOS-owned Mahayana Host/runtime,b-nnett/grok-bot-0.18-reconstructed@a9f633e09d49a85829b8236331b9e21f7e612634:source/host/extensions/box-store-sync/box-store-hydration.ts,source/host/extensions/box-store-sync/box-store-hydration.rs,Rust,direct-equivalent,mapped,,,
source/host/extensions/box-store-sync/box-store-manifest-format.ts,iOS-owned Mahayana Host/runtime,b-nnett/grok-bot-0.18-reconstructed@a9f633e09d49a85829b8236331b9e21f7e612634:source/host/extensions/box-store-sync/box-store-manifest-format.ts,source/host/extensions/box-store-sync/box-store-manifest-format.rs,Rust,direct-equivalent,mapped,,,
source/host/extensions/box-store-sync/box-store-manifest.ts,iOS-owned Mahayana Host/runtime,b-nnett/grok-bot-0.18-reconstructed@a9f633e09d49a85829b8236331b9e21f7e612634:source/host/extensions/box-store-sync/box-store-manifest.ts,source/host/extensions/box-store-sync/box-store-manifest.rs,Rust,direct-equivalent,mapped,,,
source/host/extensions/box-store-sync/box-store-pack-pipeline.ts,iOS-owned Mahayana Host/runtime,b-nnett/grok-bot-0.18-reconstructed@a9f633e09d49a85829b8236331b9e21f7e612634:source/host/extensions/box-store-sync/box-store-pack-pipeline.ts,source/host/extensions/box-store-sync/box-store-pack-pipeline.rs,Rust,direct-equivalent,mapped,,,
source/host/extensions/box-store-sync/box-store-pack.ts,iOS-owned Mahayana Host/runtime,b-nnett/grok-bot-0.18-reconstructed@a9f633e09d49a85829b8236331b9e21f7e612634:source/host/extensions/box-store-sync/box-store-pack.ts,source/host/extensions/box-store-sync/box-store-pack.rs,Rust,direct-equivalent,mapped,,,
source/host/extensions/box-store-sync/box-store-sync-error.ts,iOS-owned Mahayana Host/runtime,b-nnett/grok-bot-0.18-reconstructed@a9f633e09d49a85829b8236331b9e21f7e612634:source/host/extensions/box-store-sync/box-store-sync-error.ts,source/host/extensions/box-store-sync/box-store-sync-error.rs,Rust,direct-equivalent,implemented,cargo test --manifest-path source/packages/mahayana-rs/Cargo.toml -p mahayana-app-host-mobile --lib box_store_sync_error::tests,,"iOS-owned Rust target is compiled by the shipping mahayana-app-host-mobile graph and has focused module tests; this row is promoted only to implemented, while end-to-end production call-path and final exact-HEAD acceptance remain required before verified."
source/host/extensions/box-store-sync/box-store-sync-service.ts,iOS-owned Mahayana Host/runtime,b-nnett/grok-bot-0.18-reconstructed@a9f633e09d49a85829b8236331b9e21f7e612634:source/host/extensions/box-store-sync/box-store-sync-service.ts,source/host/extensions/box-store-sync/box-store-sync-service.rs,Rust,direct-equivalent,mapped,,,
source/host/extensions/box-store-sync/box-store-sync.ts,iOS-owned Mahayana Host/runtime,b-nnett/grok-bot-0.18-reconstructed@a9f633e09d49a85829b8236331b9e21f7e612634:source/host/extensions/box-store-sync/box-store-sync.ts,source/host/extensions/box-store-sync/box-store-sync.rs,Rust,direct-equivalent,mapped,,,
source/host/extensions/box-store-sync/box-store-transfer.ts,iOS-owned Mahayana Host/runtime,b-nnett/grok-bot-0.18-reconstructed@a9f633e09d49a85829b8236331b9e21f7e612634:source/host/extensions/box-store-sync/box-store-transfer.ts,source/host/extensions/box-store-sync/box-store-transfer.rs,Rust,direct-equivalent,mapped,,,
source/host/extensions/box-store-sync/box-store-vacuum-worker.ts,iOS-owned Mahayana Host/runtime,b-nnett/grok-bot-0.18-reconstructed@a9f633e09d49a85829b8236331b9e21f7e612634:source/host/extensions/box-store-sync/box-store-vacuum-worker.ts,source/host/extensions/box-store-sync/box-store-vacuum-worker.rs,Rust,direct-equivalent,mapped,,,
source/host/extensions/box-store-sync/chrome-session-stage.ts,iOS-owned Mahayana Host/runtime,b-nnett/grok-bot-0.18-reconstructed@a9f633e09d49a85829b8236331b9e21f7e612634:source/host/extensions/box-store-sync/chrome-session-stage.ts,source/host/extensions/box-store-sync/chrome-session-stage.rs,Rust,direct-equivalent,mapped,,,
source/host/extensions/box-store-sync/chrome-session-watcher.ts,iOS-owned Mahayana Host/runtime,b-nnett/grok-bot-0.18-reconstructed@a9f633e09d49a85829b8236331b9e21f7e612634:source/host/extensions/box-store-sync/chrome-session-watcher.ts,source/host/extensions/box-store-sync/chrome-session-watcher.rs,Rust,direct-equivalent,mapped,,,
source/host/extensions/box-store-sync/extension.ts,iOS-owned Mahayana Host/runtime,b-nnett/grok-bot-0.18-reconstructed@a9f633e09d49a85829b8236331b9e21f7e612634:source/host/extensions/box-store-sync/extension.ts,source/host/extensions/box-store-sync/extension.rs,Rust,direct-equivalent,mapped,,,
source/host/extensions/box-store-sync/files.ts,iOS-owned Mahayana Host/runtime,b-nnett/grok-bot-0.18-reconstructed@a9f633e09d49a85829b8236331b9e21f7e612634:source/host/extensions/box-store-sync/files.ts,source/host/extensions/box-store-sync/files.rs,Rust,direct-equivalent,implemented,cargo test --manifest-path source/packages/mahayana-rs/Cargo.toml -p mahayana-app-host-mobile --lib box_store_sync_files::tests,,"Rust constant now preserves Grok's exact 16 MiB SAND_FILES_MAX_BYTES limit with contract test and mobile Host compilation; keep mapped until box-store-sync consumers use this iOS-owned limit. iOS-owned Rust target is compiled by the shipping mahayana-app-host-mobile graph and has focused module tests; this row is promoted only to implemented, while end-to-end production call-path and final exact-HEAD acceptance remain required before verified."
source/host/extensions/box-store-sync/object-store-port.ts,iOS-owned Mahayana Host/runtime,b-nnett/grok-bot-0.18-reconstructed@a9f633e09d49a85829b8236331b9e21f7e612634:source/host/extensions/box-store-sync/object-store-port.ts,source/host/extensions/box-store-sync/object-store-port.rs,Rust,direct-equivalent,implemented,cargo test --manifest-path source/packages/mahayana-rs/Cargo.toml -p mahayana-app-host-mobile --lib box_store_object_store_port::tests,,"Rust contract now preserves canonical-write conflict fields and exact conflict/preserved-copy error messages with tests; keep mapped until box-store-sync production writers return this iOS-owned conflict type. iOS-owned Rust target is compiled by the shipping mahayana-app-host-mobile graph and has focused module tests; this row is promoted only to implemented, while end-to-end production call-path and final exact-HEAD acceptance remain required before verified."
source/host/extensions/box-store-sync/request-coalescer.ts,iOS-owned Mahayana Host/runtime,b-nnett/grok-bot-0.18-reconstructed@a9f633e09d49a85829b8236331b9e21f7e612634:source/host/extensions/box-store-sync/request-coalescer.ts,source/host/extensions/box-store-sync/request-coalescer.rs,Rust,direct-equivalent,mapped,,,
source/host/extensions/box-store-sync/sand-box-store-files.ts,iOS-owned Mahayana Host/runtime,b-nnett/grok-bot-0.18-reconstructed@a9f633e09d49a85829b8236331b9e21f7e612634:source/host/extensions/box-store-sync/sand-box-store-files.ts,source/host/extensions/box-store-sync/sand-box-store-files.rs,Rust,direct-equivalent,mapped,,,
source/host/extensions/box-store-sync/sqlite-snapshot.ts,iOS-owned Mahayana Host/runtime,b-nnett/grok-bot-0.18-reconstructed@a9f633e09d49a85829b8236331b9e21f7e612634:source/host/extensions/box-store-sync/sqlite-snapshot.ts,source/host/extensions/box-store-sync/sqlite-snapshot.rs,Rust,direct-equivalent,mapped,,,
source/host/extensions/box-store-sync/store-db-bundle-capture.ts,iOS-owned Mahayana Host/runtime,b-nnett/grok-bot-0.18-reconstructed@a9f633e09d49a85829b8236331b9e21f7e612634:source/host/extensions/box-store-sync/store-db-bundle-capture.ts,source/host/extensions/box-store-sync/store-db-bundle-capture.rs,Rust,direct-equivalent,mapped,,,
source/host/extensions/box-store-sync/store-db-capture.ts,iOS-owned Mahayana Host/runtime,b-nnett/grok-bot-0.18-reconstructed@a9f633e09d49a85829b8236331b9e21f7e612634:source/host/extensions/box-store-sync/store-db-capture.ts,source/host/extensions/box-store-sync/store-db-capture.rs,Rust,direct-equivalent,mapped,,,
source/host/extensions/box-store-sync/store-db-snapshot-upload.ts,iOS-owned Mahayana Host/runtime,b-nnett/grok-bot-0.18-reconstructed@a9f633e09d49a85829b8236331b9e21f7e612634:source/host/extensions/box-store-sync/store-db-snapshot-upload.ts,source/host/extensions/box-store-sync/store-db-snapshot-upload.rs,Rust,direct-equivalent,mapped,,,
source/host/extensions/box-store-sync/workspace-ignore.ts,iOS-owned Mahayana Host/runtime,b-nnett/grok-bot-0.18-reconstructed@a9f633e09d49a85829b8236331b9e21f7e612634:source/host/extensions/box-store-sync/workspace-ignore.ts,source/host/extensions/box-store-sync/workspace-ignore.rs,Rust,direct-equivalent,mapped,,,
source/host/extensions/browser-ua/extension.ts,iOS-owned Mahayana Host/runtime,b-nnett/grok-bot-0.18-reconstructed@a9f633e09d49a85829b8236331b9e21f7e612634:source/host/extensions/browser-ua/extension.ts,source/host/extensions/browser-ua/extension.rs,Rust,direct-equivalent,mapped,,,
source/host/extensions/browser-ua/ua-owner-stamp-service.ts,iOS-owned Mahayana Host/runtime,b-nnett/grok-bot-0.18-reconstructed@a9f633e09d49a85829b8236331b9e21f7e612634:source/host/extensions/browser-ua/ua-owner-stamp-service.ts,source/host/extensions/browser-ua/ua-owner-stamp-service.rs,Rust,direct-equivalent,mapped,,,
source/host/extensions/browser-ua/ua-token-kill-switch-service.ts,iOS-owned Mahayana Host/runtime,b-nnett/grok-bot-0.18-reconstructed@a9f633e09d49a85829b8236331b9e21f7e612634:source/host/extensions/browser-ua/ua-token-kill-switch-service.ts,source/host/extensions/browser-ua/ua-token-kill-switch-service.rs,Rust,direct-equivalent,mapped,,,
source/host/extensions/cloud-agents/cloud-agent-launch-error.ts,iOS-owned Mahayana Host/runtime,b-nnett/grok-bot-0.18-reconstructed@a9f633e09d49a85829b8236331b9e21f7e612634:source/host/extensions/cloud-agents/cloud-agent-launch-error.ts,source/host/extensions/cloud-agents/cloud-agent-launch-error.rs,Rust,direct-equivalent,implemented,cargo test --manifest-path source/packages/mahayana-rs/Cargo.toml -p mahayana-app-host-mobile --lib cloud_agent_launch_error::tests,,"iOS-owned Rust target is compiled by the shipping mahayana-app-host-mobile graph and has focused module tests; this row is promoted only to implemented, while end-to-end production call-path and final exact-HEAD acceptance remain required before verified."
source/host/extensions/cloud-agents/cloud-agent-poll-loop.ts,iOS-owned Mahayana Host/runtime,b-nnett/grok-bot-0.18-reconstructed@a9f633e09d49a85829b8236331b9e21f7e612634:source/host/extensions/cloud-agents/cloud-agent-poll-loop.ts,source/host/extensions/cloud-agents/cloud-agent-poll-loop.rs,Rust,direct-equivalent,mapped,,,
source/host/extensions/cloud-agents/cloud-agent-request-composition.ts,iOS-owned Mahayana Host/runtime,b-nnett/grok-bot-0.18-reconstructed@a9f633e09d49a85829b8236331b9e21f7e612634:source/host/extensions/cloud-agents/cloud-agent-request-composition.ts,source/host/extensions/cloud-agents/cloud-agent-request-composition.rs,Rust,direct-equivalent,mapped,,,
source/host/extensions/cloud-agents/cloud-agents-service.ts,iOS-owned Mahayana Host/runtime,b-nnett/grok-bot-0.18-reconstructed@a9f633e09d49a85829b8236331b9e21f7e612634:source/host/extensions/cloud-agents/cloud-agents-service.ts,source/host/extensions/cloud-agents/cloud-agents-service.rs,Rust,direct-equivalent,mapped,,,
source/host/extensions/cloud-agents/extension.ts,iOS-owned Mahayana Host/runtime,b-nnett/grok-bot-0.18-reconstructed@a9f633e09d49a85829b8236331b9e21f7e612634:source/host/extensions/cloud-agents/extension.ts,source/host/extensions/cloud-agents/extension.rs,Rust,direct-equivalent,mapped,,,
source/host/extensions/cloud-agents/model-catalog-fetch.ts,iOS-owned Mahayana Host/runtime,b-nnett/grok-bot-0.18-reconstructed@a9f633e09d49a85829b8236331b9e21f7e612634:source/host/extensions/cloud-agents/model-catalog-fetch.ts,source/host/extensions/cloud-agents/model-catalog-fetch.rs,Rust,direct-equivalent,mapped,,,
source/host/extensions/codebase-telemetry/codebase-snapshot-trigger.ts,iOS-owned Mahayana Host/runtime,b-nnett/grok-bot-0.18-reconstructed@a9f633e09d49a85829b8236331b9e21f7e612634:source/host/extensions/codebase-telemetry/codebase-snapshot-trigger.ts,source/host/extensions/codebase-telemetry/codebase-snapshot-trigger.rs,Rust,direct-equivalent,mapped,,,
source/host/extensions/codebase-telemetry/codebase-telemetry-adapter.ts,iOS-owned Mahayana Host/runtime,b-nnett/grok-bot-0.18-reconstructed@a9f633e09d49a85829b8236331b9e21f7e612634:source/host/extensions/codebase-telemetry/codebase-telemetry-adapter.ts,source/host/extensions/codebase-telemetry/codebase-telemetry-adapter.rs,Rust,direct-equivalent,mapped,,,
source/host/extensions/codebase-telemetry/codebase-telemetry-host.ts,iOS-owned Mahayana Host/runtime,b-nnett/grok-bot-0.18-reconstructed@a9f633e09d49a85829b8236331b9e21f7e612634:source/host/extensions/codebase-telemetry/codebase-telemetry-host.ts,source/host/extensions/codebase-telemetry/codebase-telemetry-host.rs,Rust,direct-equivalent,mapped,,,
source/host/extensions/codebase-telemetry/codebase-telemetry-service.ts,iOS-owned Mahayana Host/runtime,b-nnett/grok-bot-0.18-reconstructed@a9f633e09d49a85829b8236331b9e21f7e612634:source/host/extensions/codebase-telemetry/codebase-telemetry-service.ts,source/host/extensions/codebase-telemetry/codebase-telemetry-service.rs,Rust,direct-equivalent,mapped,,,
source/host/extensions/codebase-telemetry/csnaps-capability.ts,iOS-owned Mahayana Host/runtime,b-nnett/grok-bot-0.18-reconstructed@a9f633e09d49a85829b8236331b9e21f7e612634:source/host/extensions/codebase-telemetry/csnaps-capability.ts,source/host/extensions/codebase-telemetry/csnaps-capability.rs,Rust,direct-equivalent,mapped,,,
source/host/extensions/codebase-telemetry/csnaps-process.ts,iOS-owned Mahayana Host/runtime,b-nnett/grok-bot-0.18-reconstructed@a9f633e09d49a85829b8236331b9e21f7e612634:source/host/extensions/codebase-telemetry/csnaps-process.ts,source/host/extensions/codebase-telemetry/csnaps-process.rs,Rust,direct-equivalent,mapped,,,
source/host/extensions/codebase-telemetry/csnaps-protocol.ts,iOS-owned Mahayana Host/runtime,b-nnett/grok-bot-0.18-reconstructed@a9f633e09d49a85829b8236331b9e21f7e612634:source/host/extensions/codebase-telemetry/csnaps-protocol.ts,source/host/extensions/codebase-telemetry/csnaps-protocol.rs,Rust,direct-equivalent,mapped,,,
source/host/extensions/codebase-telemetry/extension.ts,iOS-owned Mahayana Host/runtime,b-nnett/grok-bot-0.18-reconstructed@a9f633e09d49a85829b8236331b9e21f7e612634:source/host/extensions/codebase-telemetry/extension.ts,source/host/extensions/codebase-telemetry/extension.rs,Rust,direct-equivalent,mapped,,,
source/host/extensions/codebase-telemetry/privacy-mode.ts,iOS-owned Mahayana Host/runtime,b-nnett/grok-bot-0.18-reconstructed@a9f633e09d49a85829b8236331b9e21f7e612634:source/host/extensions/codebase-telemetry/privacy-mode.ts,source/host/extensions/codebase-telemetry/privacy-mode.rs,Rust,direct-equivalent,mapped,,,
source/host/extensions/content-search/agent-content-search.ts,iOS-owned Mahayana Host/runtime,b-nnett/grok-bot-0.18-reconstructed@a9f633e09d49a85829b8236331b9e21f7e612634:source/host/extensions/content-search/agent-content-search.ts,source/host/extensions/content-search/agent-content-search.rs,Rust,direct-equivalent,mapped,,,
source/host/extensions/content-search/extension.ts,iOS-owned Mahayana Host/runtime,b-nnett/grok-bot-0.18-reconstructed@a9f633e09d49a85829b8236331b9e21f7e612634:source/host/extensions/content-search/extension.ts,source/host/extensions/content-search/extension.rs,Rust,direct-equivalent,mapped,,,
source/host/extensions/content-search/search-index-db.ts,iOS-owned Mahayana Host/runtime,b-nnett/grok-bot-0.18-reconstructed@a9f633e09d49a85829b8236331b9e21f7e612634:source/host/extensions/content-search/search-index-db.ts,source/host/extensions/content-search/search-index-db.rs,Rust,direct-equivalent,mapped,,,
source/host/extensions/content-search/search-index-service.ts,iOS-owned Mahayana Host/runtime,b-nnett/grok-bot-0.18-reconstructed@a9f633e09d49a85829b8236331b9e21f7e612634:source/host/extensions/content-search/search-index-service.ts,source/host/extensions/content-search/search-index-service.rs,Rust,direct-equivalent,mapped,,,
source/host/extensions/content-search/search-index-worker.ts,iOS-owned Mahayana Host/runtime,b-nnett/grok-bot-0.18-reconstructed@a9f633e09d49a85829b8236331b9e21f7e612634:source/host/extensions/content-search/search-index-worker.ts,source/host/extensions/content-search/search-index-worker.rs,Rust,direct-equivalent,mapped,,,
source/host/extensions/content-search/search-index-writer.ts,iOS-owned Mahayana Host/runtime,b-nnett/grok-bot-0.18-reconstructed@a9f633e09d49a85829b8236331b9e21f7e612634:source/host/extensions/content-search/search-index-writer.ts,source/host/extensions/content-search/search-index-writer.rs,Rust,direct-equivalent,mapped,,,
source/host/extensions/cross-user-sharing/extension.ts,iOS-owned Mahayana Host/runtime,b-nnett/grok-bot-0.18-reconstructed@a9f633e09d49a85829b8236331b9e21f7e612634:source/host/extensions/cross-user-sharing/extension.ts,source/host/extensions/cross-user-sharing/extension.rs,Rust,direct-equivalent,mapped,,,
source/host/extensions/cross-user-sharing/xuser-departure-obligations.ts,iOS-owned Mahayana Host/runtime,b-nnett/grok-bot-0.18-reconstructed@a9f633e09d49a85829b8236331b9e21f7e612634:source/host/extensions/cross-user-sharing/xuser-departure-obligations.ts,source/host/extensions/cross-user-sharing/xuser-departure-obligations.rs,Rust,direct-equivalent,mapped,,,
source/host/extensions/cross-user-sharing/xuser-entry-publisher.ts,iOS-owned Mahayana Host/runtime,b-nnett/grok-bot-0.18-reconstructed@a9f633e09d49a85829b8236331b9e21f7e612634:source/host/extensions/cross-user-sharing/xuser-entry-publisher.ts,source/host/extensions/cross-user-sharing/xuser-entry-publisher.rs,Rust,direct-equivalent,mapped,,,
source/host/extensions/cross-user-sharing/xuser-pending-departure-store.ts,iOS-owned Mahayana Host/runtime,b-nnett/grok-bot-0.18-reconstructed@a9f633e09d49a85829b8236331b9e21f7e612634:source/host/extensions/cross-user-sharing/xuser-pending-departure-store.ts,source/host/extensions/cross-user-sharing/xuser-pending-departure-store.rs,Rust,direct-equivalent,mapped,,,
source/host/extensions/cross-user-sharing/xuser-relay.ts,iOS-owned Mahayana Host/runtime,b-nnett/grok-bot-0.18-reconstructed@a9f633e09d49a85829b8236331b9e21f7e612634:source/host/extensions/cross-user-sharing/xuser-relay.ts,source/host/extensions/cross-user-sharing/xuser-relay.rs,Rust,direct-equivalent,mapped,,,
source/host/extensions/cross-user-sharing/xuser-remote-turns.ts,iOS-owned Mahayana Host/runtime,b-nnett/grok-bot-0.18-reconstructed@a9f633e09d49a85829b8236331b9e21f7e612634:source/host/extensions/cross-user-sharing/xuser-remote-turns.ts,source/host/extensions/cross-user-sharing/xuser-remote-turns.rs,Rust,direct-equivalent,mapped,,,
source/host/extensions/cross-user-sharing/xuser-room-tombstone-store.ts,iOS-owned Mahayana Host/runtime,b-nnett/grok-bot-0.18-reconstructed@a9f633e09d49a85829b8236331b9e21f7e612634:source/host/extensions/cross-user-sharing/xuser-room-tombstone-store.ts,source/host/extensions/cross-user-sharing/xuser-room-tombstone-store.rs,Rust,direct-equivalent,mapped,,,
source/host/extensions/cross-user-sharing/xuser-sharing-environment.ts,iOS-owned Mahayana Host/runtime,b-nnett/grok-bot-0.18-reconstructed@a9f633e09d49a85829b8236331b9e21f7e612634:source/host/extensions/cross-user-sharing/xuser-sharing-environment.ts,source/host/extensions/cross-user-sharing/xuser-sharing-environment.rs,Rust,direct-equivalent,mapped,,,
source/host/extensions/cross-user-sharing/xuser-sharing-service.ts,iOS-owned Mahayana Host/runtime,b-nnett/grok-bot-0.18-reconstructed@a9f633e09d49a85829b8236331b9e21f7e612634:source/host/extensions/cross-user-sharing/xuser-sharing-service.ts,source/host/extensions/cross-user-sharing/xuser-sharing-service.rs,Rust,direct-equivalent,mapped,,,
source/host/extensions/cross-user-sharing/xuser-state-reconcile.ts,iOS-owned Mahayana Host/runtime,b-nnett/grok-bot-0.18-reconstructed@a9f633e09d49a85829b8236331b9e21f7e612634:source/host/extensions/cross-user-sharing/xuser-state-reconcile.ts,source/host/extensions/cross-user-sharing/xuser-state-reconcile.rs,Rust,direct-equivalent,mapped,,,
source/host/extensions/cross-user-sharing/xuser-turn-dedupe-store.ts,iOS-owned Mahayana Host/runtime,b-nnett/grok-bot-0.18-reconstructed@a9f633e09d49a85829b8236331b9e21f7e612634:source/host/extensions/cross-user-sharing/xuser-turn-dedupe-store.ts,source/host/extensions/cross-user-sharing/xuser-turn-dedupe-store.rs,Rust,direct-equivalent,mapped,,,
source/host/extensions/cross-user-sharing/xuser-wire-normalization.ts,iOS-owned Mahayana Host/runtime,b-nnett/grok-bot-0.18-reconstructed@a9f633e09d49a85829b8236331b9e21f7e612634:source/host/extensions/cross-user-sharing/xuser-wire-normalization.ts,source/host/extensions/cross-user-sharing/xuser-wire-normalization.rs,Rust,direct-equivalent,mapped,,,
source/host/extensions/experiments/extension.ts,iOS-owned Mahayana Host/runtime,b-nnett/grok-bot-0.18-reconstructed@a9f633e09d49a85829b8236331b9e21f7e612634:source/host/extensions/experiments/extension.ts,source/host/extensions/experiments/extension.rs,Rust,direct-equivalent,mapped,,,
source/host/extensions/extension-ids.generated.ts,iOS-owned Mahayana Host/runtime,b-nnett/grok-bot-0.18-reconstructed@a9f633e09d49a85829b8236331b9e21f7e612634:source/host/extensions/extension-ids.generated.ts,source/host/extensions/extension-ids.generated.rs,Rust,direct-equivalent,implemented,cargo test --manifest-path source/packages/mahayana-rs/Cargo.toml -p mahayana-app-host-mobile --lib --profile ci (extension_ids_generated::tests),,
source/host/extensions/forever-box/disk-pressure-guard.ts,iOS-owned Mahayana Host/runtime,b-nnett/grok-bot-0.18-reconstructed@a9f633e09d49a85829b8236331b9e21f7e612634:source/host/extensions/forever-box/disk-pressure-guard.ts,source/host/extensions/forever-box/disk-pressure-guard.rs,Rust,direct-equivalent,mapped,,,
source/host/extensions/forever-box/disk-pressure.ts,iOS-owned Mahayana Host/runtime,b-nnett/grok-bot-0.18-reconstructed@a9f633e09d49a85829b8236331b9e21f7e612634:source/host/extensions/forever-box/disk-pressure.ts,source/host/extensions/forever-box/disk-pressure.rs,Rust,direct-equivalent,mapped,,,
source/host/extensions/forever-box/extension.ts,iOS-owned Mahayana Host/runtime,b-nnett/grok-bot-0.18-reconstructed@a9f633e09d49a85829b8236331b9e21f7e612634:source/host/extensions/forever-box/extension.ts,source/host/extensions/forever-box/extension.rs,Rust,direct-equivalent,mapped,,,
source/host/extensions/forever-box/forever-box-service.ts,iOS-owned Mahayana Host/runtime,b-nnett/grok-bot-0.18-reconstructed@a9f633e09d49a85829b8236331b9e21f7e612634:source/host/extensions/forever-box/forever-box-service.ts,source/host/extensions/forever-box/forever-box-service.rs,Rust,direct-equivalent,mapped,,,
source/host/extensions/forever-box/host-box.ts,iOS-owned Mahayana Host/runtime,b-nnett/grok-bot-0.18-reconstructed@a9f633e09d49a85829b8236331b9e21f7e612634:source/host/extensions/forever-box/host-box.ts,source/host/extensions/forever-box/host-box.rs,Rust,direct-equivalent,mapped,,,
source/host/extensions/host-upgrade/extension.ts,iOS-owned Mahayana Host/runtime,b-nnett/grok-bot-0.18-reconstructed@a9f633e09d49a85829b8236331b9e21f7e612634:source/host/extensions/host-upgrade/extension.ts,source/host/extensions/host-upgrade/extension.rs,Rust,direct-equivalent,mapped,,,
source/host/extensions/host-upgrade/host-bundle-source.ts,iOS-owned Mahayana Host/runtime,b-nnett/grok-bot-0.18-reconstructed@a9f633e09d49a85829b8236331b9e21f7e612634:source/host/extensions/host-upgrade/host-bundle-source.ts,source/host/extensions/host-upgrade/host-bundle-source.rs,Rust,direct-equivalent,mapped,,,
source/host/extensions/host-upgrade/host-bundle-upgrade.ts,iOS-owned Mahayana Host/runtime,b-nnett/grok-bot-0.18-reconstructed@a9f633e09d49a85829b8236331b9e21f7e612634:source/host/extensions/host-upgrade/host-bundle-upgrade.ts,source/host/extensions/host-upgrade/host-bundle-upgrade.rs,Rust,direct-equivalent,mapped,,,
source/host/extensions/host-upgrade/host-upgrade-marker.ts,iOS-owned Mahayana Host/runtime,b-nnett/grok-bot-0.18-reconstructed@a9f633e09d49a85829b8236331b9e21f7e612634:source/host/extensions/host-upgrade/host-upgrade-marker.ts,source/host/extensions/host-upgrade/host-upgrade-marker.rs,Rust,direct-equivalent,mapped,,,
source/host/extensions/host-upgrade/host-upgrade-service.ts,iOS-owned Mahayana Host/runtime,b-nnett/grok-bot-0.18-reconstructed@a9f633e09d49a85829b8236331b9e21f7e612634:source/host/extensions/host-upgrade/host-upgrade-service.ts,source/host/extensions/host-upgrade/host-upgrade-service.rs,Rust,direct-equivalent,mapped,,,
source/host/extensions/inference/codex-direct-responses.ts,iOS-owned Mahayana Host/runtime,b-nnett/grok-bot-0.18-reconstructed@a9f633e09d49a85829b8236331b9e21f7e612634:source/host/extensions/inference/codex-direct-responses.ts,source/host/extensions/inference/codex-direct-responses.rs,Rust,direct-equivalent,mapped,,,
source/host/extensions/inference/cursor-session.ts,iOS-owned Mahayana Host/runtime,b-nnett/grok-bot-0.18-reconstructed@a9f633e09d49a85829b8236331b9e21f7e612634:source/host/extensions/inference/cursor-session.ts,source/host/extensions/inference/cursor-session.rs,Rust,direct-equivalent,mapped,,,
source/host/extensions/inference/cursor-web-tools.ts,iOS-owned Mahayana Host/runtime,b-nnett/grok-bot-0.18-reconstructed@a9f633e09d49a85829b8236331b9e21f7e612634:source/host/extensions/inference/cursor-web-tools.ts,source/host/extensions/inference/cursor-web-tools.rs,Rust,direct-equivalent,mapped,,,
source/host/extensions/inference/extension.ts,iOS-owned Mahayana Host/runtime,b-nnett/grok-bot-0.18-reconstructed@a9f633e09d49a85829b8236331b9e21f7e612634:source/host/extensions/inference/extension.ts,source/host/extensions/inference/extension.rs,Rust,direct-equivalent,mapped,,,
source/host/extensions/inference/inference-service.ts,iOS-owned Mahayana Host/runtime,b-nnett/grok-bot-0.18-reconstructed@a9f633e09d49a85829b8236331b9e21f7e612634:source/host/extensions/inference/inference-service.ts,source/host/extensions/inference/inference-service.rs,Rust,direct-equivalent,mapped,,,
source/host/extensions/inference/production.ts,iOS-owned Mahayana Host/runtime,b-nnett/grok-bot-0.18-reconstructed@a9f633e09d49a85829b8236331b9e21f7e612634:source/host/extensions/inference/production.ts,source/host/extensions/inference/production.rs,Rust,direct-equivalent,mapped,,,
source/host/extensions/inference/provider-session.ts,iOS-owned Mahayana Host/runtime,b-nnett/grok-bot-0.18-reconstructed@a9f633e09d49a85829b8236331b9e21f7e612634:source/host/extensions/inference/provider-session.ts,source/host/extensions/inference/provider-session.rs,Rust,direct-equivalent,mapped,,,
source/host/extensions/inference/sand-labeling.ts,iOS-owned Mahayana Host/runtime,b-nnett/grok-bot-0.18-reconstructed@a9f633e09d49a85829b8236331b9e21f7e612634:source/host/extensions/inference/sand-labeling.ts,source/host/extensions/inference/sand-labeling.rs,Rust,direct-equivalent,mapped,,,
source/host/extensions/inference/sand-model-experiment.ts,iOS-owned Mahayana Host/runtime,b-nnett/grok-bot-0.18-reconstructed@a9f633e09d49a85829b8236331b9e21f7e612634:source/host/extensions/inference/sand-model-experiment.ts,source/host/extensions/inference/sand-model-experiment.rs,Rust,direct-equivalent,mapped,,,
source/host/extensions/local-exec/extension.ts,iOS-owned Mahayana Host/runtime,b-nnett/grok-bot-0.18-reconstructed@a9f633e09d49a85829b8236331b9e21f7e612634:source/host/extensions/local-exec/extension.ts,source/host/extensions/local-exec/extension.rs,Rust,direct-equivalent,mapped,,,
source/host/extensions/local-exec/gateway-local-exec-sand-box.ts,iOS-owned Mahayana Host/runtime,b-nnett/grok-bot-0.18-reconstructed@a9f633e09d49a85829b8236331b9e21f7e612634:source/host/extensions/local-exec/gateway-local-exec-sand-box.ts,source/host/extensions/local-exec/gateway-local-exec-sand-box.rs,Rust,direct-equivalent,mapped,,,
source/host/extensions/local-exec/local-exec-bridge.ts,iOS-owned Mahayana Host/runtime,b-nnett/grok-bot-0.18-reconstructed@a9f633e09d49a85829b8236331b9e21f7e612634:source/host/extensions/local-exec/local-exec-bridge.ts,source/host/extensions/local-exec/local-exec-bridge.rs,Rust,direct-equivalent,mapped,,,
source/host/extensions/local-exec/local-exec-error.ts,iOS-owned Mahayana Host/runtime,b-nnett/grok-bot-0.18-reconstructed@a9f633e09d49a85829b8236331b9e21f7e612634:source/host/extensions/local-exec/local-exec-error.ts,source/host/extensions/local-exec/local-exec-error.rs,Rust,direct-equivalent,implemented,cargo test --manifest-path source/packages/mahayana-rs/Cargo.toml -p mahayana-app-host-mobile --lib local_exec_error::tests,,"iOS-owned Rust target is compiled by the shipping mahayana-app-host-mobile graph and has focused module tests; this row is promoted only to implemented, while end-to-end production call-path and final exact-HEAD acceptance remain required before verified."
source/host/extensions/local-exec/local-exec-failure-classifier.ts,iOS-owned Mahayana Host/runtime,b-nnett/grok-bot-0.18-reconstructed@a9f633e09d49a85829b8236331b9e21f7e612634:source/host/extensions/local-exec/local-exec-failure-classifier.ts,source/host/extensions/local-exec/local-exec-failure-classifier.rs,Rust,direct-equivalent,implemented,cargo test --manifest-path source/packages/mahayana-rs/Cargo.toml -p mahayana-app-host-mobile --lib local_exec_failure_classifier::tests,,"Rust classifier now preserves spawn/spawnSync word-boundary detection, errno extraction and ENOENT/EACCES/EPERM/other classes with behavior tests; keep mapped until the production local-exec service consumes it. iOS-owned Rust target is compiled by the shipping mahayana-app-host-mobile graph and has focused module tests; this row is promoted only to implemented, while end-to-end production call-path and final exact-HEAD acceptance remain required before verified."
source/host/extensions/local-exec/production.ts,iOS-owned Mahayana Host/runtime,b-nnett/grok-bot-0.18-reconstructed@a9f633e09d49a85829b8236331b9e21f7e612634:source/host/extensions/local-exec/production.ts,source/host/extensions/local-exec/production.rs,Rust,direct-equivalent,mapped,,,
source/host/extensions/local-tool-permission/extension.ts,iOS-owned Mahayana Host/runtime,b-nnett/grok-bot-0.18-reconstructed@a9f633e09d49a85829b8236331b9e21f7e612634:source/host/extensions/local-tool-permission/extension.ts,source/host/extensions/local-tool-permission/extension.rs,Rust,direct-equivalent,mapped,,,
source/host/extensions/local-tool-permission/local-tool-permission-controller.ts,iOS-owned Mahayana Host/runtime,b-nnett/grok-bot-0.18-reconstructed@a9f633e09d49a85829b8236331b9e21f7e612634:source/host/extensions/local-tool-permission/local-tool-permission-controller.ts,source/host/extensions/local-tool-permission/local-tool-permission-controller.rs,Rust,direct-equivalent,mapped,,,
source/host/extensions/local-tool-permission/local-tool-permission-resolution.ts,iOS-owned Mahayana Host/runtime,b-nnett/grok-bot-0.18-reconstructed@a9f633e09d49a85829b8236331b9e21f7e612634:source/host/extensions/local-tool-permission/local-tool-permission-resolution.ts,source/host/extensions/local-tool-permission/local-tool-permission-resolution.rs,Rust,direct-equivalent,mapped,,,
source/host/extensions/managed-setup/cursor-skills-marketplace.ts,iOS-owned Mahayana Host/runtime,b-nnett/grok-bot-0.18-reconstructed@a9f633e09d49a85829b8236331b9e21f7e612634:source/host/extensions/managed-setup/cursor-skills-marketplace.ts,source/host/extensions/managed-setup/cursor-skills-marketplace.rs,Rust,direct-equivalent,mapped,,,
source/host/extensions/managed-setup/extension.ts,iOS-owned Mahayana Host/runtime,b-nnett/grok-bot-0.18-reconstructed@a9f633e09d49a85829b8236331b9e21f7e612634:source/host/extensions/managed-setup/extension.ts,source/host/extensions/managed-setup/extension.rs,Rust,direct-equivalent,mapped,,,
source/host/extensions/managed-setup/managed-skills-cache.ts,iOS-owned Mahayana Host/runtime,b-nnett/grok-bot-0.18-reconstructed@a9f633e09d49a85829b8236331b9e21f7e612634:source/host/extensions/managed-setup/managed-skills-cache.ts,source/host/extensions/managed-setup/managed-skills-cache.rs,Rust,direct-equivalent,mapped,,,
source/host/extensions/managed-setup/managed-skills-service.ts,iOS-owned Mahayana Host/runtime,b-nnett/grok-bot-0.18-reconstructed@a9f633e09d49a85829b8236331b9e21f7e612634:source/host/extensions/managed-setup/managed-skills-service.ts,source/host/extensions/managed-setup/managed-skills-service.rs,Rust,direct-equivalent,mapped,,,
source/host/extensions/managed-setup/production.ts,iOS-owned Mahayana Host/runtime,b-nnett/grok-bot-0.18-reconstructed@a9f633e09d49a85829b8236331b9e21f7e612634:source/host/extensions/managed-setup/production.ts,source/host/extensions/managed-setup/production.rs,Rust,direct-equivalent,mapped,,,
source/host/extensions/managed-setup/sand-managed-skills.ts,iOS-owned Mahayana Host/runtime,b-nnett/grok-bot-0.18-reconstructed@a9f633e09d49a85829b8236331b9e21f7e612634:source/host/extensions/managed-setup/sand-managed-skills.ts,source/host/extensions/managed-setup/sand-managed-skills.rs,Rust,direct-equivalent,mapped,,,
source/host/extensions/managed-setup/team-rules.ts,iOS-owned Mahayana Host/runtime,b-nnett/grok-bot-0.18-reconstructed@a9f633e09d49a85829b8236331b9e21f7e612634:source/host/extensions/managed-setup/team-rules.ts,source/host/extensions/managed-setup/team-rules.rs,Rust,direct-equivalent,mapped,,,
source/host/extensions/mcp/box-mcp-exec.ts,iOS-owned Mahayana Host/runtime,b-nnett/grok-bot-0.18-reconstructed@a9f633e09d49a85829b8236331b9e21f7e612634:source/host/extensions/mcp/box-mcp-exec.ts,source/host/extensions/mcp/box-mcp-exec.rs,Rust,direct-equivalent,mapped,,,
source/host/extensions/mcp/extension.ts,iOS-owned Mahayana Host/runtime,b-nnett/grok-bot-0.18-reconstructed@a9f633e09d49a85829b8236331b9e21f7e612634:source/host/extensions/mcp/extension.ts,source/host/extensions/mcp/extension.rs,Rust,direct-equivalent,mapped,,,
source/host/extensions/mcp/legacy-live-references.ts,iOS-owned Mahayana Host/runtime,b-nnett/grok-bot-0.18-reconstructed@a9f633e09d49a85829b8236331b9e21f7e612634:source/host/extensions/mcp/legacy-live-references.ts,source/host/extensions/mcp/legacy-live-references.rs,Rust,direct-equivalent,mapped,,,
source/host/extensions/mcp/mcp-service.ts,iOS-owned Mahayana Host/runtime,b-nnett/grok-bot-0.18-reconstructed@a9f633e09d49a85829b8236331b9e21f7e612634:source/host/extensions/mcp/mcp-service.ts,source/host/extensions/mcp/mcp-service.rs,Rust,direct-equivalent,mapped,,,
source/host/extensions/mcp/plugin-skills-cache.ts,iOS-owned Mahayana Host/runtime,b-nnett/grok-bot-0.18-reconstructed@a9f633e09d49a85829b8236331b9e21f7e612634:source/host/extensions/mcp/plugin-skills-cache.ts,source/host/extensions/mcp/plugin-skills-cache.rs,Rust,direct-equivalent,mapped,,,
source/host/extensions/mcp/plugin-skills.ts,iOS-owned Mahayana Host/runtime,b-nnett/grok-bot-0.18-reconstructed@a9f633e09d49a85829b8236331b9e21f7e612634:source/host/extensions/mcp/plugin-skills.ts,source/host/extensions/mcp/plugin-skills.rs,Rust,direct-equivalent,mapped,,,
source/host/extensions/mcp/production.ts,iOS-owned Mahayana Host/runtime,b-nnett/grok-bot-0.18-reconstructed@a9f633e09d49a85829b8236331b9e21f7e612634:source/host/extensions/mcp/production.ts,source/host/extensions/mcp/production.rs,Rust,direct-equivalent,mapped,,,
source/host/extensions/mcp/skill-publish.ts,iOS-owned Mahayana Host/runtime,b-nnett/grok-bot-0.18-reconstructed@a9f633e09d49a85829b8236331b9e21f7e612634:source/host/extensions/mcp/skill-publish.ts,source/host/extensions/mcp/skill-publish.rs,Rust,direct-equivalent,mapped,,,
source/host/extensions/memory/agent-state.ts,iOS-owned Mahayana Host/runtime,b-nnett/grok-bot-0.18-reconstructed@a9f633e09d49a85829b8236331b9e21f7e612634:source/host/extensions/memory/agent-state.ts,source/host/extensions/memory/agent-state.rs,Rust,direct-equivalent,mapped,,,
source/host/extensions/memory/extension.ts,iOS-owned Mahayana Host/runtime,b-nnett/grok-bot-0.18-reconstructed@a9f633e09d49a85829b8236331b9e21f7e612634:source/host/extensions/memory/extension.ts,source/host/extensions/memory/extension.rs,Rust,direct-equivalent,mapped,,,
source/host/extensions/memory/memory-service.ts,iOS-owned Mahayana Host/runtime,b-nnett/grok-bot-0.18-reconstructed@a9f633e09d49a85829b8236331b9e21f7e612634:source/host/extensions/memory/memory-service.ts,source/host/extensions/memory/memory-service.rs,Rust,direct-equivalent,mapped,,,
source/host/extensions/memory/memory-synthesis-service.ts,iOS-owned Mahayana Host/runtime,b-nnett/grok-bot-0.18-reconstructed@a9f633e09d49a85829b8236331b9e21f7e612634:source/host/extensions/memory/memory-synthesis-service.ts,source/host/extensions/memory/memory-synthesis-service.rs,Rust,direct-equivalent,mapped,,,
source/host/extensions/memory/production.ts,iOS-owned Mahayana Host/runtime,b-nnett/grok-bot-0.18-reconstructed@a9f633e09d49a85829b8236331b9e21f7e612634:source/host/extensions/memory/production.ts,source/host/extensions/memory/production.rs,Rust,direct-equivalent,mapped,,,
source/host/extensions/memory/project-membership.ts,iOS-owned Mahayana Host/runtime,b-nnett/grok-bot-0.18-reconstructed@a9f633e09d49a85829b8236331b9e21f7e612634:source/host/extensions/memory/project-membership.ts,source/host/extensions/memory/project-membership.rs,Rust,direct-equivalent,mapped,,,
source/host/extensions/notifications/extension.ts,iOS-owned Mahayana Host/runtime,b-nnett/grok-bot-0.18-reconstructed@a9f633e09d49a85829b8236331b9e21f7e612634:source/host/extensions/notifications/extension.ts,source/host/extensions/notifications/extension.rs,Rust,direct-equivalent,mapped,,,
source/host/extensions/notifications/mobile-push-notifier.ts,iOS-owned Mahayana Host/runtime,b-nnett/grok-bot-0.18-reconstructed@a9f633e09d49a85829b8236331b9e21f7e612634:source/host/extensions/notifications/mobile-push-notifier.ts,source/host/extensions/notifications/mobile-push-notifier.rs,Rust,direct-equivalent,mapped,,,
source/host/extensions/notify-bus/extension.ts,iOS-owned Mahayana Host/runtime,b-nnett/grok-bot-0.18-reconstructed@a9f633e09d49a85829b8236331b9e21f7e612634:source/host/extensions/notify-bus/extension.ts,source/host/extensions/notify-bus/extension.rs,Rust,direct-equivalent,mapped,,,
source/host/extensions/notify-bus/notify-bus-client.ts,iOS-owned Mahayana Host/runtime,b-nnett/grok-bot-0.18-reconstructed@a9f633e09d49a85829b8236331b9e21f7e612634:source/host/extensions/notify-bus/notify-bus-client.ts,source/host/extensions/notify-bus/notify-bus-client.rs,Rust,direct-equivalent,mapped,,,
source/host/extensions/registry.ts,iOS-owned Mahayana Host/runtime,b-nnett/grok-bot-0.18-reconstructed@a9f633e09d49a85829b8236331b9e21f7e612634:source/host/extensions/registry.ts,source/host/extensions/registry.rs,Rust,direct-equivalent,mapped,,,
source/host/extensions/secrets/extension.ts,iOS-owned Mahayana Host/runtime,b-nnett/grok-bot-0.18-reconstructed@a9f633e09d49a85829b8236331b9e21f7e612634:source/host/extensions/secrets/extension.ts,source/host/extensions/secrets/extension.rs,Rust,direct-equivalent,mapped,,,
source/host/extensions/secrets/secrets-service.ts,iOS-owned Mahayana Host/runtime,b-nnett/grok-bot-0.18-reconstructed@a9f633e09d49a85829b8236331b9e21f7e612634:source/host/extensions/secrets/secrets-service.ts,source/host/extensions/secrets/secrets-service.rs,Rust,direct-equivalent,mapped,,,
source/host/extensions/session/agent-db-recovery.ts,iOS-owned Mahayana Host/runtime,b-nnett/grok-bot-0.18-reconstructed@a9f633e09d49a85829b8236331b9e21f7e612634:source/host/extensions/session/agent-db-recovery.ts,source/host/extensions/session/agent-db-recovery.rs,Rust,direct-equivalent,mapped,,,
source/host/extensions/session/agent-db-schema.ts,iOS-owned Mahayana Host/runtime,b-nnett/grok-bot-0.18-reconstructed@a9f633e09d49a85829b8236331b9e21f7e612634:source/host/extensions/session/agent-db-schema.ts,source/host/extensions/session/agent-db-schema.rs,Rust,direct-equivalent,mapped,,,
source/host/extensions/session/agent-db-serde.ts,iOS-owned Mahayana Host/runtime,b-nnett/grok-bot-0.18-reconstructed@a9f633e09d49a85829b8236331b9e21f7e612634:source/host/extensions/session/agent-db-serde.ts,source/host/extensions/session/agent-db-serde.rs,Rust,direct-equivalent,mapped,,,
source/host/extensions/session/agent-db-transcript-pages.ts,iOS-owned Mahayana Host/runtime,b-nnett/grok-bot-0.18-reconstructed@a9f633e09d49a85829b8236331b9e21f7e612634:source/host/extensions/session/agent-db-transcript-pages.ts,source/host/extensions/session/agent-db-transcript-pages.rs,Rust,direct-equivalent,mapped,,,
source/host/extensions/session/agent-db.ts,iOS-owned Mahayana Host/runtime,b-nnett/grok-bot-0.18-reconstructed@a9f633e09d49a85829b8236331b9e21f7e612634:source/host/extensions/session/agent-db.ts,source/host/extensions/session/agent-db.rs,Rust,direct-equivalent,mapped,,,
source/host/extensions/session/agent-session.ts,iOS-owned Mahayana Host/runtime,b-nnett/grok-bot-0.18-reconstructed@a9f633e09d49a85829b8236331b9e21f7e612634:source/host/extensions/session/agent-session.ts,source/host/extensions/session/agent-session.rs,Rust,direct-equivalent,mapped,,,
source/host/extensions/session/box-handoff-service.ts,iOS-owned Mahayana Host/runtime,b-nnett/grok-bot-0.18-reconstructed@a9f633e09d49a85829b8236331b9e21f7e612634:source/host/extensions/session/box-handoff-service.ts,source/host/extensions/session/box-handoff-service.rs,Rust,direct-equivalent,mapped,,,
source/host/extensions/session/channel-store.ts,iOS-owned Mahayana Host/runtime,b-nnett/grok-bot-0.18-reconstructed@a9f633e09d49a85829b8236331b9e21f7e612634:source/host/extensions/session/channel-store.ts,source/host/extensions/session/channel-store.rs,Rust,direct-equivalent,mapped,,,
source/host/extensions/session/connector-secret-store.ts,iOS-owned Mahayana Host/runtime,b-nnett/grok-bot-0.18-reconstructed@a9f633e09d49a85829b8236331b9e21f7e612634:source/host/extensions/session/connector-secret-store.ts,source/host/extensions/session/connector-secret-store.rs,Rust,direct-equivalent,mapped,,,
source/host/extensions/session/conversation-blobs-path.ts,iOS-owned Mahayana Host/runtime,b-nnett/grok-bot-0.18-reconstructed@a9f633e09d49a85829b8236331b9e21f7e612634:source/host/extensions/session/conversation-blobs-path.ts,source/host/extensions/session/conversation-blobs-path.rs,Rust,direct-equivalent,implemented,cargo test --manifest-path source/packages/mahayana-rs/Cargo.toml -p mahayana-app-host-mobile --lib conversation_blobs_path::tests,,"iOS-owned Rust target is compiled by the shipping mahayana-app-host-mobile graph and has focused module tests; this row is promoted only to implemented, while end-to-end production call-path and final exact-HEAD acceptance remain required before verified."
source/host/extensions/session/conversation-recovery.ts,iOS-owned Mahayana Host/runtime,b-nnett/grok-bot-0.18-reconstructed@a9f633e09d49a85829b8236331b9e21f7e612634:source/host/extensions/session/conversation-recovery.ts,source/host/extensions/session/conversation-recovery.rs,Rust,direct-equivalent,mapped,,,
source/host/extensions/session/conversation-size-limits.ts,iOS-owned Mahayana Host/runtime,b-nnett/grok-bot-0.18-reconstructed@a9f633e09d49a85829b8236331b9e21f7e612634:source/host/extensions/session/conversation-size-limits.ts,source/host/extensions/session/conversation-size-limits.rs,Rust,direct-equivalent,mapped,,,
source/host/extensions/session/extension.ts,iOS-owned Mahayana Host/runtime,b-nnett/grok-bot-0.18-reconstructed@a9f633e09d49a85829b8236331b9e21f7e612634:source/host/extensions/session/extension.ts,source/host/extensions/session/extension.rs,Rust,direct-equivalent,mapped,,,
source/host/extensions/session/pending-card-sweeps.ts,iOS-owned Mahayana Host/runtime,b-nnett/grok-bot-0.18-reconstructed@a9f633e09d49a85829b8236331b9e21f7e612634:source/host/extensions/session/pending-card-sweeps.ts,source/host/extensions/session/pending-card-sweeps.rs,Rust,direct-equivalent,mapped,,,
source/host/extensions/session/production.ts,iOS-owned Mahayana Host/runtime,b-nnett/grok-bot-0.18-reconstructed@a9f633e09d49a85829b8236331b9e21f7e612634:source/host/extensions/session/production.ts,source/host/extensions/session/production.rs,Rust,direct-equivalent,mapped,,,
source/host/extensions/session/session-conversation-state.ts,iOS-owned Mahayana Host/runtime,b-nnett/grok-bot-0.18-reconstructed@a9f633e09d49a85829b8236331b9e21f7e612634:source/host/extensions/session/session-conversation-state.ts,source/host/extensions/session/session-conversation-state.rs,Rust,direct-equivalent,mapped,,,
source/host/extensions/session/session-diagnostics.ts,iOS-owned Mahayana Host/runtime,b-nnett/grok-bot-0.18-reconstructed@a9f633e09d49a85829b8236331b9e21f7e612634:source/host/extensions/session/session-diagnostics.ts,source/host/extensions/session/session-diagnostics.rs,Rust,direct-equivalent,implemented,cargo test --manifest-path source/packages/mahayana-rs/Cargo.toml -p mahayana-app-host-mobile --lib --profile ci (session_diagnostics::tests),,
source/host/extensions/session/session-maintenance.ts,iOS-owned Mahayana Host/runtime,b-nnett/grok-bot-0.18-reconstructed@a9f633e09d49a85829b8236331b9e21f7e612634:source/host/extensions/session/session-maintenance.ts,source/host/extensions/session/session-maintenance.rs,Rust,direct-equivalent,mapped,,,
source/host/extensions/session/session-materialization.ts,iOS-owned Mahayana Host/runtime,b-nnett/grok-bot-0.18-reconstructed@a9f633e09d49a85829b8236331b9e21f7e612634:source/host/extensions/session/session-materialization.ts,source/host/extensions/session/session-materialization.rs,Rust,direct-equivalent,mapped,,,
source/host/extensions/session/session-mutations.ts,iOS-owned Mahayana Host/runtime,b-nnett/grok-bot-0.18-reconstructed@a9f633e09d49a85829b8236331b9e21f7e612634:source/host/extensions/session/session-mutations.ts,source/host/extensions/session/session-mutations.rs,Rust,direct-equivalent,mapped,,,
source/host/extensions/session/session-paths.ts,iOS-owned Mahayana Host/runtime,b-nnett/grok-bot-0.18-reconstructed@a9f633e09d49a85829b8236331b9e21f7e612634:source/host/extensions/session/session-paths.ts,source/host/extensions/session/session-paths.rs,Rust,direct-equivalent,mapped,,,
source/host/extensions/session/session-profile-files.ts,iOS-owned Mahayana Host/runtime,b-nnett/grok-bot-0.18-reconstructed@a9f633e09d49a85829b8236331b9e21f7e612634:source/host/extensions/session/session-profile-files.ts,source/host/extensions/session/session-profile-files.rs,Rust,direct-equivalent,mapped,,,
source/host/extensions/session/session-projection.ts,iOS-owned Mahayana Host/runtime,b-nnett/grok-bot-0.18-reconstructed@a9f633e09d49a85829b8236331b9e21f7e612634:source/host/extensions/session/session-projection.ts,source/host/extensions/session/session-projection.rs,Rust,direct-equivalent,mapped,,,
source/host/extensions/session/session-recovery.ts,iOS-owned Mahayana Host/runtime,b-nnett/grok-bot-0.18-reconstructed@a9f633e09d49a85829b8236331b9e21f7e612634:source/host/extensions/session/session-recovery.ts,source/host/extensions/session/session-recovery.rs,Rust,direct-equivalent,mapped,,,
source/host/extensions/session/session-roster.ts,iOS-owned Mahayana Host/runtime,b-nnett/grok-bot-0.18-reconstructed@a9f633e09d49a85829b8236331b9e21f7e612634:source/host/extensions/session/session-roster.ts,source/host/extensions/session/session-roster.rs,Rust,direct-equivalent,mapped,,,
source/host/extensions/session/session-store-factories.ts,iOS-owned Mahayana Host/runtime,b-nnett/grok-bot-0.18-reconstructed@a9f633e09d49a85829b8236331b9e21f7e612634:source/host/extensions/session/session-store-factories.ts,source/host/extensions/session/session-store-factories.rs,Rust,direct-equivalent,mapped,,,
source/host/extensions/session/session-summaries.ts,iOS-owned Mahayana Host/runtime,b-nnett/grok-bot-0.18-reconstructed@a9f633e09d49a85829b8236331b9e21f7e612634:source/host/extensions/session/session-summaries.ts,source/host/extensions/session/session-summaries.rs,Rust,direct-equivalent,mapped,,,
source/host/extensions/settings/extension.ts,iOS-owned Mahayana Host/runtime,b-nnett/grok-bot-0.18-reconstructed@a9f633e09d49a85829b8236331b9e21f7e612634:source/host/extensions/settings/extension.ts,source/host/extensions/settings/extension.rs,Rust,direct-equivalent,mapped,,,
source/host/extensions/settings/settings-service.ts,iOS-owned Mahayana Host/runtime,b-nnett/grok-bot-0.18-reconstructed@a9f633e09d49a85829b8236331b9e21f7e612634:source/host/extensions/settings/settings-service.ts,source/host/extensions/settings/settings-service.rs,Rust,direct-equivalent,mapped,,,
source/host/extensions/source-map/extension.ts,iOS-owned Mahayana Host/runtime,b-nnett/grok-bot-0.18-reconstructed@a9f633e09d49a85829b8236331b9e21f7e612634:source/host/extensions/source-map/extension.ts,source/host/extensions/source-map/extension.rs,Rust,direct-equivalent,mapped,,,
source/host/extensions/source-map/source-map-service.ts,iOS-owned Mahayana Host/runtime,b-nnett/grok-bot-0.18-reconstructed@a9f633e09d49a85829b8236331b9e21f7e612634:source/host/extensions/source-map/source-map-service.ts,source/host/extensions/source-map/source-map-service.rs,Rust,direct-equivalent,mapped,,,
source/host/extensions/state-backstop/extension.ts,iOS-owned Mahayana Host/runtime,b-nnett/grok-bot-0.18-reconstructed@a9f633e09d49a85829b8236331b9e21f7e612634:source/host/extensions/state-backstop/extension.ts,source/host/extensions/state-backstop/extension.rs,Rust,direct-equivalent,mapped,,,
source/host/extensions/state-backstop/state-backstop-service.ts,iOS-owned Mahayana Host/runtime,b-nnett/grok-bot-0.18-reconstructed@a9f633e09d49a85829b8236331b9e21f7e612634:source/host/extensions/state-backstop/state-backstop-service.ts,source/host/extensions/state-backstop/state-backstop-service.rs,Rust,direct-equivalent,mapped,,,
source/host/extensions/teach-recording/extension.ts,iOS-owned Mahayana Host/runtime,b-nnett/grok-bot-0.18-reconstructed@a9f633e09d49a85829b8236331b9e21f7e612634:source/host/extensions/teach-recording/extension.ts,source/host/extensions/teach-recording/extension.rs,Rust,direct-equivalent,mapped,,,
source/host/extensions/teach-recording/teach-recording-service.ts,iOS-owned Mahayana Host/runtime,b-nnett/grok-bot-0.18-reconstructed@a9f633e09d49a85829b8236331b9e21f7e612634:source/host/extensions/teach-recording/teach-recording-service.ts,source/host/extensions/teach-recording/teach-recording-service.rs,Rust,direct-equivalent,mapped,,,
source/host/extensions/telemetry/analytics-service.ts,iOS-owned Mahayana Host/runtime,b-nnett/grok-bot-0.18-reconstructed@a9f633e09d49a85829b8236331b9e21f7e612634:source/host/extensions/telemetry/analytics-service.ts,source/host/extensions/telemetry/analytics-service.rs,Rust,direct-equivalent,mapped,,,
source/host/extensions/telemetry/auto-review-approval-telemetry.ts,iOS-owned Mahayana Host/runtime,b-nnett/grok-bot-0.18-reconstructed@a9f633e09d49a85829b8236331b9e21f7e612634:source/host/extensions/telemetry/auto-review-approval-telemetry.ts,source/host/extensions/telemetry/auto-review-approval-telemetry.rs,Rust,direct-equivalent,implemented,cargo test --manifest-path source/packages/mahayana-rs/Cargo.toml -p mahayana-app-host-mobile --lib auto_review_approval_telemetry::tests,,"iOS-owned Rust target is compiled by the shipping mahayana-app-host-mobile graph and has focused module tests; this row is promoted only to implemented, while end-to-end production call-path and final exact-HEAD acceptance remain required before verified."
source/host/extensions/telemetry/automation-fire-telemetry.ts,iOS-owned Mahayana Host/runtime,b-nnett/grok-bot-0.18-reconstructed@a9f633e09d49a85829b8236331b9e21f7e612634:source/host/extensions/telemetry/automation-fire-telemetry.ts,source/host/extensions/telemetry/automation-fire-telemetry.rs,Rust,direct-equivalent,mapped,,,
source/host/extensions/telemetry/automation-shadow-prune-telemetry.ts,iOS-owned Mahayana Host/runtime,b-nnett/grok-bot-0.18-reconstructed@a9f633e09d49a85829b8236331b9e21f7e612634:source/host/extensions/telemetry/automation-shadow-prune-telemetry.ts,source/host/extensions/telemetry/automation-shadow-prune-telemetry.rs,Rust,direct-equivalent,implemented,cargo test --manifest-path source/packages/mahayana-rs/Cargo.toml -p mahayana-app-host-mobile --lib automation_shadow_prune_telemetry::tests,,"iOS-owned Rust target is compiled by the shipping mahayana-app-host-mobile graph and has focused module tests; this row is promoted only to implemented, while end-to-end production call-path and final exact-HEAD acceptance remain required before verified."
source/host/extensions/telemetry/box-log-ship-telemetry.ts,iOS-owned Mahayana Host/runtime,b-nnett/grok-bot-0.18-reconstructed@a9f633e09d49a85829b8236331b9e21f7e612634:source/host/extensions/telemetry/box-log-ship-telemetry.ts,source/host/extensions/telemetry/box-log-ship-telemetry.rs,Rust,direct-equivalent,implemented,cargo test --manifest-path source/packages/mahayana-rs/Cargo.toml -p mahayana-app-host-mobile --lib box_log_ship_telemetry::tests,,"iOS-owned Rust target is compiled by the shipping mahayana-app-host-mobile graph and has focused module tests; this row is promoted only to implemented, while end-to-end production call-path and final exact-HEAD acceptance remain required before verified."
source/host/extensions/telemetry/box-log-shipper.ts,iOS-owned Mahayana Host/runtime,b-nnett/grok-bot-0.18-reconstructed@a9f633e09d49a85829b8236331b9e21f7e612634:source/host/extensions/telemetry/box-log-shipper.ts,source/host/extensions/telemetry/box-log-shipper.rs,Rust,direct-equivalent,mapped,,,
source/host/extensions/telemetry/conversation-gc-telemetry.ts,iOS-owned Mahayana Host/runtime,b-nnett/grok-bot-0.18-reconstructed@a9f633e09d49a85829b8236331b9e21f7e612634:source/host/extensions/telemetry/conversation-gc-telemetry.ts,source/host/extensions/telemetry/conversation-gc-telemetry.rs,Rust,direct-equivalent,mapped,,,
source/host/extensions/telemetry/desktop-health-forwarder.ts,iOS-owned Mahayana Host/runtime,b-nnett/grok-bot-0.18-reconstructed@a9f633e09d49a85829b8236331b9e21f7e612634:source/host/extensions/telemetry/desktop-health-forwarder.ts,source/host/extensions/telemetry/desktop-health-forwarder.rs,Rust,direct-equivalent,mapped,,,
source/host/extensions/telemetry/disk-pressure-telemetry.ts,iOS-owned Mahayana Host/runtime,b-nnett/grok-bot-0.18-reconstructed@a9f633e09d49a85829b8236331b9e21f7e612634:source/host/extensions/telemetry/disk-pressure-telemetry.ts,source/host/extensions/telemetry/disk-pressure-telemetry.rs,Rust,direct-equivalent,implemented,cargo test --manifest-path source/packages/mahayana-rs/Cargo.toml -p mahayana-app-host-mobile --lib disk_pressure_telemetry::tests,,"iOS-owned Rust target is compiled by the shipping mahayana-app-host-mobile graph and has focused module tests; this row is promoted only to implemented, while end-to-end production call-path and final exact-HEAD acceptance remain required before verified."
source/host/extensions/telemetry/event-loop-telemetry.ts,iOS-owned Mahayana Host/runtime,b-nnett/grok-bot-0.18-reconstructed@a9f633e09d49a85829b8236331b9e21f7e612634:source/host/extensions/telemetry/event-loop-telemetry.ts,source/host/extensions/telemetry/event-loop-telemetry.rs,Rust,direct-equivalent,mapped,,,
source/host/extensions/telemetry/experiments-diagnostic-telemetry.ts,iOS-owned Mahayana Host/runtime,b-nnett/grok-bot-0.18-reconstructed@a9f633e09d49a85829b8236331b9e21f7e612634:source/host/extensions/telemetry/experiments-diagnostic-telemetry.ts,source/host/extensions/telemetry/experiments-diagnostic-telemetry.rs,Rust,direct-equivalent,implemented,cargo test --manifest-path source/packages/mahayana-rs/Cargo.toml -p mahayana-app-host-mobile --lib experiments_diagnostic_telemetry::tests,,"iOS-owned Rust target is compiled by the shipping mahayana-app-host-mobile graph and has focused module tests; this row is promoted only to implemented, while end-to-end production call-path and final exact-HEAD acceptance remain required before verified."
source/host/extensions/telemetry/extension.ts,iOS-owned Mahayana Host/runtime,b-nnett/grok-bot-0.18-reconstructed@a9f633e09d49a85829b8236331b9e21f7e612634:source/host/extensions/telemetry/extension.ts,source/host/extensions/telemetry/extension.rs,Rust,direct-equivalent,mapped,,,
source/host/extensions/telemetry/host-crash-marker.ts,iOS-owned Mahayana Host/runtime,b-nnett/grok-bot-0.18-reconstructed@a9f633e09d49a85829b8236331b9e21f7e612634:source/host/extensions/telemetry/host-crash-marker.ts,source/host/extensions/telemetry/host-crash-marker.rs,Rust,direct-equivalent,mapped,,,
source/host/extensions/telemetry/host-diagnostic-telemetry.ts,iOS-owned Mahayana Host/runtime,b-nnett/grok-bot-0.18-reconstructed@a9f633e09d49a85829b8236331b9e21f7e612634:source/host/extensions/telemetry/host-diagnostic-telemetry.ts,source/host/extensions/telemetry/host-diagnostic-telemetry.rs,Rust,direct-equivalent,implemented,cargo test --manifest-path source/packages/mahayana-rs/Cargo.toml -p mahayana-app-host-mobile --lib host_diagnostic_telemetry::tests,,"iOS-owned Rust target is compiled by the shipping mahayana-app-host-mobile graph and has focused module tests; this row is promoted only to implemented, while end-to-end production call-path and final exact-HEAD acceptance remain required before verified."
source/host/extensions/telemetry/host-event-bus-telemetry.ts,iOS-owned Mahayana Host/runtime,b-nnett/grok-bot-0.18-reconstructed@a9f633e09d49a85829b8236331b9e21f7e612634:source/host/extensions/telemetry/host-event-bus-telemetry.ts,source/host/extensions/telemetry/host-event-bus-telemetry.rs,Rust,direct-equivalent,implemented,cargo test --manifest-path source/packages/mahayana-rs/Cargo.toml -p mahayana-app-host-mobile --lib host_event_bus_telemetry::tests,,"iOS-owned Rust target is compiled by the shipping mahayana-app-host-mobile graph and has focused module tests; this row is promoted only to implemented, while end-to-end production call-path and final exact-HEAD acceptance remain required before verified."
source/host/extensions/telemetry/host-extension-diagnostic-telemetry.ts,iOS-owned Mahayana Host/runtime,b-nnett/grok-bot-0.18-reconstructed@a9f633e09d49a85829b8236331b9e21f7e612634:source/host/extensions/telemetry/host-extension-diagnostic-telemetry.ts,source/host/extensions/telemetry/host-extension-diagnostic-telemetry.rs,Rust,direct-equivalent,mapped,,,
source/host/extensions/telemetry/host-lifecycle-progress.ts,iOS-owned Mahayana Host/runtime,b-nnett/grok-bot-0.18-reconstructed@a9f633e09d49a85829b8236331b9e21f7e612634:source/host/extensions/telemetry/host-lifecycle-progress.ts,source/host/extensions/telemetry/host-lifecycle-progress.rs,Rust,direct-equivalent,mapped,,,
source/host/extensions/telemetry/host-telemetry-service.ts,iOS-owned Mahayana Host/runtime,b-nnett/grok-bot-0.18-reconstructed@a9f633e09d49a85829b8236331b9e21f7e612634:source/host/extensions/telemetry/host-telemetry-service.ts,source/host/extensions/telemetry/host-telemetry-service.rs,Rust,direct-equivalent,mapped,,,
source/host/extensions/telemetry/host-tracing.ts,iOS-owned Mahayana Host/runtime,b-nnett/grok-bot-0.18-reconstructed@a9f633e09d49a85829b8236331b9e21f7e612634:source/host/extensions/telemetry/host-tracing.ts,source/host/extensions/telemetry/host-tracing.rs,Rust,direct-equivalent,mapped,,,
source/host/extensions/telemetry/journal-outcome-telemetry.ts,iOS-owned Mahayana Host/runtime,b-nnett/grok-bot-0.18-reconstructed@a9f633e09d49a85829b8236331b9e21f7e612634:source/host/extensions/telemetry/journal-outcome-telemetry.ts,source/host/extensions/telemetry/journal-outcome-telemetry.rs,Rust,direct-equivalent,mapped,,,
source/host/extensions/telemetry/lifecycle-telemetry.ts,iOS-owned Mahayana Host/runtime,b-nnett/grok-bot-0.18-reconstructed@a9f633e09d49a85829b8236331b9e21f7e612634:source/host/extensions/telemetry/lifecycle-telemetry.ts,source/host/extensions/telemetry/lifecycle-telemetry.rs,Rust,direct-equivalent,mapped,,,
source/host/extensions/telemetry/local-exec-telemetry.ts,iOS-owned Mahayana Host/runtime,b-nnett/grok-bot-0.18-reconstructed@a9f633e09d49a85829b8236331b9e21f7e612634:source/host/extensions/telemetry/local-exec-telemetry.ts,source/host/extensions/telemetry/local-exec-telemetry.rs,Rust,direct-equivalent,mapped,,,
source/host/extensions/telemetry/memory-synthesis-telemetry.ts,iOS-owned Mahayana Host/runtime,b-nnett/grok-bot-0.18-reconstructed@a9f633e09d49a85829b8236331b9e21f7e612634:source/host/extensions/telemetry/memory-synthesis-telemetry.ts,source/host/extensions/telemetry/memory-synthesis-telemetry.rs,Rust,direct-equivalent,mapped,,,
source/host/extensions/telemetry/model-experiment-exposure.ts,iOS-owned Mahayana Host/runtime,b-nnett/grok-bot-0.18-reconstructed@a9f633e09d49a85829b8236331b9e21f7e612634:source/host/extensions/telemetry/model-experiment-exposure.ts,source/host/extensions/telemetry/model-experiment-exposure.rs,Rust,direct-equivalent,mapped,,,
source/host/extensions/telemetry/pressure-cpu-profiler.ts,iOS-owned Mahayana Host/runtime,b-nnett/grok-bot-0.18-reconstructed@a9f633e09d49a85829b8236331b9e21f7e612634:source/host/extensions/telemetry/pressure-cpu-profiler.ts,source/host/extensions/telemetry/pressure-cpu-profiler.rs,Rust,direct-equivalent,mapped,,,
source/host/extensions/telemetry/queue-telemetry-mappers.ts,iOS-owned Mahayana Host/runtime,b-nnett/grok-bot-0.18-reconstructed@a9f633e09d49a85829b8236331b9e21f7e612634:source/host/extensions/telemetry/queue-telemetry-mappers.ts,source/host/extensions/telemetry/queue-telemetry-mappers.rs,Rust,direct-equivalent,mapped,,,
source/host/extensions/telemetry/revival-telemetry-mappers.ts,iOS-owned Mahayana Host/runtime,b-nnett/grok-bot-0.18-reconstructed@a9f633e09d49a85829b8236331b9e21f7e612634:source/host/extensions/telemetry/revival-telemetry-mappers.ts,source/host/extensions/telemetry/revival-telemetry-mappers.rs,Rust,direct-equivalent,mapped,,,
source/host/extensions/telemetry/search-index-health-telemetry.ts,iOS-owned Mahayana Host/runtime,b-nnett/grok-bot-0.18-reconstructed@a9f633e09d49a85829b8236331b9e21f7e612634:source/host/extensions/telemetry/search-index-health-telemetry.ts,source/host/extensions/telemetry/search-index-health-telemetry.rs,Rust,direct-equivalent,implemented,cargo test --manifest-path source/packages/mahayana-rs/Cargo.toml -p mahayana-app-host-mobile --lib search_index_health_telemetry::tests,,"iOS-owned Rust target is compiled by the shipping mahayana-app-host-mobile graph and has focused module tests; this row is promoted only to implemented, while end-to-end production call-path and final exact-HEAD acceptance remain required before verified."
source/host/extensions/telemetry/send-trace-sampler.ts,iOS-owned Mahayana Host/runtime,b-nnett/grok-bot-0.18-reconstructed@a9f633e09d49a85829b8236331b9e21f7e612634:source/host/extensions/telemetry/send-trace-sampler.ts,source/host/extensions/telemetry/send-trace-sampler.rs,Rust,direct-equivalent,implemented,cargo test --manifest-path source/packages/mahayana-rs/Cargo.toml -p mahayana-app-host-mobile --lib --profile ci (send_trace_sampler::tests),,
source/host/extensions/telemetry/session-diagnostic-telemetry.ts,iOS-owned Mahayana Host/runtime,b-nnett/grok-bot-0.18-reconstructed@a9f633e09d49a85829b8236331b9e21f7e612634:source/host/extensions/telemetry/session-diagnostic-telemetry.ts,source/host/extensions/telemetry/session-diagnostic-telemetry.rs,Rust,direct-equivalent,mapped,,,
source/host/extensions/telemetry/structured-log-telemetry.ts,iOS-owned Mahayana Host/runtime,b-nnett/grok-bot-0.18-reconstructed@a9f633e09d49a85829b8236331b9e21f7e612634:source/host/extensions/telemetry/structured-log-telemetry.ts,source/host/extensions/telemetry/structured-log-telemetry.rs,Rust,direct-equivalent,mapped,,,
source/host/extensions/telemetry/turn-empty-delivery-telemetry.ts,iOS-owned Mahayana Host/runtime,b-nnett/grok-bot-0.18-reconstructed@a9f633e09d49a85829b8236331b9e21f7e612634:source/host/extensions/telemetry/turn-empty-delivery-telemetry.ts,source/host/extensions/telemetry/turn-empty-delivery-telemetry.rs,Rust,direct-equivalent,implemented,cargo test --manifest-path source/packages/mahayana-rs/Cargo.toml -p mahayana-app-host-mobile --lib turn_empty_delivery_telemetry::tests,,"iOS-owned Rust target is compiled by the shipping mahayana-app-host-mobile graph and has focused module tests; this row is promoted only to implemented, while end-to-end production call-path and final exact-HEAD acceptance remain required before verified."
source/host/extensions/telemetry/turn-telemetry-mappers.ts,iOS-owned Mahayana Host/runtime,b-nnett/grok-bot-0.18-reconstructed@a9f633e09d49a85829b8236331b9e21f7e612634:source/host/extensions/telemetry/turn-telemetry-mappers.ts,source/host/extensions/telemetry/turn-telemetry-mappers.rs,Rust,direct-equivalent,mapped,,,
source/host/extensions/telemetry/webauthn-proxy-telemetry.ts,iOS-owned Mahayana Host/runtime,b-nnett/grok-bot-0.18-reconstructed@a9f633e09d49a85829b8236331b9e21f7e612634:source/host/extensions/telemetry/webauthn-proxy-telemetry.ts,source/host/extensions/telemetry/webauthn-proxy-telemetry.rs,Rust,direct-equivalent,mapped,,,
source/host/extensions/transcript/ack-obligations.ts,iOS-owned Mahayana Host/runtime,b-nnett/grok-bot-0.18-reconstructed@a9f633e09d49a85829b8236331b9e21f7e612634:source/host/extensions/transcript/ack-obligations.ts,source/host/extensions/transcript/ack-obligations.rs,Rust,direct-equivalent,mapped,,,
source/host/extensions/transcript/agent-lifecycle.ts,iOS-owned Mahayana Host/runtime,b-nnett/grok-bot-0.18-reconstructed@a9f633e09d49a85829b8236331b9e21f7e612634:source/host/extensions/transcript/agent-lifecycle.ts,source/host/extensions/transcript/agent-lifecycle.rs,Rust,direct-equivalent,mapped,,,
source/host/extensions/transcript/agent-run-error.ts,iOS-owned Mahayana Host/runtime,b-nnett/grok-bot-0.18-reconstructed@a9f633e09d49a85829b8236331b9e21f7e612634:source/host/extensions/transcript/agent-run-error.ts,source/host/extensions/transcript/agent-run-error.rs,Rust,direct-equivalent,mapped,,,
source/host/extensions/transcript/agent-to-agent-messaging.ts,iOS-owned Mahayana Host/runtime,b-nnett/grok-bot-0.18-reconstructed@a9f633e09d49a85829b8236331b9e21f7e612634:source/host/extensions/transcript/agent-to-agent-messaging.ts,source/host/extensions/transcript/agent-to-agent-messaging.rs,Rust,direct-equivalent,mapped,,,
source/host/extensions/transcript/async-task-union.ts,iOS-owned Mahayana Host/runtime,b-nnett/grok-bot-0.18-reconstructed@a9f633e09d49a85829b8236331b9e21f7e612634:source/host/extensions/transcript/async-task-union.ts,source/host/extensions/transcript/async-task-union.rs,Rust,direct-equivalent,mapped,,,
source/host/extensions/transcript/automation-event-fires.ts,iOS-owned Mahayana Host/runtime,b-nnett/grok-bot-0.18-reconstructed@a9f633e09d49a85829b8236331b9e21f7e612634:source/host/extensions/transcript/automation-event-fires.ts,source/host/extensions/transcript/automation-event-fires.rs,Rust,direct-equivalent,mapped,,,
source/host/extensions/transcript/automation-run-path.ts,iOS-owned Mahayana Host/runtime,b-nnett/grok-bot-0.18-reconstructed@a9f633e09d49a85829b8236331b9e21f7e612634:source/host/extensions/transcript/automation-run-path.ts,source/host/extensions/transcript/automation-run-path.rs,Rust,direct-equivalent,mapped,,,
source/host/extensions/transcript/automation-runtime.ts,iOS-owned Mahayana Host/runtime,b-nnett/grok-bot-0.18-reconstructed@a9f633e09d49a85829b8236331b9e21f7e612634:source/host/extensions/transcript/automation-runtime.ts,source/host/extensions/transcript/automation-runtime.rs,Rust,direct-equivalent,mapped,,,
source/host/extensions/transcript/automation-snapshot.ts,iOS-owned Mahayana Host/runtime,b-nnett/grok-bot-0.18-reconstructed@a9f633e09d49a85829b8236331b9e21f7e612634:source/host/extensions/transcript/automation-snapshot.ts,source/host/extensions/transcript/automation-snapshot.rs,Rust,direct-equivalent,mapped,,,
source/host/extensions/transcript/automation-spend-guard-runtime.ts,iOS-owned Mahayana Host/runtime,b-nnett/grok-bot-0.18-reconstructed@a9f633e09d49a85829b8236331b9e21f7e612634:source/host/extensions/transcript/automation-spend-guard-runtime.ts,source/host/extensions/transcript/automation-spend-guard-runtime.rs,Rust,direct-equivalent,mapped,,,
source/host/extensions/transcript/background-wakes.ts,iOS-owned Mahayana Host/runtime,b-nnett/grok-bot-0.18-reconstructed@a9f633e09d49a85829b8236331b9e21f7e612634:source/host/extensions/transcript/background-wakes.ts,source/host/extensions/transcript/background-wakes.rs,Rust,direct-equivalent,mapped,,,
source/host/extensions/transcript/box-handoff-resume.ts,iOS-owned Mahayana Host/runtime,b-nnett/grok-bot-0.18-reconstructed@a9f633e09d49a85829b8236331b9e21f7e612634:source/host/extensions/transcript/box-handoff-resume.ts,source/host/extensions/transcript/box-handoff-resume.rs,Rust,direct-equivalent,mapped,,,
source/host/extensions/transcript/box-request-entries.ts,iOS-owned Mahayana Host/runtime,b-nnett/grok-bot-0.18-reconstructed@a9f633e09d49a85829b8236331b9e21f7e612634:source/host/extensions/transcript/box-request-entries.ts,source/host/extensions/transcript/box-request-entries.rs,Rust,direct-equivalent,mapped,,,
source/host/extensions/transcript/channel-delivery-unregistered-error.ts,iOS-owned Mahayana Host/runtime,b-nnett/grok-bot-0.18-reconstructed@a9f633e09d49a85829b8236331b9e21f7e612634:source/host/extensions/transcript/channel-delivery-unregistered-error.ts,source/host/extensions/transcript/channel-delivery-unregistered-error.rs,Rust,direct-equivalent,implemented,cargo test --manifest-path source/packages/mahayana-rs/Cargo.toml -p mahayana-app-host-mobile --lib channel_delivery_unregistered_error::tests,,"iOS-owned Rust target is compiled by the shipping mahayana-app-host-mobile graph and has focused module tests; this row is promoted only to implemented, while end-to-end production call-path and final exact-HEAD acceptance remain required before verified."
source/host/extensions/transcript/client-side-tool-v2-inventory.ts,iOS-owned Mahayana Host/runtime,b-nnett/grok-bot-0.18-reconstructed@a9f633e09d49a85829b8236331b9e21f7e612634:source/host/extensions/transcript/client-side-tool-v2-inventory.ts,source/host/extensions/transcript/client-side-tool-v2-inventory.rs,Rust,direct-equivalent,mapped,,,
source/host/extensions/transcript/client-side-tool-v2-producer.ts,iOS-owned Mahayana Host/runtime,b-nnett/grok-bot-0.18-reconstructed@a9f633e09d49a85829b8236331b9e21f7e612634:source/host/extensions/transcript/client-side-tool-v2-producer.ts,source/host/extensions/transcript/client-side-tool-v2-producer.rs,Rust,direct-equivalent,mapped,,,
source/host/extensions/transcript/client-side-tool-v2-projection.ts,iOS-owned Mahayana Host/runtime,b-nnett/grok-bot-0.18-reconstructed@a9f633e09d49a85829b8236331b9e21f7e612634:source/host/extensions/transcript/client-side-tool-v2-projection.ts,source/host/extensions/transcript/client-side-tool-v2-projection.rs,Rust,direct-equivalent,mapped,,,
source/host/extensions/transcript/completion-revivals.ts,iOS-owned Mahayana Host/runtime,b-nnett/grok-bot-0.18-reconstructed@a9f633e09d49a85829b8236331b9e21f7e612634:source/host/extensions/transcript/completion-revivals.ts,source/host/extensions/transcript/completion-revivals.rs,Rust,direct-equivalent,mapped,,,
source/host/extensions/transcript/extension.ts,iOS-owned Mahayana Host/runtime,b-nnett/grok-bot-0.18-reconstructed@a9f633e09d49a85829b8236331b9e21f7e612634:source/host/extensions/transcript/extension.ts,source/host/extensions/transcript/extension.rs,Rust,direct-equivalent,mapped,,,
source/host/extensions/transcript/group-chat-glue.ts,iOS-owned Mahayana Host/runtime,b-nnett/grok-bot-0.18-reconstructed@a9f633e09d49a85829b8236331b9e21f7e612634:source/host/extensions/transcript/group-chat-glue.ts,source/host/extensions/transcript/group-chat-glue.rs,Rust,direct-equivalent,mapped,,,
source/host/extensions/transcript/group-chat-orchestrator.ts,iOS-owned Mahayana Host/runtime,b-nnett/grok-bot-0.18-reconstructed@a9f633e09d49a85829b8236331b9e21f7e612634:source/host/extensions/transcript/group-chat-orchestrator.ts,source/host/extensions/transcript/group-chat-orchestrator.rs,Rust,direct-equivalent,mapped,,,
source/host/extensions/transcript/inline-image-materialization.ts,iOS-owned Mahayana Host/runtime,b-nnett/grok-bot-0.18-reconstructed@a9f633e09d49a85829b8236331b9e21f7e612634:source/host/extensions/transcript/inline-image-materialization.ts,source/host/extensions/transcript/inline-image-materialization.rs,Rust,direct-equivalent,mapped,,,
source/host/extensions/transcript/pending-wake-rearm.ts,iOS-owned Mahayana Host/runtime,b-nnett/grok-bot-0.18-reconstructed@a9f633e09d49a85829b8236331b9e21f7e612634:source/host/extensions/transcript/pending-wake-rearm.ts,source/host/extensions/transcript/pending-wake-rearm.rs,Rust,direct-equivalent,mapped,,,
source/host/extensions/transcript/profile-watch.ts,iOS-owned Mahayana Host/runtime,b-nnett/grok-bot-0.18-reconstructed@a9f633e09d49a85829b8236331b9e21f7e612634:source/host/extensions/transcript/profile-watch.ts,source/host/extensions/transcript/profile-watch.rs,Rust,direct-equivalent,mapped,,,
source/host/extensions/transcript/prompt-acceptance-ledger.ts,iOS-owned Mahayana Host/runtime,b-nnett/grok-bot-0.18-reconstructed@a9f633e09d49a85829b8236331b9e21f7e612634:source/host/extensions/transcript/prompt-acceptance-ledger.ts,source/host/extensions/transcript/prompt-acceptance-ledger.rs,Rust,direct-equivalent,mapped,,,
source/host/extensions/transcript/replica-writer.ts,iOS-owned Mahayana Host/runtime,b-nnett/grok-bot-0.18-reconstructed@a9f633e09d49a85829b8236331b9e21f7e612634:source/host/extensions/transcript/replica-writer.ts,source/host/extensions/transcript/replica-writer.rs,Rust,direct-equivalent,mapped,,,
source/host/extensions/transcript/roster-emit.ts,iOS-owned Mahayana Host/runtime,b-nnett/grok-bot-0.18-reconstructed@a9f633e09d49a85829b8236331b9e21f7e612634:source/host/extensions/transcript/roster-emit.ts,source/host/extensions/transcript/roster-emit.rs,Rust,direct-equivalent,mapped,,,
source/host/extensions/transcript/roster-projection.ts,iOS-owned Mahayana Host/runtime,b-nnett/grok-bot-0.18-reconstructed@a9f633e09d49a85829b8236331b9e21f7e612634:source/host/extensions/transcript/roster-projection.ts,source/host/extensions/transcript/roster-projection.rs,Rust,direct-equivalent,mapped,,,
source/host/extensions/transcript/roster-search.ts,iOS-owned Mahayana Host/runtime,b-nnett/grok-bot-0.18-reconstructed@a9f633e09d49a85829b8236331b9e21f7e612634:source/host/extensions/transcript/roster-search.ts,source/host/extensions/transcript/roster-search.rs,Rust,direct-equivalent,mapped,,,
source/host/extensions/transcript/run-lifecycle.ts,iOS-owned Mahayana Host/runtime,b-nnett/grok-bot-0.18-reconstructed@a9f633e09d49a85829b8236331b9e21f7e612634:source/host/extensions/transcript/run-lifecycle.ts,source/host/extensions/transcript/run-lifecycle.rs,Rust,direct-equivalent,mapped,,,
source/host/extensions/transcript/run-scheduler.ts,iOS-owned Mahayana Host/runtime,b-nnett/grok-bot-0.18-reconstructed@a9f633e09d49a85829b8236331b9e21f7e612634:source/host/extensions/transcript/run-scheduler.ts,source/host/extensions/transcript/run-scheduler.rs,Rust,direct-equivalent,mapped,,,
source/host/extensions/transcript/runner-registry.ts,iOS-owned Mahayana Host/runtime,b-nnett/grok-bot-0.18-reconstructed@a9f633e09d49a85829b8236331b9e21f7e612634:source/host/extensions/transcript/runner-registry.ts,source/host/extensions/transcript/runner-registry.rs,Rust,direct-equivalent,mapped,,,
source/host/extensions/transcript/sand-ack-obligation-store.ts,iOS-owned Mahayana Host/runtime,b-nnett/grok-bot-0.18-reconstructed@a9f633e09d49a85829b8236331b9e21f7e612634:source/host/extensions/transcript/sand-ack-obligation-store.ts,source/host/extensions/transcript/sand-ack-obligation-store.rs,Rust,direct-equivalent,mapped,,,
source/host/extensions/transcript/sand-automation-failure.ts,iOS-owned Mahayana Host/runtime,b-nnett/grok-bot-0.18-reconstructed@a9f633e09d49a85829b8236331b9e21f7e612634:source/host/extensions/transcript/sand-automation-failure.ts,source/host/extensions/transcript/sand-automation-failure.rs,Rust,direct-equivalent,implemented,cargo test --manifest-path source/packages/mahayana-rs/Cargo.toml -p mahayana-app-host-mobile --lib sand_automation_failure::tests,,"Rust automation failure policy now preserves background trigger detection, dynamic-detail normalization and first/power-of-two notification backoff with tests; keep mapped until transcript automation failure handling consumes it. iOS-owned Rust target is compiled by the shipping mahayana-app-host-mobile graph and has focused module tests; this row is promoted only to implemented, while end-to-end production call-path and final exact-HEAD acceptance remain required before verified."
source/host/extensions/transcript/sand-automation-spend-guard.ts,iOS-owned Mahayana Host/runtime,b-nnett/grok-bot-0.18-reconstructed@a9f633e09d49a85829b8236331b9e21f7e612634:source/host/extensions/transcript/sand-automation-spend-guard.ts,source/host/extensions/transcript/sand-automation-spend-guard.rs,Rust,direct-equivalent,mapped,,,
source/host/extensions/transcript/sand-pending-wake-store.ts,iOS-owned Mahayana Host/runtime,b-nnett/grok-bot-0.18-reconstructed@a9f633e09d49a85829b8236331b9e21f7e612634:source/host/extensions/transcript/sand-pending-wake-store.ts,source/host/extensions/transcript/sand-pending-wake-store.rs,Rust,direct-equivalent,mapped,,,
source/host/extensions/transcript/sand-upgrade-resume-store.ts,iOS-owned Mahayana Host/runtime,b-nnett/grok-bot-0.18-reconstructed@a9f633e09d49a85829b8236331b9e21f7e612634:source/host/extensions/transcript/sand-upgrade-resume-store.ts,source/host/extensions/transcript/sand-upgrade-resume-store.rs,Rust,direct-equivalent,mapped,,,
source/host/extensions/transcript/send-acceptance.ts,iOS-owned Mahayana Host/runtime,b-nnett/grok-bot-0.18-reconstructed@a9f633e09d49a85829b8236331b9e21f7e612634:source/host/extensions/transcript/send-acceptance.ts,source/host/extensions/transcript/send-acceptance.rs,Rust,direct-equivalent,mapped,,,
source/host/extensions/transcript/send-group-fanout.ts,iOS-owned Mahayana Host/runtime,b-nnett/grok-bot-0.18-reconstructed@a9f633e09d49a85829b8236331b9e21f7e612634:source/host/extensions/transcript/send-group-fanout.ts,source/host/extensions/transcript/send-group-fanout.rs,Rust,direct-equivalent,mapped,,,
source/host/extensions/transcript/send-message-shaping.ts,iOS-owned Mahayana Host/runtime,b-nnett/grok-bot-0.18-reconstructed@a9f633e09d49a85829b8236331b9e21f7e612634:source/host/extensions/transcript/send-message-shaping.ts,source/host/extensions/transcript/send-message-shaping.rs,Rust,direct-equivalent,mapped,,,
source/host/extensions/transcript/send-not-persisted-error.ts,iOS-owned Mahayana Host/runtime,b-nnett/grok-bot-0.18-reconstructed@a9f633e09d49a85829b8236331b9e21f7e612634:source/host/extensions/transcript/send-not-persisted-error.ts,source/host/extensions/transcript/send-not-persisted-error.rs,Rust,direct-equivalent,implemented,cargo test --manifest-path source/packages/mahayana-rs/Cargo.toml -p mahayana-app-host-mobile --lib send_not_persisted_error::tests,,"iOS-owned Rust target is compiled by the shipping mahayana-app-host-mobile graph and has focused module tests; this row is promoted only to implemented, while end-to-end production call-path and final exact-HEAD acceptance remain required before verified."
source/host/extensions/transcript/send-pipeline.ts,iOS-owned Mahayana Host/runtime,b-nnett/grok-bot-0.18-reconstructed@a9f633e09d49a85829b8236331b9e21f7e612634:source/host/extensions/transcript/send-pipeline.ts,source/host/extensions/transcript/send-pipeline.rs,Rust,direct-equivalent,mapped,,,
source/host/extensions/transcript/send-thread-stamping.ts,iOS-owned Mahayana Host/runtime,b-nnett/grok-bot-0.18-reconstructed@a9f633e09d49a85829b8236331b9e21f7e612634:source/host/extensions/transcript/send-thread-stamping.ts,source/host/extensions/transcript/send-thread-stamping.rs,Rust,direct-equivalent,mapped,,,
source/host/extensions/transcript/send-turn-dispatch.ts,iOS-owned Mahayana Host/runtime,b-nnett/grok-bot-0.18-reconstructed@a9f633e09d49a85829b8236331b9e21f7e612634:source/host/extensions/transcript/send-turn-dispatch.ts,source/host/extensions/transcript/send-turn-dispatch.rs,Rust,direct-equivalent,mapped,,,
source/host/extensions/transcript/session-runtime.ts,iOS-owned Mahayana Host/runtime,b-nnett/grok-bot-0.18-reconstructed@a9f633e09d49a85829b8236331b9e21f7e612634:source/host/extensions/transcript/session-runtime.ts,source/host/extensions/transcript/session-runtime.rs,Rust,direct-equivalent,mapped,,,
source/host/extensions/transcript/shared-rooms.ts,iOS-owned Mahayana Host/runtime,b-nnett/grok-bot-0.18-reconstructed@a9f633e09d49a85829b8236331b9e21f7e612634:source/host/extensions/transcript/shared-rooms.ts,source/host/extensions/transcript/shared-rooms.rs,Rust,direct-equivalent,mapped,,,
source/host/extensions/transcript/transcript-entry-ids.ts,iOS-owned Mahayana Host/runtime,b-nnett/grok-bot-0.18-reconstructed@a9f633e09d49a85829b8236331b9e21f7e612634:source/host/extensions/transcript/transcript-entry-ids.ts,source/host/extensions/transcript/transcript-entry-ids.rs,Rust,direct-equivalent,mapped,,,
source/host/extensions/transcript/transcript-hub.ts,iOS-owned Mahayana Host/runtime,b-nnett/grok-bot-0.18-reconstructed@a9f633e09d49a85829b8236331b9e21f7e612634:source/host/extensions/transcript/transcript-hub.ts,source/host/extensions/transcript/transcript-hub.rs,Rust,direct-equivalent,mapped,,,
source/host/extensions/transcript/transcript-manager.ts,iOS-owned Mahayana Host/runtime,b-nnett/grok-bot-0.18-reconstructed@a9f633e09d49a85829b8236331b9e21f7e612634:source/host/extensions/transcript/transcript-manager.ts,source/host/extensions/transcript/transcript-manager.rs,Rust,direct-equivalent,mapped,,,
source/host/extensions/transcript/transcript-store.ts,iOS-owned Mahayana Host/runtime,b-nnett/grok-bot-0.18-reconstructed@a9f633e09d49a85829b8236331b9e21f7e612634:source/host/extensions/transcript/transcript-store.ts,source/host/extensions/transcript/transcript-store.rs,Rust,direct-equivalent,mapped,,,
source/host/extensions/transcript/turn-runtime.ts,iOS-owned Mahayana Host/runtime,b-nnett/grok-bot-0.18-reconstructed@a9f633e09d49a85829b8236331b9e21f7e612634:source/host/extensions/transcript/turn-runtime.ts,source/host/extensions/transcript/turn-runtime.rs,Rust,direct-equivalent,mapped,,,
source/host/extensions/transcript/upgrade-recreate-resume.ts,iOS-owned Mahayana Host/runtime,b-nnett/grok-bot-0.18-reconstructed@a9f633e09d49a85829b8236331b9e21f7e612634:source/host/extensions/transcript/upgrade-recreate-resume.ts,source/host/extensions/transcript/upgrade-recreate-resume.rs,Rust,direct-equivalent,mapped,,,
source/host/extensions/transcript/widget-responses.ts,iOS-owned Mahayana Host/runtime,b-nnett/grok-bot-0.18-reconstructed@a9f633e09d49a85829b8236331b9e21f7e612634:source/host/extensions/transcript/widget-responses.ts,source/host/extensions/transcript/widget-responses.rs,Rust,direct-equivalent,mapped,,,
source/host/extensions/transcript/workflow-commands.ts,iOS-owned Mahayana Host/runtime,b-nnett/grok-bot-0.18-reconstructed@a9f633e09d49a85829b8236331b9e21f7e612634:source/host/extensions/transcript/workflow-commands.ts,source/host/extensions/transcript/workflow-commands.rs,Rust,direct-equivalent,mapped,,,
source/host/extensions/trays/extension.ts,iOS-owned Mahayana Host/runtime,b-nnett/grok-bot-0.18-reconstructed@a9f633e09d49a85829b8236331b9e21f7e612634:source/host/extensions/trays/extension.ts,source/host/extensions/trays/extension.rs,Rust,direct-equivalent,mapped,,,
source/host/extensions/trays/trays-service.ts,iOS-owned Mahayana Host/runtime,b-nnett/grok-bot-0.18-reconstructed@a9f633e09d49a85829b8236331b9e21f7e612634:source/host/extensions/trays/trays-service.ts,source/host/extensions/trays/trays-service.rs,Rust,direct-equivalent,mapped,,,
source/host/extensions/turn-execution/extension.ts,iOS-owned Mahayana Host/runtime,b-nnett/grok-bot-0.18-reconstructed@a9f633e09d49a85829b8236331b9e21f7e612634:source/host/extensions/turn-execution/extension.ts,source/host/extensions/turn-execution/extension.rs,Rust,direct-equivalent,implemented,source/packages/mahayana-rs/mahayana-app-host-mobile/src/lib.rs,,iOS-owned Rust extension is started by the shipping mobile Host composition and receives a bound MobileTurnExecutor over a Send/Sync bounded bridge; the non-Send QuickJS-backed UnifiedAppHost stays thread-affine on its dedicated Host thread and teardown stops extensions before joining that thread.
source/host/extensions/turn-execution/turn-execution-service.ts,iOS-owned Mahayana Host/runtime,b-nnett/grok-bot-0.18-reconstructed@a9f633e09d49a85829b8236331b9e21f7e612634:source/host/extensions/turn-execution/turn-execution-service.ts,source/host/extensions/turn-execution/turn-execution-service.rs,Rust,direct-equivalent,implemented,source/packages/mahayana-rs/mahayana-app-host-mobile/src/lib.rs,,"iOS-owned TurnExecutionRegistry is created inside the shipping mobile Host extension graph and bound once to MobileTurnExecutor; normal/group runners use the same bounded Host bridge while the QuickJS-backed UnifiedAppHost remains on its owning thread. The mobile composition test exercises readiness and live Host access."
source/host/extensions/wallpaper/box-wallpaper-commands.ts,iOS-owned Mahayana Host/runtime,b-nnett/grok-bot-0.18-reconstructed@a9f633e09d49a85829b8236331b9e21f7e612634:source/host/extensions/wallpaper/box-wallpaper-commands.ts,source/host/extensions/wallpaper/box-wallpaper-commands.rs,Rust,direct-equivalent,mapped,,,
source/host/extensions/wallpaper/extension.ts,iOS-owned Mahayana Host/runtime,b-nnett/grok-bot-0.18-reconstructed@a9f633e09d49a85829b8236331b9e21f7e612634:source/host/extensions/wallpaper/extension.ts,source/host/extensions/wallpaper/extension.rs,Rust,direct-equivalent,mapped,,,
source/host/extensions/wallpaper/wallpaper-service.ts,iOS-owned Mahayana Host/runtime,b-nnett/grok-bot-0.18-reconstructed@a9f633e09d49a85829b8236331b9e21f7e612634:source/host/extensions/wallpaper/wallpaper-service.ts,source/host/extensions/wallpaper/wallpaper-service.rs,Rust,direct-equivalent,mapped,,,
source/host/extensions/webauthn-proxy/extension.ts,iOS-owned Mahayana Host/runtime,b-nnett/grok-bot-0.18-reconstructed@a9f633e09d49a85829b8236331b9e21f7e612634:source/host/extensions/webauthn-proxy/extension.ts,source/host/extensions/webauthn-proxy/extension.rs,Rust,direct-equivalent,mapped,,,
source/host/extensions/webauthn-proxy/webauthn-proxy-bridge.ts,iOS-owned Mahayana Host/runtime,b-nnett/grok-bot-0.18-reconstructed@a9f633e09d49a85829b8236331b9e21f7e612634:source/host/extensions/webauthn-proxy/webauthn-proxy-bridge.ts,source/host/extensions/webauthn-proxy/webauthn-proxy-bridge.rs,Rust,direct-equivalent,mapped,,,
source/host/extensions/webauthn-proxy/webauthn-proxy-marker.ts,iOS-owned Mahayana Host/runtime,b-nnett/grok-bot-0.18-reconstructed@a9f633e09d49a85829b8236331b9e21f7e612634:source/host/extensions/webauthn-proxy/webauthn-proxy-marker.ts,source/host/extensions/webauthn-proxy/webauthn-proxy-marker.rs,Rust,direct-equivalent,mapped,,,
source/host/gateway-command-error.ts,iOS-owned Mahayana Host/runtime,b-nnett/grok-bot-0.18-reconstructed@a9f633e09d49a85829b8236331b9e21f7e612634:source/host/gateway-command-error.ts,source/host/gateway-command-error.rs,Rust,direct-equivalent,mapped,,,
source/host/gateway-config.ts,iOS-owned Mahayana Host/runtime,b-nnett/grok-bot-0.18-reconstructed@a9f633e09d49a85829b8236331b9e21f7e612634:source/host/gateway-config.ts,source/host/gateway-config.rs,Rust,direct-equivalent,mapped,,,
source/host/gateway-protocol.ts,iOS-owned Mahayana Host/runtime,b-nnett/grok-bot-0.18-reconstructed@a9f633e09d49a85829b8236331b9e21f7e612634:source/host/gateway-protocol.ts,source/host/gateway-protocol.rs,Rust,direct-equivalent,mapped,,,
source/host/gateway-server.ts,iOS-owned Mahayana Host/runtime,b-nnett/grok-bot-0.18-reconstructed@a9f633e09d49a85829b8236331b9e21f7e612634:source/host/gateway-server.ts,source/host/gateway-server.rs,Rust,direct-equivalent,mapped,,,
source/host/groups/group-chat.ts,iOS-owned Mahayana Host/runtime,b-nnett/grok-bot-0.18-reconstructed@a9f633e09d49a85829b8236331b9e21f7e612634:source/host/groups/group-chat.ts,source/host/groups/group-chat.rs,Rust,direct-equivalent,mapped,,,
source/host/groups/group-store.ts,iOS-owned Mahayana Host/runtime,b-nnett/grok-bot-0.18-reconstructed@a9f633e09d49a85829b8236331b9e21f7e612634:source/host/groups/group-store.ts,source/host/groups/group-store.rs,Rust,direct-equivalent,mapped,,,
source/host/groups/remote-room-store.ts,iOS-owned Mahayana Host/runtime,b-nnett/grok-bot-0.18-reconstructed@a9f633e09d49a85829b8236331b9e21f7e612634:source/host/groups/remote-room-store.ts,source/host/groups/remote-room-store.rs,Rust,direct-equivalent,mapped,,,
source/host/groups/xuser.ts,iOS-owned Mahayana Host/runtime,b-nnett/grok-bot-0.18-reconstructed@a9f633e09d49a85829b8236331b9e21f7e612634:source/host/groups/xuser.ts,source/host/groups/xuser.rs,Rust,direct-equivalent,mapped,,,
source/host/host-diagnostics.ts,iOS-owned Mahayana Host/runtime,b-nnett/grok-bot-0.18-reconstructed@a9f633e09d49a85829b8236331b9e21f7e612634:source/host/host-diagnostics.ts,source/host/host-diagnostics.rs,Rust,direct-equivalent,implemented,cargo test --manifest-path source/packages/mahayana-rs/Cargo.toml -p mahayana-app-host-mobile --lib --profile ci (host_diagnostics::tests),,
source/host/host-discovery.ts,iOS-owned Mahayana Host/runtime,b-nnett/grok-bot-0.18-reconstructed@a9f633e09d49a85829b8236331b9e21f7e612634:source/host/host-discovery.ts,source/host/host-discovery.rs,Rust,direct-equivalent,mapped,,,
source/host/host-event-bus.ts,iOS-owned Mahayana Host/runtime,b-nnett/grok-bot-0.18-reconstructed@a9f633e09d49a85829b8236331b9e21f7e612634:source/host/host-event-bus.ts,source/host/host-event-bus.rs,Rust,direct-equivalent,implemented,cargo test --manifest-path source/packages/mahayana-rs/Cargo.toml -p mahayana-app-host-mobile --lib host_event_bus::tests,,"Rust SandHostEventBus now isolates legacy listener failures/panics and delegates topic events to all-settled HostEvents with report-only/reject modes and unsubscribe behavior tests; keep mapped until production Host composition installs its real subscribers. iOS-owned Rust target is compiled by the shipping mahayana-app-host-mobile graph and has focused module tests; this row is promoted only to implemented, while end-to-end production call-path and final exact-HEAD acceptance remain required before verified."
source/host/host-gateway-api.ts,iOS-owned Mahayana Host/runtime,b-nnett/grok-bot-0.18-reconstructed@a9f633e09d49a85829b8236331b9e21f7e612634:source/host/host-gateway-api.ts,source/host/host-gateway-api.rs,Rust,direct-equivalent,mapped,,,
source/host/host-initial-transcript-load.ts,iOS-owned Mahayana Host/runtime,b-nnett/grok-bot-0.18-reconstructed@a9f633e09d49a85829b8236331b9e21f7e612634:source/host/host-initial-transcript-load.ts,source/host/host-initial-transcript-load.rs,Rust,direct-equivalent,mapped,,,
source/host/host-lock.ts,iOS-owned Mahayana Host/runtime,b-nnett/grok-bot-0.18-reconstructed@a9f633e09d49a85829b8236331b9e21f7e612634:source/host/host-lock.ts,source/host/host-lock.rs,Rust,direct-equivalent,mapped,,,
source/host/host-paths.ts,iOS-owned Mahayana Host/runtime,b-nnett/grok-bot-0.18-reconstructed@a9f633e09d49a85829b8236331b9e21f7e612634:source/host/host-paths.ts,source/host/host-paths.rs,Rust,direct-equivalent,implemented,source/host/host-paths.rs;.github/workflows/ios-grok-architecture.yml,,Rust implementation preserves data-root resolution, legacy path reanchoring, model-visible paths, symlink alias behavior, and Host marker paths; the shipping mobile Host crate now compiles the module and runs its unit tests.
source/host/host-production-extensions.ts,iOS-owned Mahayana Host/runtime,b-nnett/grok-bot-0.18-reconstructed@a9f633e09d49a85829b8236331b9e21f7e612634:source/host/host-production-extensions.ts,source/host/host-production-extensions.rs,Rust,direct-equivalent,mapped,,,
source/host/host-request-context.ts,iOS-owned Mahayana Host/runtime,b-nnett/grok-bot-0.18-reconstructed@a9f633e09d49a85829b8236331b9e21f7e612634:source/host/host-request-context.ts,source/host/host-request-context.rs,Rust,direct-equivalent,implemented,cargo test -p mahayana-app-host-mobile --lib (host_request_context::tests),,
source/host/host-roster-bookkeeping.ts,iOS-owned Mahayana Host/runtime,b-nnett/grok-bot-0.18-reconstructed@a9f633e09d49a85829b8236331b9e21f7e612634:source/host/host-roster-bookkeeping.ts,source/host/host-roster-bookkeeping.rs,Rust,direct-equivalent,mapped,,,
source/host/host-runner-composition.ts,iOS-owned Mahayana Host/runtime,b-nnett/grok-bot-0.18-reconstructed@a9f633e09d49a85829b8236331b9e21f7e612634:source/host/host-runner-composition.ts,source/host/host-runner-composition.rs,Rust,direct-equivalent,mapped,,,
source/host/host-secret-store.ts,iOS-owned Mahayana Host/runtime,b-nnett/grok-bot-0.18-reconstructed@a9f633e09d49a85829b8236331b9e21f7e612634:source/host/host-secret-store.ts,source/host/host-secret-store.rs,Rust,direct-equivalent,mapped,,,
source/host/local-exec/local-exec-daemon-protocol.ts,iOS-owned Mahayana Host/runtime,b-nnett/grok-bot-0.18-reconstructed@a9f633e09d49a85829b8236331b9e21f7e612634:source/host/local-exec/local-exec-daemon-protocol.ts,source/host/local-exec/local-exec-daemon-protocol.rs,Rust,direct-equivalent,mapped,,,
source/host/local-exec/local-exec-daemon.ts,iOS-owned Mahayana Host/runtime,b-nnett/grok-bot-0.18-reconstructed@a9f633e09d49a85829b8236331b9e21f7e612634:source/host/local-exec/local-exec-daemon.ts,source/host/local-exec/local-exec-daemon.rs,Rust,direct-equivalent,mapped,,,
source/host/local-exec/local-exec-machine.ts,iOS-owned Mahayana Host/runtime,b-nnett/grok-bot-0.18-reconstructed@a9f633e09d49a85829b8236331b9e21f7e612634:source/host/local-exec/local-exec-machine.ts,source/host/local-exec/local-exec-machine.rs,Rust,direct-equivalent,mapped,,,
source/host/local-exec/local-exec-provider.ts,iOS-owned Mahayana Host/runtime,b-nnett/grok-bot-0.18-reconstructed@a9f633e09d49a85829b8236331b9e21f7e612634:source/host/local-exec/local-exec-provider.ts,source/host/local-exec/local-exec-provider.rs,Rust,direct-equivalent,mapped,,,
source/host/local-exec/local-tool-approvals.ts,iOS-owned Mahayana Host/runtime,b-nnett/grok-bot-0.18-reconstructed@a9f633e09d49a85829b8236331b9e21f7e612634:source/host/local-exec/local-tool-approvals.ts,source/host/local-exec/local-tool-approvals.rs,Rust,direct-equivalent,mapped,,,
source/host/local-exec/sentry.ts,iOS-owned Mahayana Host/runtime,b-nnett/grok-bot-0.18-reconstructed@a9f633e09d49a85829b8236331b9e21f7e612634:source/host/local-exec/sentry.ts,source/host/local-exec/sentry.rs,Rust,direct-equivalent,mapped,,,
source/host/main.ts,iOS-owned Mahayana Host/runtime,b-nnett/grok-bot-0.18-reconstructed@a9f633e09d49a85829b8236331b9e21f7e612634:source/host/main.ts,source/host/main.rs,Rust,direct-equivalent,mapped,,,
source/host/mcp-auth/host-mcp-auth-completion.ts,iOS-owned Mahayana Host/runtime,b-nnett/grok-bot-0.18-reconstructed@a9f633e09d49a85829b8236331b9e21f7e612634:source/host/mcp-auth/host-mcp-auth-completion.ts,source/host/mcp-auth/host-mcp-auth-completion.rs,Rust,direct-equivalent,mapped,,,
source/host/mcp-auth/mcp-auth-wait-registry.ts,iOS-owned Mahayana Host/runtime,b-nnett/grok-bot-0.18-reconstructed@a9f633e09d49a85829b8236331b9e21f7e612634:source/host/mcp-auth/mcp-auth-wait-registry.ts,source/host/mcp-auth/mcp-auth-wait-registry.rs,Rust,direct-equivalent,implemented,source/host/mcp-auth/mcp-auth-wait-registry.rs unit tests; mahayana-app-host-mobile cargo test,,
source/host/notify-drain-gate.ts,iOS-owned Mahayana Host/runtime,b-nnett/grok-bot-0.18-reconstructed@a9f633e09d49a85829b8236331b9e21f7e612634:source/host/notify-drain-gate.ts,source/host/notify-drain-gate.rs,Rust,direct-equivalent,implemented,source/host/notify-drain-gate.rs unit tests; mahayana-app-host-mobile cargo test,,
source/host/ports/box.ts,iOS-owned Mahayana Host/runtime,b-nnett/grok-bot-0.18-reconstructed@a9f633e09d49a85829b8236331b9e21f7e612634:source/host/ports/box.ts,source/host/ports/box.rs,Rust,direct-equivalent,mapped,,,
source/host/ports/mcp-state-executor.ts,iOS-owned Mahayana Host/runtime,b-nnett/grok-bot-0.18-reconstructed@a9f633e09d49a85829b8236331b9e21f7e612634:source/host/ports/mcp-state-executor.ts,source/host/ports/mcp-state-executor.rs,Rust,direct-equivalent,mapped,,,
source/host/ports/product-analytics.ts,iOS-owned Mahayana Host/runtime,b-nnett/grok-bot-0.18-reconstructed@a9f633e09d49a85829b8236331b9e21f7e612634:source/host/ports/product-analytics.ts,source/host/ports/product-analytics.rs,Rust,direct-equivalent,implemented,cargo test --manifest-path source/packages/mahayana-rs/Cargo.toml -p mahayana-app-host-mobile --lib --profile ci (product_analytics::tests),,
source/host/ports/sand-analytics-types.ts,iOS-owned Mahayana Host/runtime,b-nnett/grok-bot-0.18-reconstructed@a9f633e09d49a85829b8236331b9e21f7e612634:source/host/ports/sand-analytics-types.ts,source/host/ports/sand-analytics-types.rs,Rust,direct-equivalent,implemented,cargo test --manifest-path source/packages/mahayana-rs/Cargo.toml -p mahayana-app-host-mobile --lib --profile ci (sand_analytics_types::tests),,
source/host/ports/telemetry.ts,iOS-owned Mahayana Host/runtime,b-nnett/grok-bot-0.18-reconstructed@a9f633e09d49a85829b8236331b9e21f7e612634:source/host/ports/telemetry.ts,source/host/ports/telemetry.rs,Rust,direct-equivalent,mapped,,,
source/host/ports/transport.ts,iOS-owned Mahayana Host/runtime,b-nnett/grok-bot-0.18-reconstructed@a9f633e09d49a85829b8236331b9e21f7e612634:source/host/ports/transport.ts,source/host/ports/transport.rs,Rust,direct-equivalent,implemented,cargo test --manifest-path source/packages/mahayana-rs/Cargo.toml -p mahayana-app-host-mobile --lib --profile ci (transport::tests),,
source/host/ports/user-computer.ts,iOS-owned Mahayana Host/runtime,b-nnett/grok-bot-0.18-reconstructed@a9f633e09d49a85829b8236331b9e21f7e612634:source/host/ports/user-computer.ts,source/host/ports/user-computer.rs,Rust,direct-equivalent,implemented,cargo test --manifest-path source/packages/mahayana-rs/Cargo.toml -p mahayana-app-host-mobile --lib --profile ci (user_computer::tests),,
source/host/process-crash-guard.ts,iOS-owned Mahayana Host/runtime,b-nnett/grok-bot-0.18-reconstructed@a9f633e09d49a85829b8236331b9e21f7e612634:source/host/process-crash-guard.ts,source/host/process-crash-guard.rs,Rust,ios-adapted,implemented,source/host/process-crash-guard.rs unit tests; mahayana-app-host-mobile cargo test,,iOS has no Node process crash hooks; the local Rust FFI boundary catches unwindable host faults and returns deterministic errors
source/host/production-binding-providers.ts,iOS-owned Mahayana Host/runtime,b-nnett/grok-bot-0.18-reconstructed@a9f633e09d49a85829b8236331b9e21f7e612634:source/host/production-binding-providers.ts,source/host/production-binding-providers.rs,Rust,direct-equivalent,mapped,,,
source/host/runner-context-production-provider.ts,iOS-owned Mahayana Host/runtime,b-nnett/grok-bot-0.18-reconstructed@a9f633e09d49a85829b8236331b9e21f7e612634:source/host/runner-context-production-provider.ts,source/host/runner-context-production-provider.rs,Rust,direct-equivalent,mapped,,,
source/host/runner-production-bridge.ts,iOS-owned Mahayana Host/runtime,b-nnett/grok-bot-0.18-reconstructed@a9f633e09d49a85829b8236331b9e21f7e612634:source/host/runner-production-bridge.ts,source/host/runner-production-bridge.rs,Rust,direct-equivalent,mapped,,,
source/host/runner/agent-adapters.ts,iOS-owned Mahayana Host/runtime,b-nnett/grok-bot-0.18-reconstructed@a9f633e09d49a85829b8236331b9e21f7e612634:source/host/runner/agent-adapters.ts,source/host/runner/agent-adapters.rs,Rust,direct-equivalent,mapped,,,
source/host/runner/agent-state.ts,iOS-owned Mahayana Host/runtime,b-nnett/grok-bot-0.18-reconstructed@a9f633e09d49a85829b8236331b9e21f7e612634:source/host/runner/agent-state.ts,source/host/runner/agent-state.rs,Rust,direct-equivalent,implemented,cargo test --manifest-path source/packages/mahayana-rs/Cargo.toml -p mahayana-app-host-mobile --lib agent_state::tests,,"iOS-owned Rust target is compiled by the shipping mahayana-app-host-mobile graph and has focused module tests; this row is promoted only to implemented, while end-to-end production call-path and final exact-HEAD acceptance remain required before verified."
source/host/runner/auto-review-gate.ts,iOS-owned Mahayana Host/runtime,b-nnett/grok-bot-0.18-reconstructed@a9f633e09d49a85829b8236331b9e21f7e612634:source/host/runner/auto-review-gate.ts,source/host/runner/auto-review-gate.rs,Rust,direct-equivalent,mapped,,,
source/host/runner/background-work.ts,iOS-owned Mahayana Host/runtime,b-nnett/grok-bot-0.18-reconstructed@a9f633e09d49a85829b8236331b9e21f7e612634:source/host/runner/background-work.ts,source/host/runner/background-work.rs,Rust,direct-equivalent,mapped,,,
source/host/runner/bot-block-detection.ts,iOS-owned Mahayana Host/runtime,b-nnett/grok-bot-0.18-reconstructed@a9f633e09d49a85829b8236331b9e21f7e612634:source/host/runner/bot-block-detection.ts,source/host/runner/bot-block-detection.rs,Rust,direct-equivalent,mapped,,,
source/host/runner/box-reference-docs.ts,iOS-owned Mahayana Host/runtime,b-nnett/grok-bot-0.18-reconstructed@a9f633e09d49a85829b8236331b9e21f7e612634:source/host/runner/box-reference-docs.ts,source/host/runner/box-reference-docs.rs,Rust,direct-equivalent,mapped,,,
source/host/runner/clock-skew-guard.ts,iOS-owned Mahayana Host/runtime,b-nnett/grok-bot-0.18-reconstructed@a9f633e09d49a85829b8236331b9e21f7e612634:source/host/runner/clock-skew-guard.ts,source/host/runner/clock-skew-guard.rs,Rust,direct-equivalent,implemented,cargo test --manifest-path source/packages/mahayana-rs/Cargo.toml -p mahayana-app-host-mobile --lib --profile ci (clock_skew_guard::tests),,
source/host/runner/computer-use.ts,iOS-owned Mahayana Host/runtime,b-nnett/grok-bot-0.18-reconstructed@a9f633e09d49a85829b8236331b9e21f7e612634:source/host/runner/computer-use.ts,source/host/runner/computer-use.rs,Rust,direct-equivalent,mapped,,,
source/host/runner/conversation-outline.ts,iOS-owned Mahayana Host/runtime,b-nnett/grok-bot-0.18-reconstructed@a9f633e09d49a85829b8236331b9e21f7e612634:source/host/runner/conversation-outline.ts,source/host/runner/conversation-outline.rs,Rust,direct-equivalent,mapped,,,
source/host/runner/conversation-state.ts,iOS-owned Mahayana Host/runtime,b-nnett/grok-bot-0.18-reconstructed@a9f633e09d49a85829b8236331b9e21f7e612634:source/host/runner/conversation-state.ts,source/host/runner/conversation-state.rs,Rust,direct-equivalent,mapped,,,
source/host/runner/host-computer-tool-dependencies.ts,iOS-owned Mahayana Host/runtime,b-nnett/grok-bot-0.18-reconstructed@a9f633e09d49a85829b8236331b9e21f7e612634:source/host/runner/host-computer-tool-dependencies.ts,source/host/runner/host-computer-tool-dependencies.rs,Rust,direct-equivalent,mapped,,,
source/host/runner/inactive-turn-agent-stream.ts,iOS-owned Mahayana Host/runtime,b-nnett/grok-bot-0.18-reconstructed@a9f633e09d49a85829b8236331b9e21f7e612634:source/host/runner/inactive-turn-agent-stream.ts,source/host/runner/inactive-turn-agent-stream.rs,Rust,direct-equivalent,mapped,,,
source/host/runner/large-output-spill.ts,iOS-owned Mahayana Host/runtime,b-nnett/grok-bot-0.18-reconstructed@a9f633e09d49a85829b8236331b9e21f7e612634:source/host/runner/large-output-spill.ts,source/host/runner/large-output-spill.rs,Rust,direct-equivalent,mapped,,,
source/host/runner/production-turn-agent-owner.ts,iOS-owned Mahayana Host/runtime,b-nnett/grok-bot-0.18-reconstructed@a9f633e09d49a85829b8236331b9e21f7e612634:source/host/runner/production-turn-agent-owner.ts,source/host/runner/production-turn-agent-owner.rs,Rust,direct-equivalent,mapped,,,
source/host/runner/production-turn-input-projection.ts,iOS-owned Mahayana Host/runtime,b-nnett/grok-bot-0.18-reconstructed@a9f633e09d49a85829b8236331b9e21f7e612634:source/host/runner/production-turn-input-projection.ts,source/host/runner/production-turn-input-projection.rs,Rust,direct-equivalent,mapped,,,
source/host/runner/production-turn-run-shell-adapter.ts,iOS-owned Mahayana Host/runtime,b-nnett/grok-bot-0.18-reconstructed@a9f633e09d49a85829b8236331b9e21f7e612634:source/host/runner/production-turn-run-shell-adapter.ts,source/host/runner/production-turn-run-shell-adapter.rs,Rust,direct-equivalent,mapped,,,
source/host/runner/prompt-collector-glue.ts,iOS-owned Mahayana Host/runtime,b-nnett/grok-bot-0.18-reconstructed@a9f633e09d49a85829b8236331b9e21f7e612634:source/host/runner/prompt-collector-glue.ts,source/host/runner/prompt-collector-glue.rs,Rust,direct-equivalent,mapped,,,
source/host/runner/remote-box-resources.ts,iOS-owned Mahayana Host/runtime,b-nnett/grok-bot-0.18-reconstructed@a9f633e09d49a85829b8236331b9e21f7e612634:source/host/runner/remote-box-resources.ts,source/host/runner/remote-box-resources.rs,Rust,direct-equivalent,mapped,,,
source/host/runner/runner-prompt-glue.ts,iOS-owned Mahayana Host/runtime,b-nnett/grok-bot-0.18-reconstructed@a9f633e09d49a85829b8236331b9e21f7e612634:source/host/runner/runner-prompt-glue.ts,source/host/runner/runner-prompt-glue.rs,Rust,direct-equivalent,mapped,,,
source/host/runner/sand-action-audit.ts,iOS-owned Mahayana Host/runtime,b-nnett/grok-bot-0.18-reconstructed@a9f633e09d49a85829b8236331b9e21f7e612634:source/host/runner/sand-action-audit.ts,source/host/runner/sand-action-audit.rs,Rust,direct-equivalent,mapped,,,
source/host/runner/sand-agent-profile-prompt.ts,iOS-owned Mahayana Host/runtime,b-nnett/grok-bot-0.18-reconstructed@a9f633e09d49a85829b8236331b9e21f7e612634:source/host/runner/sand-agent-profile-prompt.ts,source/host/runner/sand-agent-profile-prompt.rs,Rust,direct-equivalent,mapped,,,
source/host/runner/sand-agent-runner.ts,iOS-owned Mahayana Host/runtime,b-nnett/grok-bot-0.18-reconstructed@a9f633e09d49a85829b8236331b9e21f7e612634:source/host/runner/sand-agent-runner.ts,source/host/runner/sand-agent-runner.rs,Rust,direct-equivalent,mapped,,,
source/host/runner/sand-auto-review-classifier-run.ts,iOS-owned Mahayana Host/runtime,b-nnett/grok-bot-0.18-reconstructed@a9f633e09d49a85829b8236331b9e21f7e612634:source/host/runner/sand-auto-review-classifier-run.ts,source/host/runner/sand-auto-review-classifier-run.rs,Rust,direct-equivalent,mapped,,,
source/host/runner/sand-auto-review-summaries.ts,iOS-owned Mahayana Host/runtime,b-nnett/grok-bot-0.18-reconstructed@a9f633e09d49a85829b8236331b9e21f7e612634:source/host/runner/sand-auto-review-summaries.ts,source/host/runner/sand-auto-review-summaries.rs,Rust,direct-equivalent,mapped,,,
source/host/runner/sand-auto-review-tool-escalations.ts,iOS-owned Mahayana Host/runtime,b-nnett/grok-bot-0.18-reconstructed@a9f633e09d49a85829b8236331b9e21f7e612634:source/host/runner/sand-auto-review-tool-escalations.ts,source/host/runner/sand-auto-review-tool-escalations.rs,Rust,direct-equivalent,mapped,,,
source/host/runner/sand-auto-review.ts,iOS-owned Mahayana Host/runtime,b-nnett/grok-bot-0.18-reconstructed@a9f633e09d49a85829b8236331b9e21f7e612634:source/host/runner/sand-auto-review.ts,source/host/runner/sand-auto-review.rs,Rust,direct-equivalent,mapped,,,
source/host/runner/sand-automation-auto-review.ts,iOS-owned Mahayana Host/runtime,b-nnett/grok-bot-0.18-reconstructed@a9f633e09d49a85829b8236331b9e21f7e612634:source/host/runner/sand-automation-auto-review.ts,source/host/runner/sand-automation-auto-review.rs,Rust,direct-equivalent,mapped,,,
source/host/runner/sand-browser-auto-review.ts,iOS-owned Mahayana Host/runtime,b-nnett/grok-bot-0.18-reconstructed@a9f633e09d49a85829b8236331b9e21f7e612634:source/host/runner/sand-browser-auto-review.ts,source/host/runner/sand-browser-auto-review.rs,Rust,direct-equivalent,mapped,,,
source/host/runner/sand-cloud-agent-auto-review.ts,iOS-owned Mahayana Host/runtime,b-nnett/grok-bot-0.18-reconstructed@a9f633e09d49a85829b8236331b9e21f7e612634:source/host/runner/sand-cloud-agent-auto-review.ts,source/host/runner/sand-cloud-agent-auto-review.rs,Rust,direct-equivalent,mapped,,,
source/host/runner/sand-computer-auto-review.ts,iOS-owned Mahayana Host/runtime,b-nnett/grok-bot-0.18-reconstructed@a9f633e09d49a85829b8236331b9e21f7e612634:source/host/runner/sand-computer-auto-review.ts,source/host/runner/sand-computer-auto-review.rs,Rust,direct-equivalent,mapped,,,
source/host/runner/sand-memory.ts,iOS-owned Mahayana Host/runtime,b-nnett/grok-bot-0.18-reconstructed@a9f633e09d49a85829b8236331b9e21f7e612634:source/host/runner/sand-memory.ts,source/host/runner/sand-memory.rs,Rust,direct-equivalent,mapped,,,
source/host/runner/sand-prompt-markers.ts,iOS-owned Mahayana Host/runtime,b-nnett/grok-bot-0.18-reconstructed@a9f633e09d49a85829b8236331b9e21f7e612634:source/host/runner/sand-prompt-markers.ts,source/host/runner/sand-prompt-markers.rs,Rust,direct-equivalent,implemented,cargo test --manifest-path source/packages/mahayana-rs/Cargo.toml -p mahayana-app-host-mobile --lib sand_prompt_markers::tests,,"iOS-owned Rust target is compiled by the shipping mahayana-app-host-mobile graph and has focused module tests; this row is promoted only to implemented, while end-to-end production call-path and final exact-HEAD acceptance remain required before verified."
source/host/runner/sand-shell-auto-review-enrichment.ts,iOS-owned Mahayana Host/runtime,b-nnett/grok-bot-0.18-reconstructed@a9f633e09d49a85829b8236331b9e21f7e612634:source/host/runner/sand-shell-auto-review-enrichment.ts,source/host/runner/sand-shell-auto-review-enrichment.rs,Rust,direct-equivalent,mapped,,,
source/host/runner/sand-subagent-auto-review.ts,iOS-owned Mahayana Host/runtime,b-nnett/grok-bot-0.18-reconstructed@a9f633e09d49a85829b8236331b9e21f7e612634:source/host/runner/sand-subagent-auto-review.ts,source/host/runner/sand-subagent-auto-review.rs,Rust,direct-equivalent,mapped,,,
source/host/runner/send-message-reminder-middleware.ts,iOS-owned Mahayana Host/runtime,b-nnett/grok-bot-0.18-reconstructed@a9f633e09d49a85829b8236331b9e21f7e612634:source/host/runner/send-message-reminder-middleware.ts,source/host/runner/send-message-reminder-middleware.rs,Rust,direct-equivalent,mapped,,,
source/host/runner/shell-terminal-watch.ts,iOS-owned Mahayana Host/runtime,b-nnett/grok-bot-0.18-reconstructed@a9f633e09d49a85829b8236331b9e21f7e612634:source/host/runner/shell-terminal-watch.ts,source/host/runner/shell-terminal-watch.rs,Rust,direct-equivalent,mapped,,,
source/host/runner/site-visit-tracking.ts,iOS-owned Mahayana Host/runtime,b-nnett/grok-bot-0.18-reconstructed@a9f633e09d49a85829b8236331b9e21f7e612634:source/host/runner/site-visit-tracking.ts,source/host/runner/site-visit-tracking.rs,Rust,direct-equivalent,implemented,cargo test --manifest-path source/packages/mahayana-rs/Cargo.toml -p mahayana-app-host-mobile --lib site_visit_tracking::tests,,"Rust port now uses the workspace URL parser, strips only the www. hostname prefix, records the underlying audit event before visit callbacks, and isolates invalid/non-host URLs with behavior tests; keep mapped until the production action-auditor composition consumes it. iOS-owned Rust target is compiled by the shipping mahayana-app-host-mobile graph and has focused module tests; this row is promoted only to implemented, while end-to-end production call-path and final exact-HEAD acceptance remain required before verified."
source/host/runner/start-of-turn-ack-reminder-middleware.ts,iOS-owned Mahayana Host/runtime,b-nnett/grok-bot-0.18-reconstructed@a9f633e09d49a85829b8236331b9e21f7e612634:source/host/runner/start-of-turn-ack-reminder-middleware.ts,source/host/runner/start-of-turn-ack-reminder-middleware.rs,Rust,direct-equivalent,mapped,,,
source/host/runner/stream-attempt.ts,iOS-owned Mahayana Host/runtime,b-nnett/grok-bot-0.18-reconstructed@a9f633e09d49a85829b8236331b9e21f7e612634:source/host/runner/stream-attempt.ts,source/host/runner/stream-attempt.rs,Rust,direct-equivalent,mapped,,,
source/host/runner/subagent-runtime.ts,iOS-owned Mahayana Host/runtime,b-nnett/grok-bot-0.18-reconstructed@a9f633e09d49a85829b8236331b9e21f7e612634:source/host/runner/subagent-runtime.ts,source/host/runner/subagent-runtime.rs,Rust,direct-equivalent,mapped,,,
source/host/runner/system-prompt-assembly.ts,iOS-owned Mahayana Host/runtime,b-nnett/grok-bot-0.18-reconstructed@a9f633e09d49a85829b8236331b9e21f7e612634:source/host/runner/system-prompt-assembly.ts,source/host/runner/system-prompt-assembly.rs,Rust,direct-equivalent,mapped,,,
source/host/runner/system-prompt.ts,iOS-owned Mahayana Host/runtime,b-nnett/grok-bot-0.18-reconstructed@a9f633e09d49a85829b8236331b9e21f7e612634:source/host/runner/system-prompt.ts,source/host/runner/system-prompt.rs,Rust,direct-equivalent,mapped,,,
source/host/runner/tool-call-identity.ts,iOS-owned Mahayana Host/runtime,b-nnett/grok-bot-0.18-reconstructed@a9f633e09d49a85829b8236331b9e21f7e612634:source/host/runner/tool-call-identity.ts,source/host/runner/tool-call-identity.rs,Rust,direct-equivalent,implemented,cargo test --manifest-path source/packages/mahayana-rs/Cargo.toml -p mahayana-app-host-mobile --lib tool_call_identity::tests,,"iOS-owned Rust target is compiled by the shipping mahayana-app-host-mobile graph and has focused module tests; this row is promoted only to implemented, while end-to-end production call-path and final exact-HEAD acceptance remain required before verified."
source/host/runner/tools/box-help-tool.ts,iOS-owned Mahayana Host/runtime,b-nnett/grok-bot-0.18-reconstructed@a9f633e09d49a85829b8236331b9e21f7e612634:source/host/runner/tools/box-help-tool.ts,source/host/runner/tools/box-help-tool.rs,Rust,direct-equivalent,mapped,,,
source/host/runner/tools/communicate-tool.ts,iOS-owned Mahayana Host/runtime,b-nnett/grok-bot-0.18-reconstructed@a9f633e09d49a85829b8236331b9e21f7e612634:source/host/runner/tools/communicate-tool.ts,source/host/runner/tools/communicate-tool.rs,Rust,direct-equivalent,mapped,,,
source/host/runner/tools/listener-connect-cards.ts,iOS-owned Mahayana Host/runtime,b-nnett/grok-bot-0.18-reconstructed@a9f633e09d49a85829b8236331b9e21f7e612634:source/host/runner/tools/listener-connect-cards.ts,source/host/runner/tools/listener-connect-cards.rs,Rust,direct-equivalent,mapped,,,
source/host/runner/tools/mcp-meta-tools.ts,iOS-owned Mahayana Host/runtime,b-nnett/grok-bot-0.18-reconstructed@a9f633e09d49a85829b8236331b9e21f7e612634:source/host/runner/tools/mcp-meta-tools.ts,source/host/runner/tools/mcp-meta-tools.rs,Rust,direct-equivalent,mapped,,,
source/host/runner/tools/mcp-server-resolution.ts,iOS-owned Mahayana Host/runtime,b-nnett/grok-bot-0.18-reconstructed@a9f633e09d49a85829b8236331b9e21f7e612634:source/host/runner/tools/mcp-server-resolution.ts,source/host/runner/tools/mcp-server-resolution.rs,Rust,direct-equivalent,implemented,cargo test --manifest-path source/packages/mahayana-rs/Cargo.toml -p mahayana-app-host-mobile --lib mcp_server_resolution::tests,,"Rust MCP resolver now preserves trimmed serverIdentifier-first matching, legacy id fallback and unreadable-listing distinction with sync/async tests; keep mapped until the production MCP management tool path consumes it. iOS-owned Rust target is compiled by the shipping mahayana-app-host-mobile graph and has focused module tests; this row is promoted only to implemented, while end-to-end production call-path and final exact-HEAD acceptance remain required before verified."
source/host/runner/tools/sand-agent-management-tools.ts,iOS-owned Mahayana Host/runtime,b-nnett/grok-bot-0.18-reconstructed@a9f633e09d49a85829b8236331b9e21f7e612634:source/host/runner/tools/sand-agent-management-tools.ts,source/host/runner/tools/sand-agent-management-tools.rs,Rust,direct-equivalent,mapped,,,
source/host/runner/tools/sand-browser-driver-source.ts,iOS-owned Mahayana Host/runtime,b-nnett/grok-bot-0.18-reconstructed@a9f633e09d49a85829b8236331b9e21f7e612634:source/host/runner/tools/sand-browser-driver-source.ts,source/host/runner/tools/sand-browser-driver-source.rs,Rust,direct-equivalent,mapped,,,
source/host/runner/tools/sand-browser-tools.ts,iOS-owned Mahayana Host/runtime,b-nnett/grok-bot-0.18-reconstructed@a9f633e09d49a85829b8236331b9e21f7e612634:source/host/runner/tools/sand-browser-tools.ts,source/host/runner/tools/sand-browser-tools.rs,Rust,direct-equivalent,mapped,,,
source/host/runner/tools/sand-browser-use-subagent.ts,iOS-owned Mahayana Host/runtime,b-nnett/grok-bot-0.18-reconstructed@a9f633e09d49a85829b8236331b9e21f7e612634:source/host/runner/tools/sand-browser-use-subagent.ts,source/host/runner/tools/sand-browser-use-subagent.rs,Rust,direct-equivalent,mapped,,,
source/host/runner/tools/sand-computer-tool.ts,iOS-owned Mahayana Host/runtime,b-nnett/grok-bot-0.18-reconstructed@a9f633e09d49a85829b8236331b9e21f7e612634:source/host/runner/tools/sand-computer-tool.ts,source/host/runner/tools/sand-computer-tool.rs,Rust,direct-equivalent,mapped,,,
source/host/runner/tools/sand-computer-use-subagent.ts,iOS-owned Mahayana Host/runtime,b-nnett/grok-bot-0.18-reconstructed@a9f633e09d49a85829b8236331b9e21f7e612634:source/host/runner/tools/sand-computer-use-subagent.ts,source/host/runner/tools/sand-computer-use-subagent.rs,Rust,direct-equivalent,mapped,,,
source/host/runner/tools/sand-file-transfer-tools.ts,iOS-owned Mahayana Host/runtime,b-nnett/grok-bot-0.18-reconstructed@a9f633e09d49a85829b8236331b9e21f7e612634:source/host/runner/tools/sand-file-transfer-tools.ts,source/host/runner/tools/sand-file-transfer-tools.rs,Rust,direct-equivalent,mapped,,,
source/host/runner/tools/sand-mcp-management-tools.ts,iOS-owned Mahayana Host/runtime,b-nnett/grok-bot-0.18-reconstructed@a9f633e09d49a85829b8236331b9e21f7e612634:source/host/runner/tools/sand-mcp-management-tools.ts,source/host/runner/tools/sand-mcp-management-tools.rs,Rust,direct-equivalent,mapped,,,
source/host/runner/tools/sand-permission-request.ts,iOS-owned Mahayana Host/runtime,b-nnett/grok-bot-0.18-reconstructed@a9f633e09d49a85829b8236331b9e21f7e612634:source/host/runner/tools/sand-permission-request.ts,source/host/runner/tools/sand-permission-request.rs,Rust,direct-equivalent,implemented,cargo test --manifest-path source/packages/mahayana-rs/Cargo.toml -p mahayana-app-host-mobile --lib sand_permission_request::tests,,"iOS-owned Rust target is compiled by the shipping mahayana-app-host-mobile graph and has focused module tests; this row is promoted only to implemented, while end-to-end production call-path and final exact-HEAD acceptance remain required before verified."
source/host/runner/tools/sand-reaction-tool.ts,iOS-owned Mahayana Host/runtime,b-nnett/grok-bot-0.18-reconstructed@a9f633e09d49a85829b8236331b9e21f7e612634:source/host/runner/tools/sand-reaction-tool.ts,source/host/runner/tools/sand-reaction-tool.rs,Rust,direct-equivalent,mapped,,,
source/host/runner/tools/sand-secret-request.ts,iOS-owned Mahayana Host/runtime,b-nnett/grok-bot-0.18-reconstructed@a9f633e09d49a85829b8236331b9e21f7e612634:source/host/runner/tools/sand-secret-request.ts,source/host/runner/tools/sand-secret-request.rs,Rust,direct-equivalent,implemented,cargo test --manifest-path source/packages/mahayana-rs/Cargo.toml -p mahayana-app-host-mobile --lib sand_secret_request::tests,,"iOS-owned Rust target is compiled by the shipping mahayana-app-host-mobile graph and has focused module tests; this row is promoted only to implemented, while end-to-end production call-path and final exact-HEAD acceptance remain required before verified."
source/host/runner/tools/sand-spotlight-tools.ts,iOS-owned Mahayana Host/runtime,b-nnett/grok-bot-0.18-reconstructed@a9f633e09d49a85829b8236331b9e21f7e612634:source/host/runner/tools/sand-spotlight-tools.ts,source/host/runner/tools/sand-spotlight-tools.rs,Rust,direct-equivalent,mapped,,,
source/host/runner/tools/sand-state-tool.ts,iOS-owned Mahayana Host/runtime,b-nnett/grok-bot-0.18-reconstructed@a9f633e09d49a85829b8236331b9e21f7e612634:source/host/runner/tools/sand-state-tool.ts,source/host/runner/tools/sand-state-tool.rs,Rust,direct-equivalent,mapped,,,
source/host/runner/tools/sand-subagent-management-tools.ts,iOS-owned Mahayana Host/runtime,b-nnett/grok-bot-0.18-reconstructed@a9f633e09d49a85829b8236331b9e21f7e612634:source/host/runner/tools/sand-subagent-management-tools.ts,source/host/runner/tools/sand-subagent-management-tools.rs,Rust,direct-equivalent,mapped,,,
source/host/runner/tools/send-message-encoding.ts,iOS-owned Mahayana Host/runtime,b-nnett/grok-bot-0.18-reconstructed@a9f633e09d49a85829b8236331b9e21f7e612634:source/host/runner/tools/send-message-encoding.ts,source/host/runner/tools/send-message-encoding.rs,Rust,direct-equivalent,mapped,,,
source/host/runner/tools/send-message-schema.ts,iOS-owned Mahayana Host/runtime,b-nnett/grok-bot-0.18-reconstructed@a9f633e09d49a85829b8236331b9e21f7e612634:source/host/runner/tools/send-message-schema.ts,source/host/runner/tools/send-message-schema.rs,Rust,direct-equivalent,mapped,,,
source/host/runner/tools/send-message-tool.ts,iOS-owned Mahayana Host/runtime,b-nnett/grok-bot-0.18-reconstructed@a9f633e09d49a85829b8236331b9e21f7e612634:source/host/runner/tools/send-message-tool.ts,source/host/runner/tools/send-message-tool.rs,Rust,direct-equivalent,mapped,,,
source/host/runner/tools/tool-input-error.ts,iOS-owned Mahayana Host/runtime,b-nnett/grok-bot-0.18-reconstructed@a9f633e09d49a85829b8236331b9e21f7e612634:source/host/runner/tools/tool-input-error.ts,source/host/runner/tools/tool-input-error.rs,Rust,direct-equivalent,implemented,cargo test --manifest-path source/packages/mahayana-rs/Cargo.toml -p mahayana-app-host-mobile --lib tool_input_error::tests,,"iOS-owned Rust target is compiled by the shipping mahayana-app-host-mobile graph and has focused module tests; this row is promoted only to implemented, while end-to-end production call-path and final exact-HEAD acceptance remain required before verified."
source/host/runner/tools/turn-toolset.ts,iOS-owned Mahayana Host/runtime,b-nnett/grok-bot-0.18-reconstructed@a9f633e09d49a85829b8236331b9e21f7e612634:source/host/runner/tools/turn-toolset.ts,source/host/runner/tools/turn-toolset.rs,Rust,direct-equivalent,mapped,,,
source/host/runner/transient-stream-error.ts,iOS-owned Mahayana Host/runtime,b-nnett/grok-bot-0.18-reconstructed@a9f633e09d49a85829b8236331b9e21f7e612634:source/host/runner/transient-stream-error.ts,source/host/runner/transient-stream-error.rs,Rust,direct-equivalent,mapped,,,
source/host/runner/turn-agent-composition.ts,iOS-owned Mahayana Host/runtime,b-nnett/grok-bot-0.18-reconstructed@a9f633e09d49a85829b8236331b9e21f7e612634:source/host/runner/turn-agent-composition.ts,source/host/runner/turn-agent-composition.rs,Rust,direct-equivalent,mapped,,,
source/host/runner/turn-memory.ts,iOS-owned Mahayana Host/runtime,b-nnett/grok-bot-0.18-reconstructed@a9f633e09d49a85829b8236331b9e21f7e612634:source/host/runner/turn-memory.ts,source/host/runner/turn-memory.rs,Rust,direct-equivalent,mapped,,,
source/host/runner/turn-observation.ts,iOS-owned Mahayana Host/runtime,b-nnett/grok-bot-0.18-reconstructed@a9f633e09d49a85829b8236331b9e21f7e612634:source/host/runner/turn-observation.ts,source/host/runner/turn-observation.rs,Rust,direct-equivalent,mapped,,,
source/host/runner/turn-run-shell.ts,iOS-owned Mahayana Host/runtime,b-nnett/grok-bot-0.18-reconstructed@a9f633e09d49a85829b8236331b9e21f7e612634:source/host/runner/turn-run-shell.ts,source/host/runner/turn-run-shell.rs,Rust,direct-equivalent,mapped,,,
source/host/runner/turn-settle.ts,iOS-owned Mahayana Host/runtime,b-nnett/grok-bot-0.18-reconstructed@a9f633e09d49a85829b8236331b9e21f7e612634:source/host/runner/turn-settle.ts,source/host/runner/turn-settle.rs,Rust,direct-equivalent,mapped,,,
source/host/runner/turn-shape.ts,iOS-owned Mahayana Host/runtime,b-nnett/grok-bot-0.18-reconstructed@a9f633e09d49a85829b8236331b9e21f7e612634:source/host/runner/turn-shape.ts,source/host/runner/turn-shape.rs,Rust,direct-equivalent,mapped,,,
source/host/runner/turn-usage.ts,iOS-owned Mahayana Host/runtime,b-nnett/grok-bot-0.18-reconstructed@a9f633e09d49a85829b8236331b9e21f7e612634:source/host/runner/turn-usage.ts,source/host/runner/turn-usage.rs,Rust,direct-equivalent,mapped,,,
source/host/runner/video-container.ts,iOS-owned Mahayana Host/runtime,b-nnett/grok-bot-0.18-reconstructed@a9f633e09d49a85829b8236331b9e21f7e612634:source/host/runner/video-container.ts,source/host/runner/video-container.rs,Rust,direct-equivalent,implemented,cargo test --manifest-path source/packages/mahayana-rs/Cargo.toml -p mahayana-app-host-mobile --lib --profile ci (video_container::tests),,
source/host/sand-activity.ts,iOS-owned Mahayana Host/runtime,b-nnett/grok-bot-0.18-reconstructed@a9f633e09d49a85829b8236331b9e21f7e612634:source/host/sand-activity.ts,source/host/sand-activity.rs,Rust,direct-equivalent,mapped,,,
source/host/sand-host.ts,iOS-owned Mahayana Host/runtime,b-nnett/grok-bot-0.18-reconstructed@a9f633e09d49a85829b8236331b9e21f7e612634:source/host/sand-host.ts,source/host/sand-host.rs,Rust,direct-equivalent,mapped,,,
source/host/sand-multitask.ts,iOS-owned Mahayana Host/runtime,b-nnett/grok-bot-0.18-reconstructed@a9f633e09d49a85829b8236331b9e21f7e612634:source/host/sand-multitask.ts,source/host/sand-multitask.rs,Rust,direct-equivalent,mapped,,,
source/host/sand-quiet-work-origin.ts,iOS-owned Mahayana Host/runtime,b-nnett/grok-bot-0.18-reconstructed@a9f633e09d49a85829b8236331b9e21f7e612634:source/host/sand-quiet-work-origin.ts,source/host/sand-quiet-work-origin.rs,Rust,direct-equivalent,mapped,,,
source/host/sand-user-identity.ts,iOS-owned Mahayana Host/runtime,b-nnett/grok-bot-0.18-reconstructed@a9f633e09d49a85829b8236331b9e21f7e612634:source/host/sand-user-identity.ts,source/host/sand-user-identity.rs,Rust,direct-equivalent,implemented,cargo test --manifest-path source/packages/mahayana-rs/Cargo.toml -p mahayana-app-host-mobile --lib --profile ci (sand_user_identity::tests),,
source/host/selected-image-inputs.ts,iOS-owned Mahayana Host/runtime,b-nnett/grok-bot-0.18-reconstructed@a9f633e09d49a85829b8236331b9e21f7e612634:source/host/selected-image-inputs.ts,source/host/selected-image-inputs.rs,Rust,direct-equivalent,implemented,cargo test --manifest-path source/packages/mahayana-rs/Cargo.toml -p mahayana-app-host-mobile --lib --profile ci (selected_image_inputs::tests),,
source/host/send-trace-host.ts,iOS-owned Mahayana Host/runtime,b-nnett/grok-bot-0.18-reconstructed@a9f633e09d49a85829b8236331b9e21f7e612634:source/host/send-trace-host.ts,source/host/send-trace-host.rs,Rust,direct-equivalent,mapped,,,
source/host/sha256.ts,iOS-owned Mahayana Host/runtime,b-nnett/grok-bot-0.18-reconstructed@a9f633e09d49a85829b8236331b9e21f7e612634:source/host/sha256.ts,source/host/sha256.rs,Rust,direct-equivalent,implemented,cargo test --manifest-path source/packages/mahayana-rs/Cargo.toml -p mahayana-app-host-mobile --lib sha256::tests,,"iOS-owned Rust target is compiled by the shipping mahayana-app-host-mobile graph and has focused module tests; this row is promoted only to implemented, while end-to-end production call-path and final exact-HEAD acceptance remain required before verified."
source/host/storage/agent-paths.ts,iOS-owned Mahayana Host/runtime,b-nnett/grok-bot-0.18-reconstructed@a9f633e09d49a85829b8236331b9e21f7e612634:source/host/storage/agent-paths.ts,source/host/storage/agent-paths.rs,Rust,direct-equivalent,mapped,,,
source/host/storage/folder-id.ts,iOS-owned Mahayana Host/runtime,b-nnett/grok-bot-0.18-reconstructed@a9f633e09d49a85829b8236331b9e21f7e612634:source/host/storage/folder-id.ts,source/host/storage/folder-id.rs,Rust,direct-equivalent,implemented,cargo test --manifest-path source/packages/mahayana-rs/Cargo.toml -p mahayana-app-host-mobile --lib folder_id::tests,,"iOS-owned Rust target is compiled by the shipping mahayana-app-host-mobile graph and has focused module tests; this row is promoted only to implemented, while end-to-end production call-path and final exact-HEAD acceptance remain required before verified."
source/host/storage/sqlite-busy.ts,iOS-owned Mahayana Host/runtime,b-nnett/grok-bot-0.18-reconstructed@a9f633e09d49a85829b8236331b9e21f7e612634:source/host/storage/sqlite-busy.ts,source/host/storage/sqlite-busy.rs,Rust,direct-equivalent,mapped,,,
source/host/storage/sqlite-recovery.ts,iOS-owned Mahayana Host/runtime,b-nnett/grok-bot-0.18-reconstructed@a9f633e09d49a85829b8236331b9e21f7e612634:source/host/storage/sqlite-recovery.ts,source/host/storage/sqlite-recovery.rs,Rust,direct-equivalent,mapped,,,
source/host/storage/store-db.ts,iOS-owned Mahayana Host/runtime,b-nnett/grok-bot-0.18-reconstructed@a9f633e09d49a85829b8236331b9e21f7e612634:source/host/storage/store-db.ts,source/host/storage/store-db.rs,Rust,direct-equivalent,mapped,,,
source/host/transcript-mirror/conversation-state-binary.ts,iOS-owned Mahayana Host/runtime,b-nnett/grok-bot-0.18-reconstructed@a9f633e09d49a85829b8236331b9e21f7e612634:source/host/transcript-mirror/conversation-state-binary.ts,source/host/transcript-mirror/conversation-state-binary.rs,Rust,direct-equivalent,implemented,cargo test --manifest-path source/packages/mahayana-rs/Cargo.toml -p mahayana-app-host-mobile --lib conversation_state_binary::tests,,"Rust wire decoder for transcript state fields 1/8/13 and summary archive field 1 is now consumed by the real legacy worker executor; keep mapped until production provider wiring closes the Host call path. iOS-owned Rust target is compiled by the shipping mahayana-app-host-mobile graph and has focused module tests; this row is promoted only to implemented, while end-to-end production call-path and final exact-HEAD acceptance remain required before verified."
source/host/transcript-mirror/generated-occurrence-codec.ts,iOS-owned Mahayana Host/runtime,b-nnett/grok-bot-0.18-reconstructed@a9f633e09d49a85829b8236331b9e21f7e612634:source/host/transcript-mirror/generated-occurrence-codec.ts,source/host/transcript-mirror/generated-occurrence-codec.rs,Rust,direct-equivalent,implemented,cargo test --manifest-path source/packages/mahayana-rs/Cargo.toml -p mahayana-app-host-mobile --lib generated_occurrence_codec::tests,,"Rust generated-source adapter now maps generated turn/user/step oneofs, MCP tool naming, snake_case tool cases and generated args/result JSON with behavior tests; keep mapped because the pinned Grok agent.v1 generated bindings/schema are not yet owned by fabushi-ios or wired into production. iOS-owned Rust target is compiled by the shipping mahayana-app-host-mobile graph and has focused module tests; this row is promoted only to implemented, while end-to-end production call-path and final exact-HEAD acceptance remain required before verified."
source/host/transcript-mirror/legacy-transcript-mirror.ts,iOS-owned Mahayana Host/runtime,b-nnett/grok-bot-0.18-reconstructed@a9f633e09d49a85829b8236331b9e21f7e612634:source/host/transcript-mirror/legacy-transcript-mirror.ts,source/host/transcript-mirror/legacy-transcript-mirror.rs,Rust,direct-equivalent,implemented,cargo test --manifest-path source/packages/mahayana-rs/Cargo.toml -p mahayana-app-host-mobile --lib legacy_transcript_mirror::tests,,"Rust legacy JSONL mirror now hydrates summary archives/root prompt blobs, restores binary-marker omission, strips user context and hidden thinking, preserves tool-use formatting, prevents transcript shrink and supports incremental append with behavior tests; keep mapped until the production provider invokes the offload path. iOS-owned Rust target is compiled by the shipping mahayana-app-host-mobile graph and has focused module tests; this row is promoted only to implemented, while end-to-end production call-path and final exact-HEAD acceptance remain required before verified."
source/host/transcript-mirror/production-provider.ts,iOS-owned Mahayana Host/runtime,b-nnett/grok-bot-0.18-reconstructed@a9f633e09d49a85829b8236331b9e21f7e612634:source/host/transcript-mirror/production-provider.ts,source/host/transcript-mirror/production-provider.rs,Rust,direct-equivalent,implemented,cargo test --manifest-path source/packages/mahayana-rs/Cargo.toml -p mahayana-app-host-mobile --lib production_provider::tests,,"Rust production composition now constructs generated-codec -> occurrence-deriver -> FileTranscriptMirror and RoutedTranscriptMirror, with behavior tests for journal feature-gate routing, WAL append and injected legacy fallback; keep mapped until fabushi-ios owns the pinned Grok agent.v1 generated bindings and HostRunner production composition invokes this provider. iOS-owned Rust target is compiled by the shipping mahayana-app-host-mobile graph and has focused module tests; this row is promoted only to implemented, while end-to-end production call-path and final exact-HEAD acceptance remain required before verified."
source/host/transcript-mirror/transcript-journal-codec.ts,iOS-owned Mahayana Host/runtime,b-nnett/grok-bot-0.18-reconstructed@a9f633e09d49a85829b8236331b9e21f7e612634:source/host/transcript-mirror/transcript-journal-codec.ts,source/host/transcript-mirror/transcript-journal-codec.rs,Rust,direct-equivalent,implemented,cargo test --manifest-path source/packages/mahayana-rs/Cargo.toml -p mahayana-app-host-mobile --lib transcript_journal_codec::tests,,"Rust checkpoint/WAL codec now exists, is compiled into the iOS-owned Host and has parity tests for hashes, pending metadata and legacy JSONL envelopes; keep mapped until FileTranscriptMirror production wiring lands. iOS-owned Rust target is compiled by the shipping mahayana-app-host-mobile graph and has focused module tests; this row is promoted only to implemented, while end-to-end production call-path and final exact-HEAD acceptance remain required before verified."
source/host/transcript-mirror/transcript-mirror-router.ts,iOS-owned Mahayana Host/runtime,b-nnett/grok-bot-0.18-reconstructed@a9f633e09d49a85829b8236331b9e21f7e612634:source/host/transcript-mirror/transcript-mirror-router.ts,source/host/transcript-mirror/transcript-mirror-router.rs,Rust,direct-equivalent,implemented,cargo test --manifest-path source/packages/mahayana-rs/Cargo.toml -p mahayana-app-host-mobile --lib transcript_mirror_router::tests,,"Rust route pinning and legacy/journal checkpoint routing now exist with behavior tests; keep mapped until the journal/legacy providers are constructed by the production Host runner composition. iOS-owned Rust target is compiled by the shipping mahayana-app-host-mobile graph and has focused module tests; this row is promoted only to implemented, while end-to-end production call-path and final exact-HEAD acceptance remain required before verified."
source/host/transcript-mirror/transcript-mirror.ts,iOS-owned Mahayana Host/runtime,b-nnett/grok-bot-0.18-reconstructed@a9f633e09d49a85829b8236331b9e21f7e612634:source/host/transcript-mirror/transcript-mirror.ts,source/host/transcript-mirror/transcript-mirror.rs,Rust,direct-equivalent,implemented,cargo test --manifest-path source/packages/mahayana-rs/Cargo.toml -p mahayana-app-host-mobile --lib transcript_mirror::tests,,"Rust FileTranscriptMirror now owns safe conversation paths, journal mode markers, atomic install/fsync, pending WAL replay, checkpoint prepare/commit/abort/skip, deferred cursor persistence and external-canonical-write detection with restart tests; keep mapped until generated agent.v1 codec plus production provider invoke it. iOS-owned Rust target is compiled by the shipping mahayana-app-host-mobile graph and has focused module tests; this row is promoted only to implemented, while end-to-end production call-path and final exact-HEAD acceptance remain required before verified."
source/host/transcript-mirror/transcript-occurrence-deriver.ts,iOS-owned Mahayana Host/runtime,b-nnett/grok-bot-0.18-reconstructed@a9f633e09d49a85829b8236331b9e21f7e612634:source/host/transcript-mirror/transcript-occurrence-deriver.ts,source/host/transcript-mirror/transcript-occurrence-deriver.rs,Rust,direct-equivalent,implemented,cargo test --manifest-path source/packages/mahayana-rs/Cargo.toml -p mahayana-app-host-mobile --lib transcript_occurrence_deriver::tests,,"Generic Rust occurrence derivation now exists and is compiled with behavior tests for user/context stripping, tool events, tail deferral and shell rejection; keep mapped until the generated agent.v1 codec is owned and wired by the production provider. iOS-owned Rust target is compiled by the shipping mahayana-app-host-mobile graph and has focused module tests; this row is promoted only to implemented, while end-to-end production call-path and final exact-HEAD acceptance remain required before verified."
source/host/transcript-mutation-events.ts,iOS-owned Mahayana Host/runtime,b-nnett/grok-bot-0.18-reconstructed@a9f633e09d49a85829b8236331b9e21f7e612634:source/host/transcript-mutation-events.ts,source/host/transcript-mutation-events.rs,Rust,direct-equivalent,implemented,cargo test --manifest-path source/packages/mahayana-rs/Cargo.toml -p mahayana-app-host-mobile --lib --profile ci (transcript_mutation_events::tests),,
source/host/watched-directory.ts,iOS-owned Mahayana Host/runtime,b-nnett/grok-bot-0.18-reconstructed@a9f633e09d49a85829b8236331b9e21f7e612634:source/host/watched-directory.ts,source/host/watched-directory.rs,Rust,direct-equivalent,mapped,,,
source/host/workflows/stat-keyed-parse-cache.ts,iOS-owned Mahayana Host/runtime,b-nnett/grok-bot-0.18-reconstructed@a9f633e09d49a85829b8236331b9e21f7e612634:source/host/workflows/stat-keyed-parse-cache.ts,source/host/workflows/stat-keyed-parse-cache.rs,Rust,direct-equivalent,implemented,cargo test --manifest-path source/packages/mahayana-rs/Cargo.toml -p mahayana-app-host-mobile --lib stat_keyed_parse_cache::tests,,"Rust cache now matches inode/mtimeNs/size fingerprints, missing-path eviction, parse-on-stat-error fallback, 2s racy-mtime no-cache behavior and insertion-order capacity eviction with unit tests; keep mapped until workflow-library/store use this production cache. iOS-owned Rust target is compiled by the shipping mahayana-app-host-mobile graph and has focused module tests; this row is promoted only to implemented, while end-to-end production call-path and final exact-HEAD acceptance remain required before verified."
source/host/workflows/workflow-library.ts,iOS-owned Mahayana Host/runtime,b-nnett/grok-bot-0.18-reconstructed@a9f633e09d49a85829b8236331b9e21f7e612634:source/host/workflows/workflow-library.ts,source/host/workflows/workflow-library.rs,Rust,direct-equivalent,mapped,,,
source/host/workflows/workflow-store.ts,iOS-owned Mahayana Host/runtime,b-nnett/grok-bot-0.18-reconstructed@a9f633e09d49a85829b8236331b9e21f7e612634:source/host/workflows/workflow-store.ts,source/host/workflows/workflow-store.rs,Rust,direct-equivalent,mapped,,,
source/internal/host-extensions.ts,internal runtime support,b-nnett/grok-bot-0.18-reconstructed@a9f633e09d49a85829b8236331b9e21f7e612634:source/internal/host-extensions.ts,source/internal/host-extensions.rs,Rust,direct-equivalent,implemented,Rust unit tests in source/internal via iOS Grok architecture workflow,,"iOS-owned Rust runtime now covers dependency graph validation/order, typed extension declarations/APIs, concurrent all-settled capability events, report-only/reject failure semantics, start-failure rollback and reverse teardown with unit tests in the mobile Host crate."
source/internal/scheduling.ts,internal runtime support,b-nnett/grok-bot-0.18-reconstructed@a9f633e09d49a85829b8236331b9e21f7e612634:source/internal/scheduling.ts,source/internal/scheduling.rs,Rust,direct-equivalent,implemented,Rust unit tests in source/internal via iOS Grok architecture workflow,,
source/local-exec-daemon/invariant-violation-log.ts,safe local capability Runner (no shell/process daemon),b-nnett/grok-bot-0.18-reconstructed@a9f633e09d49a85829b8236331b9e21f7e612634:source/local-exec-daemon/invariant-violation-log.ts,source/local-exec-daemon/invariant-violation-log.swift,Swift,ios-adapted,implemented,mobile/ios/FabushiTests/RunnerParityTests.swift,,iOS forbids arbitrary local shell/process-daemon semantics; map to consented in-process capability or Remote Runner.
source/local-exec-daemon/main.ts,safe local capability Runner (no shell/process daemon),b-nnett/grok-bot-0.18-reconstructed@a9f633e09d49a85829b8236331b9e21f7e612634:source/local-exec-daemon/main.ts,source/local-exec-daemon/LocalCapabilityRunner.swift,Swift,ios-adapted,implemented,,,iOS uses an allow-listed in-process capability runner and never emulates arbitrary shell/process spawning.
source/local-exec-daemon/production-executor.ts,safe local capability Runner (no shell/process daemon),b-nnett/grok-bot-0.18-reconstructed@a9f633e09d49a85829b8236331b9e21f7e612634:source/local-exec-daemon/production-executor.ts,source/local-exec-daemon/production-executor.swift,Swift,ios-adapted,implemented,mobile/ios/FabushiTests/RunnerParityTests.swift,,iOS forbids arbitrary local shell/process-daemon semantics; map to consented in-process capability or Remote Runner.
source/mime-types.d.ts,shared contract/runtime,b-nnett/grok-bot-0.18-reconstructed@a9f633e09d49a85829b8236331b9e21f7e612634:source/mime-types.d.ts,source/mime-types.types.swift,Swift,direct-equivalent,implemented,mobile/ios/FabushiTests/RunnerParityTests.swift,,
source/node-agent-coordinator/carrier.ts,Mahayana coordinator control-plane,b-nnett/grok-bot-0.18-reconstructed@a9f633e09d49a85829b8236331b9e21f7e612634:source/node-agent-coordinator/carrier.ts,source/mahayana-agent-coordinator/carrier.swift,Swift,direct-equivalent,implemented,mobile/ios/FabushiTests/CoordinatorContractTests.swift,,
source/node-agent-coordinator/client-side-tool-v2-relay.ts,Mahayana coordinator control-plane,b-nnett/grok-bot-0.18-reconstructed@a9f633e09d49a85829b8236331b9e21f7e612634:source/node-agent-coordinator/client-side-tool-v2-relay.ts,source/mahayana-agent-coordinator/client-side-tool-v2-relay.swift,Swift,direct-equivalent,implemented,mobile/ios/FabushiTests/CoordinatorAdapterTests.swift,,
source/node-agent-coordinator/control-port-client.ts,Mahayana coordinator control-plane,b-nnett/grok-bot-0.18-reconstructed@a9f633e09d49a85829b8236331b9e21f7e612634:source/node-agent-coordinator/control-port-client.ts,source/mahayana-agent-coordinator/control-port-client.swift,Swift,direct-equivalent,implemented,mobile/ios/FabushiTests/CoordinatorContractTests.swift,,
source/node-agent-coordinator/gateway/box-vnc-proxy.ts,Mahayana coordinator control-plane,b-nnett/grok-bot-0.18-reconstructed@a9f633e09d49a85829b8236331b9e21f7e612634:source/node-agent-coordinator/gateway/box-vnc-proxy.ts,source/mahayana-agent-coordinator/gateway/box-vnc-proxy.swift,Swift,ios-adapted,implemented,,,iOS exposes remote-computer clipboard/presence operations through a typed remote proxy rather than a local VNC daemon.
source/node-agent-coordinator/gateway/gateway-client.ts,Mahayana coordinator control-plane,b-nnett/grok-bot-0.18-reconstructed@a9f633e09d49a85829b8236331b9e21f7e612634:source/node-agent-coordinator/gateway/gateway-client.ts,source/mahayana-agent-coordinator/gateway/gateway-client.swift,Swift,direct-equivalent,implemented,,,
source/node-agent-coordinator/gateway/gateway-dns-diagnostics.ts,Mahayana coordinator control-plane,b-nnett/grok-bot-0.18-reconstructed@a9f633e09d49a85829b8236331b9e21f7e612634:source/node-agent-coordinator/gateway/gateway-dns-diagnostics.ts,source/mahayana-agent-coordinator/gateway/gateway-dns-diagnostics.swift,Swift,direct-equivalent,implemented,mobile/ios/FabushiTests/CoordinatorAdapterTests.swift,,
source/node-agent-coordinator/gateway/gateway-errors.ts,Mahayana coordinator control-plane,b-nnett/grok-bot-0.18-reconstructed@a9f633e09d49a85829b8236331b9e21f7e612634:source/node-agent-coordinator/gateway/gateway-errors.ts,source/mahayana-agent-coordinator/gateway/gateway-errors.swift,Swift,direct-equivalent,implemented,,,
source/node-agent-coordinator/gateway/gateway-event-families.ts,Mahayana coordinator control-plane,b-nnett/grok-bot-0.18-reconstructed@a9f633e09d49a85829b8236331b9e21f7e612634:source/node-agent-coordinator/gateway/gateway-event-families.ts,source/mahayana-agent-coordinator/gateway/gateway-event-families.swift,Swift,direct-equivalent,implemented,,,
source/node-agent-coordinator/gateway/gateway-reachability.ts,Mahayana coordinator control-plane,b-nnett/grok-bot-0.18-reconstructed@a9f633e09d49a85829b8236331b9e21f7e612634:source/node-agent-coordinator/gateway/gateway-reachability.ts,source/mahayana-agent-coordinator/gateway/coordinator-gateway-reachability.swift,Swift,direct-equivalent,implemented,,,
source/node-agent-coordinator/gateway/gateway-request-dispatcher.ts,Mahayana coordinator control-plane,b-nnett/grok-bot-0.18-reconstructed@a9f633e09d49a85829b8236331b9e21f7e612634:source/node-agent-coordinator/gateway/gateway-request-dispatcher.ts,source/mahayana-agent-coordinator/gateway/gateway-request-dispatcher.swift,Swift,direct-equivalent,implemented,,,
source/node-agent-coordinator/gateway/host-supervisor.ts,Mahayana coordinator control-plane,b-nnett/grok-bot-0.18-reconstructed@a9f633e09d49a85829b8236331b9e21f7e612634:source/node-agent-coordinator/gateway/host-supervisor.ts,source/mahayana-agent-coordinator/gateway/host-supervisor.swift,Swift,direct-equivalent,implemented,mobile/ios/FabushiTests/CoordinatorAdapterTests.swift,,
source/node-agent-coordinator/gateway/sse-block-decoder.ts,Mahayana coordinator control-plane,b-nnett/grok-bot-0.18-reconstructed@a9f633e09d49a85829b8236331b9e21f7e612634:source/node-agent-coordinator/gateway/sse-block-decoder.ts,source/mahayana-agent-coordinator/gateway/sse-block-decoder.swift,Swift,direct-equivalent,implemented,mobile/ios/FabushiTests/CoordinatorContractTests.swift,,
source/node-agent-coordinator/inference-router.ts,Mahayana coordinator control-plane,b-nnett/grok-bot-0.18-reconstructed@a9f633e09d49a85829b8236331b9e21f7e612634:source/node-agent-coordinator/inference-router.ts,source/mahayana-agent-coordinator/coordinator-inference-router.swift,Swift,direct-equivalent,implemented,,,
source/node-agent-coordinator/local-exec/daemon-files.ts,Mahayana coordinator control-plane,b-nnett/grok-bot-0.18-reconstructed@a9f633e09d49a85829b8236331b9e21f7e612634:source/node-agent-coordinator/local-exec/daemon-files.ts,source/mahayana-agent-coordinator/local-exec/daemon-files.swift,Swift,direct-equivalent,implemented,,,
source/node-agent-coordinator/local-exec/supervisor.ts,Mahayana coordinator control-plane,b-nnett/grok-bot-0.18-reconstructed@a9f633e09d49a85829b8236331b9e21f7e612634:source/node-agent-coordinator/local-exec/supervisor.ts,source/mahayana-agent-coordinator/local-exec/supervisor.swift,Swift,ios-adapted,implemented,mobile/ios/FabushiTests/CoordinatorAdapterTests.swift,,iOS routes allow-listed capabilities in-process and delegates shell/process/box semantics to Remote Runner.
source/node-agent-coordinator/main.ts,Mahayana coordinator control-plane,b-nnett/grok-bot-0.18-reconstructed@a9f633e09d49a85829b8236331b9e21f7e612634:source/node-agent-coordinator/main.ts,source/mahayana-agent-coordinator/MahayanaCoordinator.swift,Swift,direct-equivalent,implemented,,,
source/node-agent-coordinator/oauth/mcp-oauth-callback-listener.ts,Mahayana coordinator control-plane,b-nnett/grok-bot-0.18-reconstructed@a9f633e09d49a85829b8236331b9e21f7e612634:source/node-agent-coordinator/oauth/mcp-oauth-callback-listener.ts,source/mahayana-agent-coordinator/oauth/mcp-oauth-callback-listener.swift,Swift,ios-adapted,implemented,mobile/ios/FabushiTests/CoordinatorAdapterTests.swift,,iOS receives OAuth through the registered app/universal-link callback instead of opening a desktop loopback HTTP listener.
source/node-agent-coordinator/oauth/mcp-oauth-forwarder.ts,Mahayana coordinator control-plane,b-nnett/grok-bot-0.18-reconstructed@a9f633e09d49a85829b8236331b9e21f7e612634:source/node-agent-coordinator/oauth/mcp-oauth-forwarder.ts,source/mahayana-agent-coordinator/oauth/mcp-oauth-forwarder.swift,Swift,direct-equivalent,implemented,,,
source/node-agent-coordinator/oauth/mcp-oauth-loopback-registry.ts,Mahayana coordinator control-plane,b-nnett/grok-bot-0.18-reconstructed@a9f633e09d49a85829b8236331b9e21f7e612634:source/node-agent-coordinator/oauth/mcp-oauth-loopback-registry.ts,source/mahayana-agent-coordinator/oauth/mcp-oauth-loopback-registry.swift,Swift,ios-adapted,implemented,mobile/ios/FabushiTests/CoordinatorAdapterTests.swift,,iOS stores and consumes OAuth state for app URL callbacks; no local loopback server is emulated.
source/node-agent-coordinator/renderer-port-server.ts,Mahayana coordinator control-plane,b-nnett/grok-bot-0.18-reconstructed@a9f633e09d49a85829b8236331b9e21f7e612634:source/node-agent-coordinator/renderer-port-server.ts,source/mahayana-agent-coordinator/renderer-port-server.swift,Swift,direct-equivalent,implemented,mobile/ios/FabushiTests/CoordinatorContractTests.swift,,
source/node-agent-coordinator/routed-mcp-bridge.ts,Mahayana coordinator control-plane,b-nnett/grok-bot-0.18-reconstructed@a9f633e09d49a85829b8236331b9e21f7e612634:source/node-agent-coordinator/routed-mcp-bridge.ts,source/mahayana-agent-coordinator/routed-mcp-bridge.swift,Swift,direct-equivalent,implemented,,,
source/node-agent-coordinator/telemetry/transport-stage-recorder.ts,Mahayana coordinator control-plane,b-nnett/grok-bot-0.18-reconstructed@a9f633e09d49a85829b8236331b9e21f7e612634:source/node-agent-coordinator/telemetry/transport-stage-recorder.ts,source/mahayana-agent-coordinator/telemetry/transport-stage-recorder.swift,Swift,direct-equivalent,implemented,,,
source/node-agent-coordinator/webauthn/provider.ts,Mahayana coordinator control-plane,b-nnett/grok-bot-0.18-reconstructed@a9f633e09d49a85829b8236331b9e21f7e612634:source/node-agent-coordinator/webauthn/provider.ts,source/mahayana-agent-coordinator/webauthn/provider.swift,Swift,ios-adapted,implemented,,,iOS WebAuthn is expressed as a typed passkey provider boundary suitable for AuthenticationServices.
source/node-agent-coordinator/webauthn/signer.ts,Mahayana coordinator control-plane,b-nnett/grok-bot-0.18-reconstructed@a9f633e09d49a85829b8236331b9e21f7e612634:source/node-agent-coordinator/webauthn/signer.ts,source/mahayana-agent-coordinator/webauthn/signer.swift,Swift,ios-adapted,implemented,,,iOS signs WebAuthn challenges through the passkey provider and returns typed assertion fields.
source/packages/agent-analytics/commit-scoring/git-repo-utils.ts,iOS-local package/runtime implementation,b-nnett/grok-bot-0.18-reconstructed@a9f633e09d49a85829b8236331b9e21f7e612634:source/packages/agent-analytics/commit-scoring/git-repo-utils.ts,source/packages/agent-analytics/commit-scoring/git-repo-utils.rs,Rust,direct-equivalent,implemented,cargo test -p mahayana-app-host-mobile --lib (package_agent_analytics_git_repo_utils::tests),,"Platform-neutral Git remote parsing is owned by iOS Rust and preserves pinned malformed-http repair, SCP-style SSH normalization, .git stripping, and GitHub/GitLab/Azure/Bitbucket/Gerrit repository-name rules without spawning a local git process."
source/packages/agent-client/errors.ts,iOS-local package/runtime implementation,b-nnett/grok-bot-0.18-reconstructed@a9f633e09d49a85829b8236331b9e21f7e612634:source/packages/agent-client/errors.ts,source/packages/agent-client/agent-client-errors.swift,Swift,ios-adapted,implemented,mobile/ios/FabushiTests/PackageAgentClientParityTests.swift,,Native classifier preserves retry/cancel/action-required/terminal/display-metadata behavior while replacing ConnectRPC JS/protobuf error objects with typed iOS transport inputs.
source/packages/agent-core/conversation-actions/context-injection.ts,iOS-local package/runtime implementation,b-nnett/grok-bot-0.18-reconstructed@a9f633e09d49a85829b8236331b9e21f7e612634:source/packages/agent-core/conversation-actions/context-injection.ts,source/packages/agent-core/conversation-actions/context-injection.rs,Rust,direct-equivalent,implemented,cargo test -p mahayana-app-host-mobile --lib (package_agent_core_context_injection::tests),,Pinned Grok file retains no named runtime surface after tree shaking; the iOS-owned Rust counterpart intentionally exposes no production API and is compiled in the Host test graph without inventing behavior.
source/packages/agent-core/conversation-actions/controlled.ts,iOS-local package/runtime implementation,b-nnett/grok-bot-0.18-reconstructed@a9f633e09d49a85829b8236331b9e21f7e612634:source/packages/agent-core/conversation-actions/controlled.ts,source/packages/agent-core/conversation-actions/controlled.rs,Rust,direct-equivalent,implemented,cargo test -p mahayana-app-host-mobile --lib (package_agent_core_conversation_actions_controlled::tests),,Pinned Grok module retains only default logger initialization and no public manager surface; iOS-owned Rust preserves the retained logger identity as a private module initializer value without inventing desktop manager behavior.
source/packages/agent-core/conversation-actions/receiver-contract.ts,iOS-local package/runtime implementation,b-nnett/grok-bot-0.18-reconstructed@a9f633e09d49a85829b8236331b9e21f7e612634:source/packages/agent-core/conversation-actions/receiver-contract.ts,source/packages/agent-core/conversation-actions/receiver-contract.rs,Rust,direct-equivalent,implemented,cargo test -p mahayana-app-host-mobile --lib (package_agent_core_conversation_actions_receiver_contract::tests),,"Rust generics preserve the pinned receiver entry plus async peek/pop contract, claimed-injection state, failed-delivery hook and optional context-injection signal without adding queue or transport ownership."
source/packages/agent-core/conversation-actions/remote.ts,iOS-local package/runtime implementation,b-nnett/grok-bot-0.18-reconstructed@a9f633e09d49a85829b8236331b9e21f7e612634:source/packages/agent-core/conversation-actions/remote.ts,source/packages/agent-core/conversation-actions/remote.rs,Rust,direct-equivalent,implemented,cargo test -p mahayana-app-host-mobile --lib (package_agent_core_conversation_actions_remote::tests),,The pinned remote receiver is a no-op implementation; iOS-owned Rust returns no queued action and completes pop as a no-op while conforming to the local receiver contract.
source/packages/agent-core/conversation-actions/steer-outbox.ts,iOS-local package/runtime implementation,b-nnett/grok-bot-0.18-reconstructed@a9f633e09d49a85829b8236331b9e21f7e612634:source/packages/agent-core/conversation-actions/steer-outbox.ts,source/packages/agent-core/conversation-actions/steer-outbox.rs,Rust,direct-equivalent,implemented,cargo test -p mahayana-app-host-mobile --lib (package_agent_core_conversation_actions_steer_outbox::tests),,Pinned Grok file contains only a strict-mode initializer and exports no runtime surface; the iOS-owned Rust counterpart is intentionally behaviorless and compiled in the Host test graph.
source/packages/agent-core/domain-utils.ts,iOS-local package/runtime implementation,b-nnett/grok-bot-0.18-reconstructed@a9f633e09d49a85829b8236331b9e21f7e612634:source/packages/agent-core/domain-utils.ts,source/packages/agent-core/domain-utils.rs,Rust,direct-equivalent,implemented,cargo test -p mahayana-app-host-mobile --lib (package_agent_core_domain_utils::tests),,"Pinned module contains only retained private bigint/mask initializer values; Rust owns the same numeric constants as compile-time values, so no JavaScript module side effect or platform shim is required."
source/packages/agent-core/goal-continuation.ts,iOS-local package/runtime implementation,b-nnett/grok-bot-0.18-reconstructed@a9f633e09d49a85829b8236331b9e21f7e612634:source/packages/agent-core/goal-continuation.ts,source/packages/agent-core/goal-continuation.rs,Rust,direct-equivalent,implemented,cargo test -p mahayana-app-host-mobile --lib (package_agent_core_goal_continuation::tests),,"Goal timing, UUID-shape and ownership validation are platform-neutral package policy; iOS-owned Rust preserves the pinned non-negative accrual and session/conversation identity rules without desktop process behavior."
source/packages/agent-core/goal-pursuit-guidelines.ts,iOS-local package/runtime implementation,b-nnett/grok-bot-0.18-reconstructed@a9f633e09d49a85829b8236331b9e21f7e612634:source/packages/agent-core/goal-pursuit-guidelines.ts,source/packages/agent-core/goal-pursuit-guidelines.rs,Rust,direct-equivalent,implemented,cargo test -p mahayana-app-host-mobile --lib (package_agent_core_goal_pursuit_guidelines::tests),,"Pure continuation-policy copy construction is platform-neutral; Rust preserves the pinned fallback text, named todo/update-goal interpolation, fidelity rules and completion-audit guidance without desktop-only behavior."
source/packages/agent-core/index.ts,iOS-local package/runtime implementation,b-nnett/grok-bot-0.18-reconstructed@a9f633e09d49a85829b8236331b9e21f7e612634:source/packages/agent-core/index.ts,source/packages/agent-core/index.rs,Rust,direct-equivalent,mapped,,,
source/packages/agent-core/interaction-listener.ts,iOS-local package/runtime implementation,b-nnett/grok-bot-0.18-reconstructed@a9f633e09d49a85829b8236331b9e21f7e612634:source/packages/agent-core/interaction-listener.ts,source/packages/agent-core/interaction-listener.rs,Rust,direct-equivalent,mapped,,,
source/packages/agent-core/interaction-queries.ts,iOS-local package/runtime implementation,b-nnett/grok-bot-0.18-reconstructed@a9f633e09d49a85829b8236331b9e21f7e612634:source/packages/agent-core/interaction-queries.ts,source/packages/agent-core/interaction-queries.rs,Rust,direct-equivalent,mapped,,,
source/packages/agent-core/interaction-updates.ts,iOS-local package/runtime implementation,b-nnett/grok-bot-0.18-reconstructed@a9f633e09d49a85829b8236331b9e21f7e612634:source/packages/agent-core/interaction-updates.ts,source/packages/agent-core/interaction-updates.rs,Rust,direct-equivalent,mapped,,,
source/packages/agent-core/mcp-auth-flow.ts,iOS-local package/runtime implementation,b-nnett/grok-bot-0.18-reconstructed@a9f633e09d49a85829b8236331b9e21f7e612634:source/packages/agent-core/mcp-auth-flow.ts,source/packages/agent-core/mcp-auth-flow.rs,Rust,direct-equivalent,implemented,cargo test -p mahayana-app-host-mobile --lib (package_agent_core_mcp_auth_flow::tests),,Pinned Grok agent-core/mcp-auth-flow module retains only its strict-mode initializer and exposes no named runtime surface; the iOS-owned Rust counterpart intentionally adds no production behavior and is compiled in the Host test graph.
source/packages/agent-core/redacted-interaction-listener.ts,iOS-local package/runtime implementation,b-nnett/grok-bot-0.18-reconstructed@a9f633e09d49a85829b8236331b9e21f7e612634:source/packages/agent-core/redacted-interaction-listener.ts,source/packages/agent-core/redacted-interaction-listener.rs,Rust,direct-equivalent,mapped,,,
source/packages/agent-core/redacted-interaction-updates.ts,iOS-local package/runtime implementation,b-nnett/grok-bot-0.18-reconstructed@a9f633e09d49a85829b8236331b9e21f7e612634:source/packages/agent-core/redacted-interaction-updates.ts,source/packages/agent-core/redacted-interaction-updates.rs,Rust,direct-equivalent,mapped,,,
source/packages/agent-exec/adopt.ts,iOS-local package/runtime implementation,b-nnett/grok-bot-0.18-reconstructed@a9f633e09d49a85829b8236331b9e21f7e612634:source/packages/agent-exec/adopt.ts,source/packages/agent-exec/adopt.rs,Rust,direct-equivalent,mapped,,,
source/packages/agent-exec/agent-skill-metadata.ts,iOS-local package/runtime implementation,b-nnett/grok-bot-0.18-reconstructed@a9f633e09d49a85829b8236331b9e21f7e612634:source/packages/agent-exec/agent-skill-metadata.ts,source/packages/agent-exec/agent-skill-metadata.rs,Rust,direct-equivalent,implemented,cargo test -p mahayana-app-host-mobile --lib (package_agent_exec_agent_skill_metadata::tests),,Pinned Grok module retains only its strict-mode initializer and exposes no named runtime surface; the iOS-owned Rust counterpart intentionally adds no production behavior and is compiled by the shipping mobile Host graph.
source/packages/agent-exec/agent-store-conflict-notice.ts,iOS-local package/runtime implementation,b-nnett/grok-bot-0.18-reconstructed@a9f633e09d49a85829b8236331b9e21f7e612634:source/packages/agent-exec/agent-store-conflict-notice.ts,source/packages/agent-exec/agent-store-conflict-notice.rs,Rust,direct-equivalent,mapped,,,
source/packages/agent-exec/agent-store-conflict.ts,iOS-local package/runtime implementation,b-nnett/grok-bot-0.18-reconstructed@a9f633e09d49a85829b8236331b9e21f7e612634:source/packages/agent-exec/agent-store-conflict.ts,source/packages/agent-exec/agent-store-conflict.rs,Rust,direct-equivalent,mapped,,,
source/packages/agent-exec/agent-tools-file.ts,iOS-local package/runtime implementation,b-nnett/grok-bot-0.18-reconstructed@a9f633e09d49a85829b8236331b9e21f7e612634:source/packages/agent-exec/agent-tools-file.ts,source/packages/agent-exec/agent-tools-file.rs,Rust,direct-equivalent,mapped,,,
source/packages/agent-exec/await-outcome.ts,iOS-local package/runtime implementation,b-nnett/grok-bot-0.18-reconstructed@a9f633e09d49a85829b8236331b9e21f7e612634:source/packages/agent-exec/await-outcome.ts,source/packages/agent-exec/await-outcome.rs,Rust,direct-equivalent,implemented,cargo test -p mahayana-app-host-mobile --lib (package_agent_exec_await_outcome::tests),,Pinned Grok agent-exec/await-outcome module retains only its strict-mode initializer and exposes no named runtime surface; the iOS-owned Rust counterpart intentionally adds no production behavior and is compiled in the Host test graph.
source/packages/agent-exec/background-completion-dispatch.ts,iOS-local package/runtime implementation,b-nnett/grok-bot-0.18-reconstructed@a9f633e09d49a85829b8236331b9e21f7e612634:source/packages/agent-exec/background-completion-dispatch.ts,source/packages/agent-exec/background-completion-dispatch.rs,Rust,direct-equivalent,implemented,cargo test -p mahayana-app-host-mobile --lib (package_agent_exec_background_completion_dispatch::tests),,Pinned Grok module retains only its strict-mode initializer and exposes no named runtime surface; the iOS-owned Rust counterpart intentionally adds no production behavior and is compiled by the shipping mobile Host graph.
source/packages/agent-exec/background-shell.ts,iOS-local package/runtime implementation,b-nnett/grok-bot-0.18-reconstructed@a9f633e09d49a85829b8236331b9e21f7e612634:source/packages/agent-exec/background-shell.ts,source/packages/agent-exec/background-shell.rs,Rust,direct-equivalent,mapped,,,
source/packages/agent-exec/background-work-metadata.ts,iOS-local package/runtime implementation,b-nnett/grok-bot-0.18-reconstructed@a9f633e09d49a85829b8236331b9e21f7e612634:source/packages/agent-exec/background-work-metadata.ts,source/packages/agent-exec/background-work-metadata.rs,Rust,direct-equivalent,implemented,cargo test -p mahayana-app-host-mobile --lib (package_agent_exec_background_work_metadata::tests),,Platform-neutral metadata codec is owned by iOS Rust and preserves pinned nonblank title/cwd filtering plus finite positive startTimeMs floor/string encoding and decode semantics without introducing shell/process behavior.
source/packages/agent-exec/background-work-registry.ts,iOS-local package/runtime implementation,b-nnett/grok-bot-0.18-reconstructed@a9f633e09d49a85829b8236331b9e21f7e612634:source/packages/agent-exec/background-work-registry.ts,source/packages/agent-exec/background-work-registry.rs,Rust,direct-equivalent,mapped,,,
source/packages/agent-exec/canvas-diagnostics.ts,iOS-local package/runtime implementation,b-nnett/grok-bot-0.18-reconstructed@a9f633e09d49a85829b8236331b9e21f7e612634:source/packages/agent-exec/canvas-diagnostics.ts,source/packages/agent-exec/canvas-diagnostics.rs,Rust,direct-equivalent,mapped,,,
source/packages/agent-exec/common.ts,iOS-local package/runtime implementation,b-nnett/grok-bot-0.18-reconstructed@a9f633e09d49a85829b8236331b9e21f7e612634:source/packages/agent-exec/common.ts,source/packages/agent-exec/common.rs,Rust,direct-equivalent,implemented,cargo test -p mahayana-app-host-mobile --lib (package_agent_exec_common::tests),,Pinned Grok agent-exec/common module retains only its strict-mode initializer and exposes no named runtime surface; the iOS-owned Rust counterpart intentionally adds no production behavior and is compiled in the Host test graph.
source/packages/agent-exec/computer-use.ts,iOS-local package/runtime implementation,b-nnett/grok-bot-0.18-reconstructed@a9f633e09d49a85829b8236331b9e21f7e612634:source/packages/agent-exec/computer-use.ts,source/packages/agent-exec/computer-use.rs,Rust,direct-equivalent,mapped,,,
source/packages/agent-exec/controlled.ts,iOS-local package/runtime implementation,b-nnett/grok-bot-0.18-reconstructed@a9f633e09d49a85829b8236331b9e21f7e612634:source/packages/agent-exec/controlled.ts,source/packages/agent-exec/controlled.rs,Rust,direct-equivalent,mapped,,,
source/packages/agent-exec/conversation-search.ts,iOS-local package/runtime implementation,b-nnett/grok-bot-0.18-reconstructed@a9f633e09d49a85829b8236331b9e21f7e612634:source/packages/agent-exec/conversation-search.ts,source/packages/agent-exec/conversation-search.rs,Rust,direct-equivalent,mapped,,,
source/packages/agent-exec/delete.ts,iOS-local package/runtime implementation,b-nnett/grok-bot-0.18-reconstructed@a9f633e09d49a85829b8236331b9e21f7e612634:source/packages/agent-exec/delete.ts,source/packages/agent-exec/delete.rs,Rust,direct-equivalent,mapped,,,
source/packages/agent-exec/diagnostics.ts,iOS-local package/runtime implementation,b-nnett/grok-bot-0.18-reconstructed@a9f633e09d49a85829b8236331b9e21f7e612634:source/packages/agent-exec/diagnostics.ts,source/packages/agent-exec/diagnostics.rs,Rust,direct-equivalent,mapped,,,
source/packages/agent-exec/exec-error.ts,iOS-local package/runtime implementation,b-nnett/grok-bot-0.18-reconstructed@a9f633e09d49a85829b8236331b9e21f7e612634:source/packages/agent-exec/exec-error.ts,source/packages/agent-exec/exec-error.rs,Rust,direct-equivalent,implemented,cargo test -p mahayana-app-host-mobile --lib (package_agent_exec_exec_error::tests),,Pinned Grok agent-exec/exec-error module retains only its strict-mode initializer and exposes no named runtime surface; the iOS-owned Rust counterpart intentionally adds no production behavior and is compiled in the Host test graph.
source/packages/agent-exec/execution-timing.ts,iOS-local package/runtime implementation,b-nnett/grok-bot-0.18-reconstructed@a9f633e09d49a85829b8236331b9e21f7e612634:source/packages/agent-exec/execution-timing.ts,source/packages/agent-exec/execution-timing.rs,Rust,direct-equivalent,implemented,cargo test -p mahayana-app-host-mobile --lib (package_agent_exec_execution_timing::tests),,Pinned Grok agent-exec/execution-timing module retains only its strict-mode initializer and exposes no named runtime surface; the iOS-owned Rust counterpart intentionally adds no production behavior and is compiled in the Host test graph.
source/packages/agent-exec/fetch.ts,iOS-local package/runtime implementation,b-nnett/grok-bot-0.18-reconstructed@a9f633e09d49a85829b8236331b9e21f7e612634:source/packages/agent-exec/fetch.ts,source/packages/agent-exec/fetch.rs,Rust,direct-equivalent,mapped,,,
source/packages/agent-exec/git-diff.ts,iOS-local package/runtime implementation,b-nnett/grok-bot-0.18-reconstructed@a9f633e09d49a85829b8236331b9e21f7e612634:source/packages/agent-exec/git-diff.ts,source/packages/agent-exec/git-diff.rs,Rust,direct-equivalent,mapped,,,
source/packages/agent-exec/grep.ts,iOS-local package/runtime implementation,b-nnett/grok-bot-0.18-reconstructed@a9f633e09d49a85829b8236331b9e21f7e612634:source/packages/agent-exec/grep.ts,source/packages/agent-exec/grep.rs,Rust,direct-equivalent,mapped,,,
source/packages/agent-exec/hook-executor.ts,iOS-local package/runtime implementation,b-nnett/grok-bot-0.18-reconstructed@a9f633e09d49a85829b8236331b9e21f7e612634:source/packages/agent-exec/hook-executor.ts,source/packages/agent-exec/hook-executor.rs,Rust,direct-equivalent,mapped,,,
source/packages/agent-exec/hook-metadata.ts,iOS-local package/runtime implementation,b-nnett/grok-bot-0.18-reconstructed@a9f633e09d49a85829b8236331b9e21f7e612634:source/packages/agent-exec/hook-metadata.ts,source/packages/agent-exec/hook-metadata.rs,Rust,direct-equivalent,mapped,,,
source/packages/agent-exec/index.ts,iOS-local package/runtime implementation,b-nnett/grok-bot-0.18-reconstructed@a9f633e09d49a85829b8236331b9e21f7e612634:source/packages/agent-exec/index.ts,source/packages/agent-exec/index.rs,Rust,direct-equivalent,mapped,,,
source/packages/agent-exec/ls.ts,iOS-local package/runtime implementation,b-nnett/grok-bot-0.18-reconstructed@a9f633e09d49a85829b8236331b9e21f7e612634:source/packages/agent-exec/ls.ts,source/packages/agent-exec/ls.rs,Rust,direct-equivalent,mapped,,,
source/packages/agent-exec/mcp-allowlist-precheck.ts,iOS-local package/runtime implementation,b-nnett/grok-bot-0.18-reconstructed@a9f633e09d49a85829b8236331b9e21f7e612634:source/packages/agent-exec/mcp-allowlist-precheck.ts,source/packages/agent-exec/mcp-allowlist-precheck.rs,Rust,direct-equivalent,mapped,,,
source/packages/agent-exec/mcp-disk-catalog.ts,iOS-local package/runtime implementation,b-nnett/grok-bot-0.18-reconstructed@a9f633e09d49a85829b8236331b9e21f7e612634:source/packages/agent-exec/mcp-disk-catalog.ts,source/packages/agent-exec/mcp-disk-catalog.rs,Rust,direct-equivalent,mapped,,,
source/packages/agent-exec/mcp.ts,iOS-local package/runtime implementation,b-nnett/grok-bot-0.18-reconstructed@a9f633e09d49a85829b8236331b9e21f7e612634:source/packages/agent-exec/mcp.ts,source/packages/agent-exec/mcp.rs,Rust,direct-equivalent,mapped,,,
source/packages/agent-exec/mini-swe-agent-bash.ts,iOS-local package/runtime implementation,b-nnett/grok-bot-0.18-reconstructed@a9f633e09d49a85829b8236331b9e21f7e612634:source/packages/agent-exec/mini-swe-agent-bash.ts,source/packages/agent-exec/mini-swe-agent-bash.rs,Rust,direct-equivalent,mapped,,,
source/packages/agent-exec/pi-bash.ts,iOS-local package/runtime implementation,b-nnett/grok-bot-0.18-reconstructed@a9f633e09d49a85829b8236331b9e21f7e612634:source/packages/agent-exec/pi-bash.ts,source/packages/agent-exec/pi-bash.rs,Rust,direct-equivalent,mapped,,,
source/packages/agent-exec/pi-edit.ts,iOS-local package/runtime implementation,b-nnett/grok-bot-0.18-reconstructed@a9f633e09d49a85829b8236331b9e21f7e612634:source/packages/agent-exec/pi-edit.ts,source/packages/agent-exec/pi-edit.rs,Rust,direct-equivalent,mapped,,,
source/packages/agent-exec/pi-find.ts,iOS-local package/runtime implementation,b-nnett/grok-bot-0.18-reconstructed@a9f633e09d49a85829b8236331b9e21f7e612634:source/packages/agent-exec/pi-find.ts,source/packages/agent-exec/pi-find.rs,Rust,direct-equivalent,mapped,,,
source/packages/agent-exec/pi-grep.ts,iOS-local package/runtime implementation,b-nnett/grok-bot-0.18-reconstructed@a9f633e09d49a85829b8236331b9e21f7e612634:source/packages/agent-exec/pi-grep.ts,source/packages/agent-exec/pi-grep.rs,Rust,direct-equivalent,mapped,,,
source/packages/agent-exec/pi-ls.ts,iOS-local package/runtime implementation,b-nnett/grok-bot-0.18-reconstructed@a9f633e09d49a85829b8236331b9e21f7e612634:source/packages/agent-exec/pi-ls.ts,source/packages/agent-exec/pi-ls.rs,Rust,direct-equivalent,mapped,,,
source/packages/agent-exec/pi-read.ts,iOS-local package/runtime implementation,b-nnett/grok-bot-0.18-reconstructed@a9f633e09d49a85829b8236331b9e21f7e612634:source/packages/agent-exec/pi-read.ts,source/packages/agent-exec/pi-read.rs,Rust,direct-equivalent,mapped,,,
source/packages/agent-exec/pi-write.ts,iOS-local package/runtime implementation,b-nnett/grok-bot-0.18-reconstructed@a9f633e09d49a85829b8236331b9e21f7e612634:source/packages/agent-exec/pi-write.ts,source/packages/agent-exec/pi-write.rs,Rust,direct-equivalent,mapped,,,
source/packages/agent-exec/read.ts,iOS-local package/runtime implementation,b-nnett/grok-bot-0.18-reconstructed@a9f633e09d49a85829b8236331b9e21f7e612634:source/packages/agent-exec/read.ts,source/packages/agent-exec/read.rs,Rust,direct-equivalent,mapped,,,
source/packages/agent-exec/readonly-resource-accessor.ts,iOS-local package/runtime implementation,b-nnett/grok-bot-0.18-reconstructed@a9f633e09d49a85829b8236331b9e21f7e612634:source/packages/agent-exec/readonly-resource-accessor.ts,source/packages/agent-exec/readonly-resource-accessor.rs,Rust,direct-equivalent,mapped,,,
source/packages/agent-exec/record-screen.ts,iOS-local package/runtime implementation,b-nnett/grok-bot-0.18-reconstructed@a9f633e09d49a85829b8236331b9e21f7e612634:source/packages/agent-exec/record-screen.ts,source/packages/agent-exec/record-screen.rs,Rust,direct-equivalent,mapped,,,
source/packages/agent-exec/remote.ts,iOS-local package/runtime implementation,b-nnett/grok-bot-0.18-reconstructed@a9f633e09d49a85829b8236331b9e21f7e612634:source/packages/agent-exec/remote.ts,source/packages/agent-exec/remote.rs,Rust,direct-equivalent,mapped,,,
source/packages/agent-exec/request-context-parts.ts,iOS-local package/runtime implementation,b-nnett/grok-bot-0.18-reconstructed@a9f633e09d49a85829b8236331b9e21f7e612634:source/packages/agent-exec/request-context-parts.ts,source/packages/agent-exec/request-context-parts.rs,Rust,direct-equivalent,implemented,cargo test -p mahayana-app-host-mobile --lib (package_agent_exec_request_context_parts::tests),,Pinned Grok agent-exec/request-context-parts module retains only its strict-mode initializer and exposes no named runtime surface; the iOS-owned Rust counterpart intentionally adds no production behavior and is compiled in the Host test graph.
source/packages/agent-exec/request-context.ts,iOS-local package/runtime implementation,b-nnett/grok-bot-0.18-reconstructed@a9f633e09d49a85829b8236331b9e21f7e612634:source/packages/agent-exec/request-context.ts,source/packages/agent-exec/request-context.rs,Rust,direct-equivalent,mapped,,,
source/packages/agent-exec/resource-provider.ts,iOS-local package/runtime implementation,b-nnett/grok-bot-0.18-reconstructed@a9f633e09d49a85829b8236331b9e21f7e612634:source/packages/agent-exec/resource-provider.ts,source/packages/agent-exec/resource-provider.rs,Rust,direct-equivalent,mapped,,,
source/packages/agent-exec/serialization.ts,iOS-local package/runtime implementation,b-nnett/grok-bot-0.18-reconstructed@a9f633e09d49a85829b8236331b9e21f7e612634:source/packages/agent-exec/serialization.ts,source/packages/agent-exec/serialization.rs,Rust,direct-equivalent,mapped,,,
source/packages/agent-exec/shell-allowlist-precheck.ts,iOS-local package/runtime implementation,b-nnett/grok-bot-0.18-reconstructed@a9f633e09d49a85829b8236331b9e21f7e612634:source/packages/agent-exec/shell-allowlist-precheck.ts,source/packages/agent-exec/shell-allowlist-precheck.rs,Rust,direct-equivalent,mapped,,,
source/packages/agent-exec/shell-control.ts,iOS-local package/runtime implementation,b-nnett/grok-bot-0.18-reconstructed@a9f633e09d49a85829b8236331b9e21f7e612634:source/packages/agent-exec/shell-control.ts,source/packages/agent-exec/shell-control.rs,Rust,direct-equivalent,mapped,,,
source/packages/agent-exec/shell-hook-approval.ts,iOS-local package/runtime implementation,b-nnett/grok-bot-0.18-reconstructed@a9f633e09d49a85829b8236331b9e21f7e612634:source/packages/agent-exec/shell-hook-approval.ts,source/packages/agent-exec/shell-hook-approval.rs,Rust,direct-equivalent,mapped,,,
source/packages/agent-exec/shell-stream.ts,iOS-local package/runtime implementation,b-nnett/grok-bot-0.18-reconstructed@a9f633e09d49a85829b8236331b9e21f7e612634:source/packages/agent-exec/shell-stream.ts,source/packages/agent-exec/shell-stream.rs,Rust,direct-equivalent,mapped,,,
source/packages/agent-exec/shell.ts,iOS-local package/runtime implementation,b-nnett/grok-bot-0.18-reconstructed@a9f633e09d49a85829b8236331b9e21f7e612634:source/packages/agent-exec/shell.ts,source/packages/agent-exec/shell.rs,Rust,direct-equivalent,mapped,,,
source/packages/agent-exec/smart-mode-classifier.ts,iOS-local package/runtime implementation,b-nnett/grok-bot-0.18-reconstructed@a9f633e09d49a85829b8236331b9e21f7e612634:source/packages/agent-exec/smart-mode-classifier.ts,source/packages/agent-exec/smart-mode-classifier.rs,Rust,direct-equivalent,mapped,,,
source/packages/agent-exec/subagent-await.ts,iOS-local package/runtime implementation,b-nnett/grok-bot-0.18-reconstructed@a9f633e09d49a85829b8236331b9e21f7e612634:source/packages/agent-exec/subagent-await.ts,source/packages/agent-exec/subagent-await.rs,Rust,direct-equivalent,mapped,,,
source/packages/agent-exec/subagent-control.ts,iOS-local package/runtime implementation,b-nnett/grok-bot-0.18-reconstructed@a9f633e09d49a85829b8236331b9e21f7e612634:source/packages/agent-exec/subagent-control.ts,source/packages/agent-exec/subagent-control.rs,Rust,direct-equivalent,mapped,,,
source/packages/agent-exec/subagent-lifecycle-state-machine.ts,iOS-local package/runtime implementation,b-nnett/grok-bot-0.18-reconstructed@a9f633e09d49a85829b8236331b9e21f7e612634:source/packages/agent-exec/subagent-lifecycle-state-machine.ts,source/packages/agent-exec/subagent-lifecycle-state-machine.rs,Rust,direct-equivalent,implemented,cargo test -p mahayana-app-host-mobile --lib (package_agent_exec_subagent_lifecycle_state_machine::tests),,Pinned Grok module retains only its strict-mode initializer and exposes no named runtime surface; the iOS-owned Rust counterpart intentionally adds no production behavior and is compiled by the shipping mobile Host graph.
source/packages/agent-exec/subagent-lifecycle-store.ts,iOS-local package/runtime implementation,b-nnett/grok-bot-0.18-reconstructed@a9f633e09d49a85829b8236331b9e21f7e612634:source/packages/agent-exec/subagent-lifecycle-store.ts,source/packages/agent-exec/subagent-lifecycle-store.rs,Rust,direct-equivalent,implemented,cargo test -p mahayana-app-host-mobile --lib (package_agent_exec_subagent_lifecycle_store::tests),,"Pinned Grok module preserves only the evaluation edge to subagent-lifecycle-state-machine and exports no runtime API; both iOS-owned Rust counterparts are compiled by the shipping mobile Host graph, without inventing lifecycle behavior."
source/packages/agent-exec/subagent-queue.ts,iOS-local package/runtime implementation,b-nnett/grok-bot-0.18-reconstructed@a9f633e09d49a85829b8236331b9e21f7e612634:source/packages/agent-exec/subagent-queue.ts,source/packages/agent-exec/subagent-queue.rs,Rust,direct-equivalent,implemented,cargo test -p mahayana-app-host-mobile --lib (package_agent_exec_subagent_queue::tests),,Pinned Grok module retains only its strict-mode initializer and exposes no named runtime surface; the iOS-owned Rust counterpart intentionally adds no production behavior and is compiled by the shipping mobile Host graph.
source/packages/agent-exec/subagent.ts,iOS-local package/runtime implementation,b-nnett/grok-bot-0.18-reconstructed@a9f633e09d49a85829b8236331b9e21f7e612634:source/packages/agent-exec/subagent.ts,source/packages/agent-exec/subagent.rs,Rust,direct-equivalent,mapped,,,
source/packages/agent-exec/wakeup/index.ts,iOS-local package/runtime implementation,b-nnett/grok-bot-0.18-reconstructed@a9f633e09d49a85829b8236331b9e21f7e612634:source/packages/agent-exec/wakeup/index.ts,source/packages/agent-exec/wakeup/index.rs,Rust,direct-equivalent,mapped,,,
source/packages/agent-exec/web-fetch-allowlist-precheck.ts,iOS-local package/runtime implementation,b-nnett/grok-bot-0.18-reconstructed@a9f633e09d49a85829b8236331b9e21f7e612634:source/packages/agent-exec/web-fetch-allowlist-precheck.ts,source/packages/agent-exec/web-fetch-allowlist-precheck.rs,Rust,direct-equivalent,mapped,,,
source/packages/agent-exec/write.ts,iOS-local package/runtime implementation,b-nnett/grok-bot-0.18-reconstructed@a9f633e09d49a85829b8236331b9e21f7e612634:source/packages/agent-exec/write.ts,source/packages/agent-exec/write.rs,Rust,direct-equivalent,mapped,,,
source/packages/agent-kv/agent-store.ts,iOS-local package/runtime implementation,b-nnett/grok-bot-0.18-reconstructed@a9f633e09d49a85829b8236331b9e21f7e612634:source/packages/agent-kv/agent-store.ts,source/packages/agent-kv/agent-store.rs,Rust,direct-equivalent,mapped,,,
source/packages/agent-kv/blob-not-found-error.ts,iOS-local package/runtime implementation,b-nnett/grok-bot-0.18-reconstructed@a9f633e09d49a85829b8236331b9e21f7e612634:source/packages/agent-kv/blob-not-found-error.ts,source/packages/agent-kv/blob-not-found-error.rs,Rust,direct-equivalent,implemented,cargo test -p mahayana-app-host-mobile --lib (package_agent_kv_blob_not_found_error::tests),,"Native Rust error typing preserves the user-facing missing-data message, bounded blob-id suffixes and source-chain discovery; JavaScript name/property structural matching is replaced by typed Error downcasting."
source/packages/agent-kv/blob-store.ts,iOS-local package/runtime implementation,b-nnett/grok-bot-0.18-reconstructed@a9f633e09d49a85829b8236331b9e21f7e612634:source/packages/agent-kv/blob-store.ts,source/packages/agent-kv/blob-store.rs,Rust,direct-equivalent,implemented,cargo test -p mahayana-app-host-mobile --lib (package_agent_kv_blob_store::tests),,"iOS-owned Rust preserves blob get/set/local-only/flush/durability semantics and SHA-256 content IDs; Vec ownership replaces JavaScript SharedArrayBuffer normalization, and the in-memory store remains deterministic."
source/packages/agent-kv/reference.ts,iOS-local package/runtime implementation,b-nnett/grok-bot-0.18-reconstructed@a9f633e09d49a85829b8236331b9e21f7e612634:source/packages/agent-kv/reference.ts,source/packages/agent-kv/reference.rs,Rust,direct-equivalent,mapped,,,
source/packages/agent-kv/serde.ts,iOS-local package/runtime implementation,b-nnett/grok-bot-0.18-reconstructed@a9f633e09d49a85829b8236331b9e21f7e612634:source/packages/agent-kv/serde.ts,source/packages/agent-kv/serde.rs,Rust,direct-equivalent,implemented,cargo test -p mahayana-app-host-mobile --lib (package_agent_kv_serde::tests),,"iOS-owned Rust preserves UTF-8 serde, blob metadata vocabulary and hex conversion. JavaScript Uint8Array invalid-hex coercion is intentionally retained rather than made stricter."
source/packages/agent-kv/subagent-states.ts,iOS-local package/runtime implementation,b-nnett/grok-bot-0.18-reconstructed@a9f633e09d49a85829b8236331b9e21f7e612634:source/packages/agent-kv/subagent-states.ts,source/packages/agent-kv/subagent-states.rs,Rust,direct-equivalent,mapped,,,
source/packages/agent-kv/typed-blob-store.ts,iOS-local package/runtime implementation,b-nnett/grok-bot-0.18-reconstructed@a9f633e09d49a85829b8236331b9e21f7e612634:source/packages/agent-kv/typed-blob-store.ts,source/packages/agent-kv/typed-blob-store.rs,Rust,direct-equivalent,mapped,,,
source/packages/agent-store-sync/backoff-scheduler.ts,iOS-local package/runtime implementation,b-nnett/grok-bot-0.18-reconstructed@a9f633e09d49a85829b8236331b9e21f7e612634:source/packages/agent-store-sync/backoff-scheduler.ts,source/packages/agent-store-sync/backoff-scheduler.rs,Rust,direct-equivalent,mapped,,,
source/packages/agent-store-sync/bcs-client.ts,iOS-local package/runtime implementation,b-nnett/grok-bot-0.18-reconstructed@a9f633e09d49a85829b8236331b9e21f7e612634:source/packages/agent-store-sync/bcs-client.ts,source/packages/agent-store-sync/bcs-client.rs,Rust,direct-equivalent,mapped,,,
source/packages/agent-store-sync/bcs-list-adapter.ts,iOS-local package/runtime implementation,b-nnett/grok-bot-0.18-reconstructed@a9f633e09d49a85829b8236331b9e21f7e612634:source/packages/agent-store-sync/bcs-list-adapter.ts,source/packages/agent-store-sync/bcs-list-adapter.rs,Rust,direct-equivalent,mapped,,,
source/packages/agent-store-sync/bcs-transport.ts,iOS-local package/runtime implementation,b-nnett/grok-bot-0.18-reconstructed@a9f633e09d49a85829b8236331b9e21f7e612634:source/packages/agent-store-sync/bcs-transport.ts,source/packages/agent-store-sync/bcs-transport.rs,Rust,direct-equivalent,mapped,,,
source/packages/agent-store-sync/conflict-events.ts,iOS-local package/runtime implementation,b-nnett/grok-bot-0.18-reconstructed@a9f633e09d49a85829b8236331b9e21f7e612634:source/packages/agent-store-sync/conflict-events.ts,source/packages/agent-store-sync/conflict-events.rs,Rust,direct-equivalent,mapped,,,
source/packages/agent-store-sync/conflict-notice-claim-state.ts,iOS-local package/runtime implementation,b-nnett/grok-bot-0.18-reconstructed@a9f633e09d49a85829b8236331b9e21f7e612634:source/packages/agent-store-sync/conflict-notice-claim-state.ts,source/packages/agent-store-sync/conflict-notice-claim-state.rs,Rust,direct-equivalent,implemented,cargo test -p mahayana-app-host-mobile --lib (package_agent_store_sync_conflict_notice_claim_state::tests),,Pure conflict-notice retention bounds are platform-neutral constants; iOS-owned Rust preserves the pinned maximum and one-eighth eviction batch without introducing storage or background-process behavior.
source/packages/agent-store-sync/connect-errors.ts,iOS-local package/runtime implementation,b-nnett/grok-bot-0.18-reconstructed@a9f633e09d49a85829b8236331b9e21f7e612634:source/packages/agent-store-sync/connect-errors.ts,source/packages/agent-store-sync/connect-errors.rs,Rust,direct-equivalent,mapped,,,
source/packages/agent-store-sync/etag.ts,iOS-local package/runtime implementation,b-nnett/grok-bot-0.18-reconstructed@a9f633e09d49a85829b8236331b9e21f7e612634:source/packages/agent-store-sync/etag.ts,source/packages/agent-store-sync/etag.rs,Rust,direct-equivalent,implemented,cargo test -p mahayana-app-host-mobile --lib (package_agent_store_sync_etag::tests),,"Pure S3 ETag normalization is platform-neutral package policy; iOS-owned Rust preserves trimming, paired outer-quote stripping and lowercase normalization with no filesystem, shell or daemon behavior."
source/packages/agent-store-sync/exclusive-mutation-lock.ts,iOS-local package/runtime implementation,b-nnett/grok-bot-0.18-reconstructed@a9f633e09d49a85829b8236331b9e21f7e612634:source/packages/agent-store-sync/exclusive-mutation-lock.ts,source/packages/agent-store-sync/exclusive-mutation-lock.rs,Rust,direct-equivalent,mapped,,,
source/packages/agent-store-sync/local-index.ts,iOS-local package/runtime implementation,b-nnett/grok-bot-0.18-reconstructed@a9f633e09d49a85829b8236331b9e21f7e612634:source/packages/agent-store-sync/local-index.ts,source/packages/agent-store-sync/local-index.rs,Rust,direct-equivalent,mapped,,,
source/packages/agent-store-sync/metrics-emitter.ts,iOS-local package/runtime implementation,b-nnett/grok-bot-0.18-reconstructed@a9f633e09d49a85829b8236331b9e21f7e612634:source/packages/agent-store-sync/metrics-emitter.ts,source/packages/agent-store-sync/metrics-emitter.rs,Rust,direct-equivalent,mapped,,,
source/packages/agent-store-sync/object-probe.ts,iOS-local package/runtime implementation,b-nnett/grok-bot-0.18-reconstructed@a9f633e09d49a85829b8236331b9e21f7e612634:source/packages/agent-store-sync/object-probe.ts,source/packages/agent-store-sync/object-probe.rs,Rust,direct-equivalent,mapped,,,
source/packages/agent-store-sync/path-sync-request.ts,iOS-local package/runtime implementation,b-nnett/grok-bot-0.18-reconstructed@a9f633e09d49a85829b8236331b9e21f7e612634:source/packages/agent-store-sync/path-sync-request.ts,source/packages/agent-store-sync/path-sync-request.rs,Rust,direct-equivalent,mapped,,,
source/packages/agent-store-sync/paths.ts,iOS-local package/runtime implementation,b-nnett/grok-bot-0.18-reconstructed@a9f633e09d49a85829b8236331b9e21f7e612634:source/packages/agent-store-sync/paths.ts,source/packages/agent-store-sync/paths.rs,Rust,direct-equivalent,mapped,,,
source/packages/agent-store-sync/presigned-url.ts,iOS-local package/runtime implementation,b-nnett/grok-bot-0.18-reconstructed@a9f633e09d49a85829b8236331b9e21f7e612634:source/packages/agent-store-sync/presigned-url.ts,source/packages/agent-store-sync/presigned-url.rs,Rust,direct-equivalent,mapped,,,
source/packages/agent-store-sync/resilience-events.ts,iOS-local package/runtime implementation,b-nnett/grok-bot-0.18-reconstructed@a9f633e09d49a85829b8236331b9e21f7e612634:source/packages/agent-store-sync/resilience-events.ts,source/packages/agent-store-sync/resilience-events.rs,Rust,direct-equivalent,mapped,,,
source/packages/agent-store-sync/safe-paths.ts,iOS-local package/runtime implementation,b-nnett/grok-bot-0.18-reconstructed@a9f633e09d49a85829b8236331b9e21f7e612634:source/packages/agent-store-sync/safe-paths.ts,source/packages/agent-store-sync/safe-paths.rs,Rust,direct-equivalent,mapped,,,
source/packages/agent-store-sync/secure-open.ts,iOS-local package/runtime implementation,b-nnett/grok-bot-0.18-reconstructed@a9f633e09d49a85829b8236331b9e21f7e612634:source/packages/agent-store-sync/secure-open.ts,source/packages/agent-store-sync/secure-open.rs,Rust,direct-equivalent,mapped,,,
source/packages/agent-store-sync/store-lock.ts,iOS-local package/runtime implementation,b-nnett/grok-bot-0.18-reconstructed@a9f633e09d49a85829b8236331b9e21f7e612634:source/packages/agent-store-sync/store-lock.ts,source/packages/agent-store-sync/store-lock.rs,Rust,direct-equivalent,mapped,,,
source/packages/agent-store-sync/summary-listener.ts,iOS-local package/runtime implementation,b-nnett/grok-bot-0.18-reconstructed@a9f633e09d49a85829b8236331b9e21f7e612634:source/packages/agent-store-sync/summary-listener.ts,source/packages/agent-store-sync/summary-listener.rs,Rust,direct-equivalent,mapped,,,
source/packages/agent-store-sync/sync-client-config.ts,iOS-local package/runtime implementation,b-nnett/grok-bot-0.18-reconstructed@a9f633e09d49a85829b8236331b9e21f7e612634:source/packages/agent-store-sync/sync-client-config.ts,source/packages/agent-store-sync/sync-client-config.rs,Rust,direct-equivalent,implemented,cargo test -p mahayana-app-host-mobile --lib package_agent_store_sync_client_config::tests,,"Pinned agent-store sync timing, retry, size and concurrency defaults are independently represented in iOS-owned Rust, compiled by the shipping mobile Host graph, and covered by focused exact-default tests; no unsupported iOS daemon semantics are introduced."
source/packages/agent-store-sync/sync-round-scheduler.ts,iOS-local package/runtime implementation,b-nnett/grok-bot-0.18-reconstructed@a9f633e09d49a85829b8236331b9e21f7e612634:source/packages/agent-store-sync/sync-round-scheduler.ts,source/packages/agent-store-sync/sync-round-scheduler.rs,Rust,direct-equivalent,mapped,,,
source/packages/agent-store-sync/token-caching-client.ts,iOS-local package/runtime implementation,b-nnett/grok-bot-0.18-reconstructed@a9f633e09d49a85829b8236331b9e21f7e612634:source/packages/agent-store-sync/token-caching-client.ts,source/packages/agent-store-sync/token-caching-client.rs,Rust,direct-equivalent,mapped,,,
source/packages/agent-store-sync/validation.ts,iOS-local package/runtime implementation,b-nnett/grok-bot-0.18-reconstructed@a9f633e09d49a85829b8236331b9e21f7e612634:source/packages/agent-store-sync/validation.ts,source/packages/agent-store-sync/validation.rs,Rust,direct-equivalent,implemented,cargo test -p mahayana-app-host-mobile --lib (package_agent_store_sync_validation::tests),,Finite-positive numeric validation is platform-neutral package policy; iOS-owned Rust preserves the acceptance/rejection contract and diagnostic context without JavaScript runtime or desktop dependencies.
source/packages/agent-summarization/background-summarization.ts,iOS-local package/runtime implementation,b-nnett/grok-bot-0.18-reconstructed@a9f633e09d49a85829b8236331b9e21f7e612634:source/packages/agent-summarization/background-summarization.ts,source/packages/agent-summarization/background-summarization.rs,Rust,direct-equivalent,mapped,,,
source/packages/agent-summarization/deterministic-summary-builder.ts,iOS-local package/runtime implementation,b-nnett/grok-bot-0.18-reconstructed@a9f633e09d49a85829b8236331b9e21f7e612634:source/packages/agent-summarization/deterministic-summary-builder.ts,source/packages/agent-summarization/deterministic-summary-builder.rs,Rust,direct-equivalent,mapped,,,
source/packages/agent-summarization/durable-blocks.ts,iOS-local package/runtime implementation,b-nnett/grok-bot-0.18-reconstructed@a9f633e09d49a85829b8236331b9e21f7e612634:source/packages/agent-summarization/durable-blocks.ts,source/packages/agent-summarization/durable-blocks.rs,Rust,direct-equivalent,mapped,,,
source/packages/agent-summarization/error-handling.ts,iOS-local package/runtime implementation,b-nnett/grok-bot-0.18-reconstructed@a9f633e09d49a85829b8236331b9e21f7e612634:source/packages/agent-summarization/error-handling.ts,source/packages/agent-summarization/error-handling.rs,Rust,direct-equivalent,mapped,,,
source/packages/agent-summarization/latest-image.ts,iOS-local package/runtime implementation,b-nnett/grok-bot-0.18-reconstructed@a9f633e09d49a85829b8236331b9e21f7e612634:source/packages/agent-summarization/latest-image.ts,source/packages/agent-summarization/latest-image.rs,Rust,direct-equivalent,mapped,,,
source/packages/agent-summarization/pipeline.ts,iOS-local package/runtime implementation,b-nnett/grok-bot-0.18-reconstructed@a9f633e09d49a85829b8236331b9e21f7e612634:source/packages/agent-summarization/pipeline.ts,source/packages/agent-summarization/pipeline.rs,Rust,direct-equivalent,mapped,,,
source/packages/agent-summarization/prepare-messages.ts,iOS-local package/runtime implementation,b-nnett/grok-bot-0.18-reconstructed@a9f633e09d49a85829b8236331b9e21f7e612634:source/packages/agent-summarization/prepare-messages.ts,source/packages/agent-summarization/prepare-messages.rs,Rust,direct-equivalent,mapped,,,
source/packages/agent-summarization/prompt-truncation.ts,iOS-local package/runtime implementation,b-nnett/grok-bot-0.18-reconstructed@a9f633e09d49a85829b8236331b9e21f7e612634:source/packages/agent-summarization/prompt-truncation.ts,source/packages/agent-summarization/prompt-truncation.rs,Rust,direct-equivalent,mapped,,,
source/packages/agent-summarization/skill-persistence.ts,iOS-local package/runtime implementation,b-nnett/grok-bot-0.18-reconstructed@a9f633e09d49a85829b8236331b9e21f7e612634:source/packages/agent-summarization/skill-persistence.ts,source/packages/agent-summarization/skill-persistence.rs,Rust,direct-equivalent,mapped,,,
source/packages/agent-summarization/summarization-handler.ts,iOS-local package/runtime implementation,b-nnett/grok-bot-0.18-reconstructed@a9f633e09d49a85829b8236331b9e21f7e612634:source/packages/agent-summarization/summarization-handler.ts,source/packages/agent-summarization/summarization-handler.rs,Rust,direct-equivalent,mapped,,,
source/packages/agent-summarization/token-estimate.ts,iOS-local package/runtime implementation,b-nnett/grok-bot-0.18-reconstructed@a9f633e09d49a85829b8236331b9e21f7e612634:source/packages/agent-summarization/token-estimate.ts,source/packages/agent-summarization/token-estimate.rs,Rust,direct-equivalent,mapped,,,
source/packages/agent-summarization/transcript-location.ts,iOS-local package/runtime implementation,b-nnett/grok-bot-0.18-reconstructed@a9f633e09d49a85829b8236331b9e21f7e612634:source/packages/agent-summarization/transcript-location.ts,source/packages/agent-summarization/transcript-location.rs,Rust,direct-equivalent,mapped,,,
source/packages/agent-transcript/context-stripping.ts,iOS-local package/runtime implementation,b-nnett/grok-bot-0.18-reconstructed@a9f633e09d49a85829b8236331b9e21f7e612634:source/packages/agent-transcript/context-stripping.ts,source/packages/agent-transcript/context-stripping.rs,Rust,direct-equivalent,implemented,cargo test -p mahayana-app-host-mobile --lib (package_agent_transcript_context_stripping::tests; transcript_occurrence_deriver::tests; legacy_transcript_mirror::tests),,iOS-owned Rust package preserves the pinned tag inventory and case-insensitive attributed-tag stripping; Host transcript derivation and legacy mirror now consume this package boundary instead of a duplicate Host-only copy.
source/packages/agent-transcript/index.ts,iOS-local package/runtime implementation,b-nnett/grok-bot-0.18-reconstructed@a9f633e09d49a85829b8236331b9e21f7e612634:source/packages/agent-transcript/index.ts,source/packages/agent-transcript/index.rs,Rust,direct-equivalent,mapped,,,
source/packages/agent-transcript/paths.ts,iOS-local package/runtime implementation,b-nnett/grok-bot-0.18-reconstructed@a9f633e09d49a85829b8236331b9e21f7e612634:source/packages/agent-transcript/paths.ts,source/packages/agent-transcript/paths.rs,Rust,direct-equivalent,implemented,cargo test -p mahayana-app-host-mobile --lib (package_agent_transcript_paths::tests; legacy_transcript_mirror::tests),,iOS-owned Rust package preserves pinned root/subagent transcript relative-path construction using the shared safe conversation-id encoder; legacy Host path generation now reuses that package encoder rather than rejecting encodable IDs.
source/packages/agent-transcript/trace-format.ts,iOS-local package/runtime implementation,b-nnett/grok-bot-0.18-reconstructed@a9f633e09d49a85829b8236331b9e21f7e612634:source/packages/agent-transcript/trace-format.ts,source/packages/agent-transcript/trace-format.rs,Rust,direct-equivalent,mapped,,,
source/packages/agent/abort-drain.ts,iOS-local package/runtime implementation,b-nnett/grok-bot-0.18-reconstructed@a9f633e09d49a85829b8236331b9e21f7e612634:source/packages/agent/abort-drain.ts,source/packages/agent/abort-drain.rs,Rust,direct-equivalent,mapped,,,
source/packages/agent/actions/ask-question-completion.ts,iOS-local package/runtime implementation,b-nnett/grok-bot-0.18-reconstructed@a9f633e09d49a85829b8236331b9e21f7e612634:source/packages/agent/actions/ask-question-completion.ts,source/packages/agent/actions/ask-question-completion.rs,Rust,direct-equivalent,mapped,,,
source/packages/agent/actions/async-ask-question-completion-action-handler.ts,iOS-local package/runtime implementation,b-nnett/grok-bot-0.18-reconstructed@a9f633e09d49a85829b8236331b9e21f7e612634:source/packages/agent/actions/async-ask-question-completion-action-handler.ts,source/packages/agent/actions/async-ask-question-completion-action-handler.rs,Rust,direct-equivalent,mapped,,,
source/packages/agent/actions/background-shell-action-handler.ts,iOS-local package/runtime implementation,b-nnett/grok-bot-0.18-reconstructed@a9f633e09d49a85829b8236331b9e21f7e612634:source/packages/agent/actions/background-shell-action-handler.ts,source/packages/agent/actions/background-shell-action-handler.rs,Rust,direct-equivalent,implemented,cargo test -p mahayana-app-host-mobile --lib package_agent_actions_background_shell_action_handler::tests,,The Grok no-op side-channel/background-shell action contract is implemented in iOS-owned Rust as structure recomputation only; it does not spawn a shell or process. It is compiled by the shipping mobile Host graph with focused async tests.
source/packages/agent/actions/background-subagent-action-handler.ts,iOS-local package/runtime implementation,b-nnett/grok-bot-0.18-reconstructed@a9f633e09d49a85829b8236331b9e21f7e612634:source/packages/agent/actions/background-subagent-action-handler.ts,source/packages/agent/actions/background-subagent-action-handler.rs,Rust,direct-equivalent,implemented,cargo test -p mahayana-app-host-mobile --lib package_agent_actions_background_subagent_action_handler::tests,,"Background-subagent action handling inherits the same no-op side-channel recomputation contract in iOS-owned Rust, compiled by the shipping mobile Host graph and covered by focused async tests."
source/packages/agent/actions/background-task-completion-action-handler.ts,iOS-local package/runtime implementation,b-nnett/grok-bot-0.18-reconstructed@a9f633e09d49a85829b8236331b9e21f7e612634:source/packages/agent/actions/background-task-completion-action-handler.ts,source/packages/agent/actions/background-task-completion-action-handler.rs,Rust,direct-equivalent,mapped,,,
source/packages/agent/actions/background-task-completion.ts,iOS-local package/runtime implementation,b-nnett/grok-bot-0.18-reconstructed@a9f633e09d49a85829b8236331b9e21f7e612634:source/packages/agent/actions/background-task-completion.ts,source/packages/agent/actions/background-task-completion.rs,Rust,direct-equivalent,mapped,,,
source/packages/agent/actions/cancel-action-handler.ts,iOS-local package/runtime implementation,b-nnett/grok-bot-0.18-reconstructed@a9f633e09d49a85829b8236331b9e21f7e612634:source/packages/agent/actions/cancel-action-handler.ts,source/packages/agent/actions/cancel-action-handler.rs,Rust,direct-equivalent,implemented,cargo test -p mahayana-app-host-mobile --lib package_agent_actions_cancel_action_handler::tests,,The direct cancel-action fail-closed invariant is implemented in iOS-owned Rust: direct runStream routing always errors with the pinned message. Dependencies are retained by the handler and focused async tests cover rejection.
source/packages/agent/actions/common.ts,iOS-local package/runtime implementation,b-nnett/grok-bot-0.18-reconstructed@a9f633e09d49a85829b8236331b9e21f7e612634:source/packages/agent/actions/common.ts,source/packages/agent/actions/common.rs,Rust,direct-equivalent,mapped,,,
source/packages/agent/actions/execute-plan-action-handler.ts,iOS-local package/runtime implementation,b-nnett/grok-bot-0.18-reconstructed@a9f633e09d49a85829b8236331b9e21f7e612634:source/packages/agent/actions/execute-plan-action-handler.ts,source/packages/agent/actions/execute-plan-action-handler.rs,Rust,direct-equivalent,mapped,,,
source/packages/agent/actions/execute-plan-plan-file.ts,iOS-local package/runtime implementation,b-nnett/grok-bot-0.18-reconstructed@a9f633e09d49a85829b8236331b9e21f7e612634:source/packages/agent/actions/execute-plan-plan-file.ts,source/packages/agent/actions/execute-plan-plan-file.rs,Rust,direct-equivalent,mapped,,,
source/packages/agent/actions/goal-continuation-action-handler.ts,iOS-local package/runtime implementation,b-nnett/grok-bot-0.18-reconstructed@a9f633e09d49a85829b8236331b9e21f7e612634:source/packages/agent/actions/goal-continuation-action-handler.ts,source/packages/agent/actions/goal-continuation-action-handler.rs,Rust,direct-equivalent,mapped,,,
source/packages/agent/actions/meta-agent-notes.ts,iOS-local package/runtime implementation,b-nnett/grok-bot-0.18-reconstructed@a9f633e09d49a85829b8236331b9e21f7e612634:source/packages/agent/actions/meta-agent-notes.ts,source/packages/agent/actions/meta-agent-notes.rs,Rust,direct-equivalent,mapped,,,
source/packages/agent/actions/shell-command-action-handler.ts,iOS-local package/runtime implementation,b-nnett/grok-bot-0.18-reconstructed@a9f633e09d49a85829b8236331b9e21f7e612634:source/packages/agent/actions/shell-command-action-handler.ts,source/packages/agent/actions/shell-command-action-handler.rs,Rust,direct-equivalent,mapped,,,
source/packages/agent/actions/subscription-notification-action-handler.ts,iOS-local package/runtime implementation,b-nnett/grok-bot-0.18-reconstructed@a9f633e09d49a85829b8236331b9e21f7e612634:source/packages/agent/actions/subscription-notification-action-handler.ts,source/packages/agent/actions/subscription-notification-action-handler.rs,Rust,direct-equivalent,mapped,,,
source/packages/agent/actions/summarize-action-handler.ts,iOS-local package/runtime implementation,b-nnett/grok-bot-0.18-reconstructed@a9f633e09d49a85829b8236331b9e21f7e612634:source/packages/agent/actions/summarize-action-handler.ts,source/packages/agent/actions/summarize-action-handler.rs,Rust,direct-equivalent,mapped,,,
source/packages/agent/actions/user-message-action/abstract-user-message-action-handler.ts,iOS-local package/runtime implementation,b-nnett/grok-bot-0.18-reconstructed@a9f633e09d49a85829b8236331b9e21f7e612634:source/packages/agent/actions/user-message-action/abstract-user-message-action-handler.ts,source/packages/agent/actions/user-message-action/abstract-user-message-action-handler.rs,Rust,direct-equivalent,mapped,,,
source/packages/agent/actions/user-message-action/conversation-history.ts,iOS-local package/runtime implementation,b-nnett/grok-bot-0.18-reconstructed@a9f633e09d49a85829b8236331b9e21f7e612634:source/packages/agent/actions/user-message-action/conversation-history.ts,source/packages/agent/actions/user-message-action/conversation-history.rs,Rust,direct-equivalent,mapped,,,
source/packages/agent/actions/user-message-action/interrupted-tool-reconstruction.ts,iOS-local package/runtime implementation,b-nnett/grok-bot-0.18-reconstructed@a9f633e09d49a85829b8236331b9e21f7e612634:source/packages/agent/actions/user-message-action/interrupted-tool-reconstruction.ts,source/packages/agent/actions/user-message-action/interrupted-tool-reconstruction.rs,Rust,direct-equivalent,mapped,,,
source/packages/agent/actions/user-message-action/reactivate-paused-goal.ts,iOS-local package/runtime implementation,b-nnett/grok-bot-0.18-reconstructed@a9f633e09d49a85829b8236331b9e21f7e612634:source/packages/agent/actions/user-message-action/reactivate-paused-goal.ts,source/packages/agent/actions/user-message-action/reactivate-paused-goal.rs,Rust,direct-equivalent,mapped,,,
source/packages/agent/actions/user-message-action/resume-action-handler.ts,iOS-local package/runtime implementation,b-nnett/grok-bot-0.18-reconstructed@a9f633e09d49a85829b8236331b9e21f7e612634:source/packages/agent/actions/user-message-action/resume-action-handler.ts,source/packages/agent/actions/user-message-action/resume-action-handler.rs,Rust,direct-equivalent,mapped,,,
source/packages/agent/actions/user-message-action/synthetic-user-message.ts,iOS-local package/runtime implementation,b-nnett/grok-bot-0.18-reconstructed@a9f633e09d49a85829b8236331b9e21f7e612634:source/packages/agent/actions/user-message-action/synthetic-user-message.ts,source/packages/agent/actions/user-message-action/synthetic-user-message.rs,Rust,direct-equivalent,mapped,,,
source/packages/agent/actions/user-message-action/user-message-action-handler.ts,iOS-local package/runtime implementation,b-nnett/grok-bot-0.18-reconstructed@a9f633e09d49a85829b8236331b9e21f7e612634:source/packages/agent/actions/user-message-action/user-message-action-handler.ts,source/packages/agent/actions/user-message-action/user-message-action-handler.rs,Rust,direct-equivalent,mapped,,,
source/packages/agent/actions/user-message-action/user-message-run-warning.ts,iOS-local package/runtime implementation,b-nnett/grok-bot-0.18-reconstructed@a9f633e09d49a85829b8236331b9e21f7e612634:source/packages/agent/actions/user-message-action/user-message-run-warning.ts,source/packages/agent/actions/user-message-action/user-message-run-warning.rs,Rust,direct-equivalent,mapped,,,
source/packages/agent/agent-config-runtime.ts,iOS-local package/runtime implementation,b-nnett/grok-bot-0.18-reconstructed@a9f633e09d49a85829b8236331b9e21f7e612634:source/packages/agent/agent-config-runtime.ts,source/packages/agent/agent-config-runtime.rs,Rust,direct-equivalent,mapped,,,
source/packages/agent/agent-config-tooling-contract.ts,iOS-local package/runtime implementation,b-nnett/grok-bot-0.18-reconstructed@a9f633e09d49a85829b8236331b9e21f7e612634:source/packages/agent/agent-config-tooling-contract.ts,source/packages/agent/agent-config-tooling-contract.rs,Rust,direct-equivalent,mapped,,,
source/packages/agent/attached-media.ts,iOS-local package/runtime implementation,b-nnett/grok-bot-0.18-reconstructed@a9f633e09d49a85829b8236331b9e21f7e612634:source/packages/agent/attached-media.ts,source/packages/agent/attached-media.rs,Rust,direct-equivalent,mapped,,,
source/packages/agent/automations/platform-communication-tools.ts,iOS-local package/runtime implementation,b-nnett/grok-bot-0.18-reconstructed@a9f633e09d49a85829b8236331b9e21f7e612634:source/packages/agent/automations/platform-communication-tools.ts,source/packages/agent/automations/platform-communication-tools.rs,Rust,direct-equivalent,mapped,,,
source/packages/agent/common.ts,iOS-local package/runtime implementation,b-nnett/grok-bot-0.18-reconstructed@a9f633e09d49a85829b8236331b9e21f7e612634:source/packages/agent/common.ts,source/packages/agent/common.rs,Rust,direct-equivalent,implemented,source/packages/agent/common.rs;.github/workflows/ios-grok-architecture.yml,,Rust preserves order-sensitive list equality, the recovered browser MCP provider allowlist, browser-tool filtering, and browser provider-prefix extraction; the shipping mobile Host crate compiles and tests the module.
source/packages/agent/configs/project-workspace-mcp-tools.ts,iOS-local package/runtime implementation,b-nnett/grok-bot-0.18-reconstructed@a9f633e09d49a85829b8236331b9e21f7e612634:source/packages/agent/configs/project-workspace-mcp-tools.ts,source/packages/agent/configs/project-workspace-mcp-tools.rs,Rust,direct-equivalent,mapped,,,
source/packages/agent/constants.ts,iOS-local package/runtime implementation,b-nnett/grok-bot-0.18-reconstructed@a9f633e09d49a85829b8236331b9e21f7e612634:source/packages/agent/constants.ts,source/packages/agent/constants.rs,Rust,direct-equivalent,implemented,cargo test -p mahayana-app-host-mobile --lib package_agent_constants::tests,,"Pinned agent package constants are independently represented in iOS-owned Rust, compiled by the shipping mobile Host crate, and covered by exact-value contract tests; this adds no desktop-only process behavior."
source/packages/agent/context-processing-agent-notes.ts,iOS-local package/runtime implementation,b-nnett/grok-bot-0.18-reconstructed@a9f633e09d49a85829b8236331b9e21f7e612634:source/packages/agent/context-processing-agent-notes.ts,source/packages/agent/context-processing-agent-notes.rs,Rust,direct-equivalent,mapped,,,
source/packages/agent/context-processing-attachment-format.ts,iOS-local package/runtime implementation,b-nnett/grok-bot-0.18-reconstructed@a9f633e09d49a85829b8236331b9e21f7e612634:source/packages/agent/context-processing-attachment-format.ts,source/packages/agent/context-processing-attachment-format.rs,Rust,direct-equivalent,mapped,,,
source/packages/agent/context-processing-code-selection-renderer.ts,iOS-local package/runtime implementation,b-nnett/grok-bot-0.18-reconstructed@a9f633e09d49a85829b8236331b9e21f7e612634:source/packages/agent/context-processing-code-selection-renderer.ts,source/packages/agent/context-processing-code-selection-renderer.rs,Rust,direct-equivalent,mapped,,,
source/packages/agent/context-processing-code-selection.ts,iOS-local package/runtime implementation,b-nnett/grok-bot-0.18-reconstructed@a9f633e09d49a85829b8236331b9e21f7e612634:source/packages/agent/context-processing-code-selection.ts,source/packages/agent/context-processing-code-selection.rs,Rust,direct-equivalent,mapped,,,
source/packages/agent/context-processing-console-logs.ts,iOS-local package/runtime implementation,b-nnett/grok-bot-0.18-reconstructed@a9f633e09d49a85829b8236331b9e21f7e612634:source/packages/agent/context-processing-console-logs.ts,source/packages/agent/context-processing-console-logs.rs,Rust,direct-equivalent,mapped,,,
source/packages/agent/context-processing-cursor-commands.ts,iOS-local package/runtime implementation,b-nnett/grok-bot-0.18-reconstructed@a9f633e09d49a85829b8236331b9e21f7e612634:source/packages/agent/context-processing-cursor-commands.ts,source/packages/agent/context-processing-cursor-commands.rs,Rust,direct-equivalent,implemented,cargo test -p mahayana-app-host-mobile --lib package_agent_context_processing_cursor_commands::tests,,"Selected cursor-command prompt rendering preserves empty suppression, pinned delimiters and wrapper newlines in iOS-owned Rust with focused exact-output tests."
source/packages/agent/context-processing-document.ts,iOS-local package/runtime implementation,b-nnett/grok-bot-0.18-reconstructed@a9f633e09d49a85829b8236331b9e21f7e612634:source/packages/agent/context-processing-document.ts,source/packages/agent/context-processing-document.rs,Rust,direct-equivalent,mapped,,,
source/packages/agent/context-processing-documentation-hydration.ts,iOS-local package/runtime implementation,b-nnett/grok-bot-0.18-reconstructed@a9f633e09d49a85829b8236331b9e21f7e612634:source/packages/agent/context-processing-documentation-hydration.ts,source/packages/agent/context-processing-documentation-hydration.rs,Rust,direct-equivalent,mapped,,,
source/packages/agent/context-processing-documentation.ts,iOS-local package/runtime implementation,b-nnett/grok-bot-0.18-reconstructed@a9f633e09d49a85829b8236331b9e21f7e612634:source/packages/agent/context-processing-documentation.ts,source/packages/agent/context-processing-documentation.rs,Rust,direct-equivalent,implemented,source/packages/agent/context-processing-documentation.rs;.github/workflows/ios-grok-architecture.yml,,Rust preserves omission for absent/empty documentation and the recovered documentation-context envelope and chunk ordering; the shipping mobile Host crate compiles and tests the leaf.
source/packages/agent/context-processing-error-type.ts,iOS-local package/runtime implementation,b-nnett/grok-bot-0.18-reconstructed@a9f633e09d49a85829b8236331b9e21f7e612634:source/packages/agent/context-processing-error-type.ts,source/packages/agent/context-processing-error-type.rs,Rust,direct-equivalent,mapped,,,
source/packages/agent/context-processing-external-links.ts,iOS-local package/runtime implementation,b-nnett/grok-bot-0.18-reconstructed@a9f633e09d49a85829b8236331b9e21f7e612634:source/packages/agent/context-processing-external-links.ts,source/packages/agent/context-processing-external-links.rs,Rust,direct-equivalent,mapped,,,
source/packages/agent/context-processing-extra-context.ts,iOS-local package/runtime implementation,b-nnett/grok-bot-0.18-reconstructed@a9f633e09d49a85829b8236331b9e21f7e612634:source/packages/agent/context-processing-extra-context.ts,source/packages/agent/context-processing-extra-context.rs,Rust,direct-equivalent,mapped,,,
source/packages/agent/context-processing-folders.ts,iOS-local package/runtime implementation,b-nnett/grok-bot-0.18-reconstructed@a9f633e09d49a85829b8236331b9e21f7e612634:source/packages/agent/context-processing-folders.ts,source/packages/agent/context-processing-folders.rs,Rust,direct-equivalent,mapped,,,
source/packages/agent/context-processing-hydration.ts,iOS-local package/runtime implementation,b-nnett/grok-bot-0.18-reconstructed@a9f633e09d49a85829b8236331b9e21f7e612634:source/packages/agent/context-processing-hydration.ts,source/packages/agent/context-processing-hydration.rs,Rust,direct-equivalent,mapped,,,
source/packages/agent/context-processing-image-data.ts,iOS-local package/runtime implementation,b-nnett/grok-bot-0.18-reconstructed@a9f633e09d49a85829b8236331b9e21f7e612634:source/packages/agent/context-processing-image-data.ts,source/packages/agent/context-processing-image-data.rs,Rust,direct-equivalent,mapped,,,
source/packages/agent/context-processing-image-file.ts,iOS-local package/runtime implementation,b-nnett/grok-bot-0.18-reconstructed@a9f633e09d49a85829b8236331b9e21f7e612634:source/packages/agent/context-processing-image-file.ts,source/packages/agent/context-processing-image-file.rs,Rust,direct-equivalent,mapped,,,
source/packages/agent/context-processing-invocation-hydration.ts,iOS-local package/runtime implementation,b-nnett/grok-bot-0.18-reconstructed@a9f633e09d49a85829b8236331b9e21f7e612634:source/packages/agent/context-processing-invocation-hydration.ts,source/packages/agent/context-processing-invocation-hydration.rs,Rust,direct-equivalent,mapped,,,
source/packages/agent/context-processing-invocation-platforms.ts,iOS-local package/runtime implementation,b-nnett/grok-bot-0.18-reconstructed@a9f633e09d49a85829b8236331b9e21f7e612634:source/packages/agent/context-processing-invocation-platforms.ts,source/packages/agent/context-processing-invocation-platforms.rs,Rust,direct-equivalent,mapped,,,
source/packages/agent/context-processing-invocation.ts,iOS-local package/runtime implementation,b-nnett/grok-bot-0.18-reconstructed@a9f633e09d49a85829b8236331b9e21f7e612634:source/packages/agent/context-processing-invocation.ts,source/packages/agent/context-processing-invocation.rs,Rust,direct-equivalent,implemented,cargo test -p mahayana-app-host-mobile --lib package_agent_context_processing_invocation::tests,,GitHub PR invocation context rendering preserves the pinned optional description/comments/CI sections and exact wrapper structure in iOS-owned Rust with focused tests.
source/packages/agent/context-processing-manual-skills.ts,iOS-local package/runtime implementation,b-nnett/grok-bot-0.18-reconstructed@a9f633e09d49a85829b8236331b9e21f7e612634:source/packages/agent/context-processing-manual-skills.ts,source/packages/agent/context-processing-manual-skills.rs,Rust,direct-equivalent,mapped,,,
source/packages/agent/context-processing-non-media-assembly.ts,iOS-local package/runtime implementation,b-nnett/grok-bot-0.18-reconstructed@a9f633e09d49a85829b8236331b9e21f7e612634:source/packages/agent/context-processing-non-media-assembly.ts,source/packages/agent/context-processing-non-media-assembly.rs,Rust,direct-equivalent,mapped,,,
source/packages/agent/context-processing-path-trust.ts,iOS-local package/runtime implementation,b-nnett/grok-bot-0.18-reconstructed@a9f633e09d49a85829b8236331b9e21f7e612634:source/packages/agent/context-processing-path-trust.ts,source/packages/agent/context-processing-path-trust.rs,Rust,direct-equivalent,mapped,,,
source/packages/agent/context-processing-pr-hydration.ts,iOS-local package/runtime implementation,b-nnett/grok-bot-0.18-reconstructed@a9f633e09d49a85829b8236331b9e21f7e612634:source/packages/agent/context-processing-pr-hydration.ts,source/packages/agent/context-processing-pr-hydration.rs,Rust,direct-equivalent,mapped,,,
source/packages/agent/context-processing-pr-review.ts,iOS-local package/runtime implementation,b-nnett/grok-bot-0.18-reconstructed@a9f633e09d49a85829b8236331b9e21f7e612634:source/packages/agent/context-processing-pr-review.ts,source/packages/agent/context-processing-pr-review.rs,Rust,direct-equivalent,mapped,,,
source/packages/agent/context-processing-recent-agents.ts,iOS-local package/runtime implementation,b-nnett/grok-bot-0.18-reconstructed@a9f633e09d49a85829b8236331b9e21f7e612634:source/packages/agent/context-processing-recent-agents.ts,source/packages/agent/context-processing-recent-agents.rs,Rust,direct-equivalent,mapped,,,
source/packages/agent/context-processing-selected-browsers.ts,iOS-local package/runtime implementation,b-nnett/grok-bot-0.18-reconstructed@a9f633e09d49a85829b8236331b9e21f7e612634:source/packages/agent/context-processing-selected-browsers.ts,source/packages/agent/context-processing-selected-browsers.rs,Rust,direct-equivalent,mapped,,,
source/packages/agent/context-processing-selected-context.ts,iOS-local package/runtime implementation,b-nnett/grok-bot-0.18-reconstructed@a9f633e09d49a85829b8236331b9e21f7e612634:source/packages/agent/context-processing-selected-context.ts,source/packages/agent/context-processing-selected-context.rs,Rust,direct-equivalent,mapped,,,
source/packages/agent/context-processing-selected-subagents.ts,iOS-local package/runtime implementation,b-nnett/grok-bot-0.18-reconstructed@a9f633e09d49a85829b8236331b9e21f7e612634:source/packages/agent/context-processing-selected-subagents.ts,source/packages/agent/context-processing-selected-subagents.rs,Rust,direct-equivalent,mapped,,,
source/packages/agent/context-processing-simulated-message.ts,iOS-local package/runtime implementation,b-nnett/grok-bot-0.18-reconstructed@a9f633e09d49a85829b8236331b9e21f7e612634:source/packages/agent/context-processing-simulated-message.ts,source/packages/agent/context-processing-simulated-message.rs,Rust,direct-equivalent,mapped,,,
source/packages/agent/context-processing-skill-id.ts,iOS-local package/runtime implementation,b-nnett/grok-bot-0.18-reconstructed@a9f633e09d49a85829b8236331b9e21f7e612634:source/packages/agent/context-processing-skill-id.ts,source/packages/agent/context-processing-skill-id.rs,Rust,direct-equivalent,implemented,cargo test -p mahayana-app-host-mobile --lib package_agent_context_processing_skill_id::tests,,Skill IDs are derived from normalized POSIX/Windows paths with case-insensitive /SKILL.md stripping and pinned fallback behavior in iOS-owned Rust.
source/packages/agent/context-processing-terminal.ts,iOS-local package/runtime implementation,b-nnett/grok-bot-0.18-reconstructed@a9f633e09d49a85829b8236331b9e21f7e612634:source/packages/agent/context-processing-terminal.ts,source/packages/agent/context-processing-terminal.rs,Rust,direct-equivalent,mapped,,,
source/packages/agent/context-processing-ui-elements.ts,iOS-local package/runtime implementation,b-nnett/grok-bot-0.18-reconstructed@a9f633e09d49a85829b8236331b9e21f7e612634:source/packages/agent/context-processing-ui-elements.ts,source/packages/agent/context-processing-ui-elements.rs,Rust,direct-equivalent,mapped,,,
source/packages/agent/context-processing-uploaded-documents.ts,iOS-local package/runtime implementation,b-nnett/grok-bot-0.18-reconstructed@a9f633e09d49a85829b8236331b9e21f7e612634:source/packages/agent/context-processing-uploaded-documents.ts,source/packages/agent/context-processing-uploaded-documents.rs,Rust,direct-equivalent,implemented,cargo test -p mahayana-app-host-mobile --lib package_agent_context_processing_uploaded_documents::tests,,"Uploaded-document prompt rendering is independently represented in iOS-owned Rust, including empty-list suppression and exact document-list wrapper text, and is compiled by the shipping mobile Host."
source/packages/agent/context-processing-video-data.ts,iOS-local package/runtime implementation,b-nnett/grok-bot-0.18-reconstructed@a9f633e09d49a85829b8236331b9e21f7e612634:source/packages/agent/context-processing-video-data.ts,source/packages/agent/context-processing-video-data.rs,Rust,direct-equivalent,mapped,,,
source/packages/agent/context-processing-video-path.ts,iOS-local package/runtime implementation,b-nnett/grok-bot-0.18-reconstructed@a9f633e09d49a85829b8236331b9e21f7e612634:source/packages/agent/context-processing-video-path.ts,source/packages/agent/context-processing-video-path.rs,Rust,direct-equivalent,mapped,,,
source/packages/agent/context-processing-watch-video.ts,iOS-local package/runtime implementation,b-nnett/grok-bot-0.18-reconstructed@a9f633e09d49a85829b8236331b9e21f7e612634:source/packages/agent/context-processing-watch-video.ts,source/packages/agent/context-processing-watch-video.rs,Rust,direct-equivalent,mapped,,,
source/packages/agent/context-processing.ts,iOS-local package/runtime implementation,b-nnett/grok-bot-0.18-reconstructed@a9f633e09d49a85829b8236331b9e21f7e612634:source/packages/agent/context-processing.ts,source/packages/agent/context-processing.rs,Rust,direct-equivalent,mapped,,,
source/packages/agent/conversation-image-presence.ts,iOS-local package/runtime implementation,b-nnett/grok-bot-0.18-reconstructed@a9f633e09d49a85829b8236331b9e21f7e612634:source/packages/agent/conversation-image-presence.ts,source/packages/agent/conversation-image-presence.rs,Rust,direct-equivalent,mapped,,,
source/packages/agent/diff-processing.ts,iOS-local package/runtime implementation,b-nnett/grok-bot-0.18-reconstructed@a9f633e09d49a85829b8236331b9e21f7e612634:source/packages/agent/diff-processing.ts,source/packages/agent/diff-processing.rs,Rust,direct-equivalent,mapped,,,
source/packages/agent/diff-tab-git-action-prompt.ts,iOS-local package/runtime implementation,b-nnett/grok-bot-0.18-reconstructed@a9f633e09d49a85829b8236331b9e21f7e612634:source/packages/agent/diff-tab-git-action-prompt.ts,source/packages/agent/diff-tab-git-action-prompt.rs,Rust,direct-equivalent,mapped,,,
source/packages/agent/git-commit-processing.ts,iOS-local package/runtime implementation,b-nnett/grok-bot-0.18-reconstructed@a9f633e09d49a85829b8236331b9e21f7e612634:source/packages/agent/git-commit-processing.ts,source/packages/agent/git-commit-processing.rs,Rust,direct-equivalent,mapped,,,
source/packages/agent/git-diff-processing.ts,iOS-local package/runtime implementation,b-nnett/grok-bot-0.18-reconstructed@a9f633e09d49a85829b8236331b9e21f7e612634:source/packages/agent/git-diff-processing.ts,source/packages/agent/git-diff-processing.rs,Rust,direct-equivalent,mapped,,,
source/packages/agent/git-pr-processing.ts,iOS-local package/runtime implementation,b-nnett/grok-bot-0.18-reconstructed@a9f633e09d49a85829b8236331b9e21f7e612634:source/packages/agent/git-pr-processing.ts,source/packages/agent/git-pr-processing.rs,Rust,direct-equivalent,mapped,,,
source/packages/agent/goal-metrics.ts,iOS-local package/runtime implementation,b-nnett/grok-bot-0.18-reconstructed@a9f633e09d49a85829b8236331b9e21f7e612634:source/packages/agent/goal-metrics.ts,source/packages/agent/goal-metrics.rs,Rust,direct-equivalent,mapped,,,
source/packages/agent/index.ts,iOS-local package/runtime implementation,b-nnett/grok-bot-0.18-reconstructed@a9f633e09d49a85829b8236331b9e21f7e612634:source/packages/agent/index.ts,source/packages/agent/index.rs,Rust,direct-equivalent,mapped,,,
source/packages/agent/interaction-handler.ts,iOS-local package/runtime implementation,b-nnett/grok-bot-0.18-reconstructed@a9f633e09d49a85829b8236331b9e21f7e612634:source/packages/agent/interaction-handler.ts,source/packages/agent/interaction-handler.rs,Rust,direct-equivalent,mapped,,,
source/packages/agent/loop-detection/agent-loop-detector.ts,iOS-local package/runtime implementation,b-nnett/grok-bot-0.18-reconstructed@a9f633e09d49a85829b8236331b9e21f7e612634:source/packages/agent/loop-detection/agent-loop-detector.ts,source/packages/agent/loop-detection/agent-loop-detector.rs,Rust,direct-equivalent,mapped,,,
source/packages/agent/loop-detection/single-message-loop-detector.ts,iOS-local package/runtime implementation,b-nnett/grok-bot-0.18-reconstructed@a9f633e09d49a85829b8236331b9e21f7e612634:source/packages/agent/loop-detection/single-message-loop-detector.ts,source/packages/agent/loop-detection/single-message-loop-detector.rs,Rust,direct-equivalent,mapped,,,
source/packages/agent/mode-processing.ts,iOS-local package/runtime implementation,b-nnett/grok-bot-0.18-reconstructed@a9f633e09d49a85829b8236331b9e21f7e612634:source/packages/agent/mode-processing.ts,source/packages/agent/mode-processing.rs,Rust,direct-equivalent,mapped,,,
source/packages/agent/multitask-action-prompt.ts,iOS-local package/runtime implementation,b-nnett/grok-bot-0.18-reconstructed@a9f633e09d49a85829b8236331b9e21f7e612634:source/packages/agent/multitask-action-prompt.ts,source/packages/agent/multitask-action-prompt.rs,Rust,direct-equivalent,mapped,,,
source/packages/agent/pending-tool-call-contract.ts,iOS-local package/runtime implementation,b-nnett/grok-bot-0.18-reconstructed@a9f633e09d49a85829b8236331b9e21f7e612634:source/packages/agent/pending-tool-call-contract.ts,source/packages/agent/pending-tool-call-contract.rs,Rust,direct-equivalent,mapped,,,
source/packages/agent/prompt-suggestion/prompt-suggestion-handler.ts,iOS-local package/runtime implementation,b-nnett/grok-bot-0.18-reconstructed@a9f633e09d49a85829b8236331b9e21f7e612634:source/packages/agent/prompt-suggestion/prompt-suggestion-handler.ts,source/packages/agent/prompt-suggestion/prompt-suggestion-handler.rs,Rust,direct-equivalent,mapped,,,
source/packages/agent/prompts/agent-skills-section.ts,iOS-local package/runtime implementation,b-nnett/grok-bot-0.18-reconstructed@a9f633e09d49a85829b8236331b9e21f7e612634:source/packages/agent/prompts/agent-skills-section.ts,source/packages/agent/prompts/agent-skills-section.rs,Rust,direct-equivalent,mapped,,,
source/packages/agent/prompts/anti-ask-question-copy.ts,iOS-local package/runtime implementation,b-nnett/grok-bot-0.18-reconstructed@a9f633e09d49a85829b8236331b9e21f7e612634:source/packages/agent/prompts/anti-ask-question-copy.ts,source/packages/agent/prompts/anti-ask-question-copy.rs,Rust,direct-equivalent,implemented,cargo test -p mahayana-app-host-mobile --lib package_agent_prompts_anti_ask_question_copy::tests,,Pinned anti-question tool guidance and reminder formatting are generated by iOS-owned Rust with focused string-contract tests.
source/packages/agent/prompts/bugbot/automations.ts,iOS-local package/runtime implementation,b-nnett/grok-bot-0.18-reconstructed@a9f633e09d49a85829b8236331b9e21f7e612634:source/packages/agent/prompts/bugbot/automations.ts,source/packages/agent/prompts/bugbot/automations.rs,Rust,direct-equivalent,mapped,,,
source/packages/agent/prompts/claude-helpers.ts,iOS-local package/runtime implementation,b-nnett/grok-bot-0.18-reconstructed@a9f633e09d49a85829b8236331b9e21f7e612634:source/packages/agent/prompts/claude-helpers.ts,source/packages/agent/prompts/claude-helpers.rs,Rust,direct-equivalent,implemented,cargo test -p mahayana-app-host-mobile --lib package_agent_prompts_claude_helpers::tests,,Slack v1.5 thread-bound session detection preserves the pinned strict-true and trimmed session-kind rules in iOS-owned Rust.
source/packages/agent/prompts/cloud-meta-agent/index.ts,iOS-local package/runtime implementation,b-nnett/grok-bot-0.18-reconstructed@a9f633e09d49a85829b8236331b9e21f7e612634:source/packages/agent/prompts/cloud-meta-agent/index.ts,source/packages/agent/prompts/cloud-meta-agent/index.rs,Rust,direct-equivalent,mapped,,,
source/packages/agent/prompts/cloud-meta-agent/self-document.ts,iOS-local package/runtime implementation,b-nnett/grok-bot-0.18-reconstructed@a9f633e09d49a85829b8236331b9e21f7e612634:source/packages/agent/prompts/cloud-meta-agent/self-document.ts,source/packages/agent/prompts/cloud-meta-agent/self-document.rs,Rust,direct-equivalent,mapped,,,
source/packages/agent/prompts/cloud/no-repository-access.ts,iOS-local package/runtime implementation,b-nnett/grok-bot-0.18-reconstructed@a9f633e09d49a85829b8236331b9e21f7e612634:source/packages/agent/prompts/cloud/no-repository-access.ts,source/packages/agent/prompts/cloud/no-repository-access.rs,Rust,direct-equivalent,implemented,cargo test -p mahayana-app-host-mobile --lib package_agent_prompts_cloud_no_repository_access::tests,,The pinned no-repository-access prompt pair is independently owned by iOS Rust and exact policy anchors are covered by tests.
source/packages/agent/prompts/composer2-cloud-testing-sections.ts,iOS-local package/runtime implementation,b-nnett/grok-bot-0.18-reconstructed@a9f633e09d49a85829b8236331b9e21f7e612634:source/packages/agent/prompts/composer2-cloud-testing-sections.ts,source/packages/agent/prompts/composer2-cloud-testing-sections.rs,Rust,direct-equivalent,mapped,,,
source/packages/agent/prompts/deprecated-do-not-use/shared.ts,iOS-local package/runtime implementation,b-nnett/grok-bot-0.18-reconstructed@a9f633e09d49a85829b8236331b9e21f7e612634:source/packages/agent/prompts/deprecated-do-not-use/shared.ts,source/packages/agent/prompts/deprecated-do-not-use/shared.rs,Rust,direct-equivalent,mapped,,,
source/packages/agent/prompts/gpt-helpers.ts,iOS-local package/runtime implementation,b-nnett/grok-bot-0.18-reconstructed@a9f633e09d49a85829b8236331b9e21f7e612634:source/packages/agent/prompts/gpt-helpers.ts,source/packages/agent/prompts/gpt-helpers.rs,Rust,direct-equivalent,mapped,,,
source/packages/agent/prompts/multitask-mode-user-reminder.ts,iOS-local package/runtime implementation,b-nnett/grok-bot-0.18-reconstructed@a9f633e09d49a85829b8236331b9e21f7e612634:source/packages/agent/prompts/multitask-mode-user-reminder.ts,source/packages/agent/prompts/multitask-mode-user-reminder.rs,Rust,direct-equivalent,mapped,,,
source/packages/agent/prompts/project-prompt.ts,iOS-local package/runtime implementation,b-nnett/grok-bot-0.18-reconstructed@a9f633e09d49a85829b8236331b9e21f7e612634:source/packages/agent/prompts/project-prompt.ts,source/packages/agent/prompts/project-prompt.rs,Rust,direct-equivalent,mapped,,,
source/packages/agent/prompts/prompt-suggestion.ts,iOS-local package/runtime implementation,b-nnett/grok-bot-0.18-reconstructed@a9f633e09d49a85829b8236331b9e21f7e612634:source/packages/agent/prompts/prompt-suggestion.ts,source/packages/agent/prompts/prompt-suggestion.rs,Rust,direct-equivalent,mapped,,,
source/packages/agent/prompts/shared.ts,iOS-local package/runtime implementation,b-nnett/grok-bot-0.18-reconstructed@a9f633e09d49a85829b8236331b9e21f7e612634:source/packages/agent/prompts/shared.ts,source/packages/agent/prompts/shared.rs,Rust,direct-equivalent,mapped,,,
source/packages/agent/prompts/skill-catalog-budget.ts,iOS-local package/runtime implementation,b-nnett/grok-bot-0.18-reconstructed@a9f633e09d49a85829b8236331b9e21f7e612634:source/packages/agent/prompts/skill-catalog-budget.ts,source/packages/agent/prompts/skill-catalog-budget.rs,Rust,direct-equivalent,mapped,,,
source/packages/agent/prompts/system.ts,iOS-local package/runtime implementation,b-nnett/grok-bot-0.18-reconstructed@a9f633e09d49a85829b8236331b9e21f7e612634:source/packages/agent/prompts/system.ts,source/packages/agent/prompts/system.rs,Rust,direct-equivalent,mapped,,,
source/packages/agent/prompts/testing/index.ts,iOS-local package/runtime implementation,b-nnett/grok-bot-0.18-reconstructed@a9f633e09d49a85829b8236331b9e21f7e612634:source/packages/agent/prompts/testing/index.ts,source/packages/agent/prompts/testing/index.rs,Rust,direct-equivalent,mapped,,,
source/packages/agent/prompts/testing/parent.ts,iOS-local package/runtime implementation,b-nnett/grok-bot-0.18-reconstructed@a9f633e09d49a85829b8236331b9e21f7e612634:source/packages/agent/prompts/testing/parent.ts,source/packages/agent/prompts/testing/parent.rs,Rust,direct-equivalent,mapped,,,
source/packages/agent/prompts/testing/shared.ts,iOS-local package/runtime implementation,b-nnett/grok-bot-0.18-reconstructed@a9f633e09d49a85829b8236331b9e21f7e612634:source/packages/agent/prompts/testing/shared.ts,source/packages/agent/prompts/testing/shared.rs,Rust,direct-equivalent,mapped,,,
source/packages/agent/prompts/tmux-backed-shell-instructions.ts,iOS-local package/runtime implementation,b-nnett/grok-bot-0.18-reconstructed@a9f633e09d49a85829b8236331b9e21f7e612634:source/packages/agent/prompts/tmux-backed-shell-instructions.ts,source/packages/agent/prompts/tmux-backed-shell-instructions.rs,Rust,direct-equivalent,mapped,,,
source/packages/agent/prompts/user-info-auxiliary-sections.ts,iOS-local package/runtime implementation,b-nnett/grok-bot-0.18-reconstructed@a9f633e09d49a85829b8236331b9e21f7e612634:source/packages/agent/prompts/user-info-auxiliary-sections.ts,source/packages/agent/prompts/user-info-auxiliary-sections.rs,Rust,direct-equivalent,mapped,,,
source/packages/agent/prompts/user-info-available-skills.ts,iOS-local package/runtime implementation,b-nnett/grok-bot-0.18-reconstructed@a9f633e09d49a85829b8236331b9e21f7e612634:source/packages/agent/prompts/user-info-available-skills.ts,source/packages/agent/prompts/user-info-available-skills.rs,Rust,direct-equivalent,mapped,,,
source/packages/agent/prompts/user-info-cloud-sections.ts,iOS-local package/runtime implementation,b-nnett/grok-bot-0.18-reconstructed@a9f633e09d49a85829b8236331b9e21f7e612634:source/packages/agent/prompts/user-info-cloud-sections.ts,source/packages/agent/prompts/user-info-cloud-sections.rs,Rust,direct-equivalent,mapped,,,
source/packages/agent/prompts/user-info-component.ts,iOS-local package/runtime implementation,b-nnett/grok-bot-0.18-reconstructed@a9f633e09d49a85829b8236331b9e21f7e612634:source/packages/agent/prompts/user-info-component.ts,source/packages/agent/prompts/user-info-component.rs,Rust,direct-equivalent,mapped,,,
source/packages/agent/prompts/user-info-composer2-rules.ts,iOS-local package/runtime implementation,b-nnett/grok-bot-0.18-reconstructed@a9f633e09d49a85829b8236331b9e21f7e612634:source/packages/agent/prompts/user-info-composer2-rules.ts,source/packages/agent/prompts/user-info-composer2-rules.rs,Rust,direct-equivalent,mapped,,,
source/packages/agent/prompts/user-info-date.ts,iOS-local package/runtime implementation,b-nnett/grok-bot-0.18-reconstructed@a9f633e09d49a85829b8236331b9e21f7e612634:source/packages/agent/prompts/user-info-date.ts,source/packages/agent/prompts/user-info-date.rs,Rust,direct-equivalent,mapped,,,
source/packages/agent/prompts/user-info-git-prompt-sections.ts,iOS-local package/runtime implementation,b-nnett/grok-bot-0.18-reconstructed@a9f633e09d49a85829b8236331b9e21f7e612634:source/packages/agent/prompts/user-info-git-prompt-sections.ts,source/packages/agent/prompts/user-info-git-prompt-sections.rs,Rust,direct-equivalent,mapped,,,
source/packages/agent/prompts/user-info-git-rule-gates.ts,iOS-local package/runtime implementation,b-nnett/grok-bot-0.18-reconstructed@a9f633e09d49a85829b8236331b9e21f7e612634:source/packages/agent/prompts/user-info-git-rule-gates.ts,source/packages/agent/prompts/user-info-git-rule-gates.rs,Rust,direct-equivalent,mapped,,,
source/packages/agent/prompts/user-info-git-status.ts,iOS-local package/runtime implementation,b-nnett/grok-bot-0.18-reconstructed@a9f633e09d49a85829b8236331b9e21f7e612634:source/packages/agent/prompts/user-info-git-status.ts,source/packages/agent/prompts/user-info-git-status.rs,Rust,direct-equivalent,mapped,,,
source/packages/agent/prompts/user-info-mcp-catalog.ts,iOS-local package/runtime implementation,b-nnett/grok-bot-0.18-reconstructed@a9f633e09d49a85829b8236331b9e21f7e612634:source/packages/agent/prompts/user-info-mcp-catalog.ts,source/packages/agent/prompts/user-info-mcp-catalog.rs,Rust,direct-equivalent,mapped,,,
source/packages/agent/prompts/user-info-mcp-instructions.ts,iOS-local package/runtime implementation,b-nnett/grok-bot-0.18-reconstructed@a9f633e09d49a85829b8236331b9e21f7e612634:source/packages/agent/prompts/user-info-mcp-instructions.ts,source/packages/agent/prompts/user-info-mcp-instructions.rs,Rust,direct-equivalent,mapped,,,
source/packages/agent/prompts/user-info-mcp-meta-instructions.ts,iOS-local package/runtime implementation,b-nnett/grok-bot-0.18-reconstructed@a9f633e09d49a85829b8236331b9e21f7e612634:source/packages/agent/prompts/user-info-mcp-meta-instructions.ts,source/packages/agent/prompts/user-info-mcp-meta-instructions.rs,Rust,direct-equivalent,mapped,,,
source/packages/agent/prompts/user-info-mounted-stores.ts,iOS-local package/runtime implementation,b-nnett/grok-bot-0.18-reconstructed@a9f633e09d49a85829b8236331b9e21f7e612634:source/packages/agent/prompts/user-info-mounted-stores.ts,source/packages/agent/prompts/user-info-mounted-stores.rs,Rust,direct-equivalent,mapped,,,
source/packages/agent/prompts/user-info-notes.ts,iOS-local package/runtime implementation,b-nnett/grok-bot-0.18-reconstructed@a9f633e09d49a85829b8236331b9e21f7e612634:source/packages/agent/prompts/user-info-notes.ts,source/packages/agent/prompts/user-info-notes.rs,Rust,direct-equivalent,mapped,,,
source/packages/agent/prompts/user-info-preparation.ts,iOS-local package/runtime implementation,b-nnett/grok-bot-0.18-reconstructed@a9f633e09d49a85829b8236331b9e21f7e612634:source/packages/agent/prompts/user-info-preparation.ts,source/packages/agent/prompts/user-info-preparation.rs,Rust,direct-equivalent,mapped,,,
source/packages/agent/prompts/user-info-rule-categorization.ts,iOS-local package/runtime implementation,b-nnett/grok-bot-0.18-reconstructed@a9f633e09d49a85829b8236331b9e21f7e612634:source/packages/agent/prompts/user-info-rule-categorization.ts,source/packages/agent/prompts/user-info-rule-categorization.rs,Rust,direct-equivalent,mapped,,,
source/packages/agent/prompts/user-info-rule-helpers.ts,iOS-local package/runtime implementation,b-nnett/grok-bot-0.18-reconstructed@a9f633e09d49a85829b8236331b9e21f7e612634:source/packages/agent/prompts/user-info-rule-helpers.ts,source/packages/agent/prompts/user-info-rule-helpers.rs,Rust,direct-equivalent,mapped,,,
source/packages/agent/prompts/user-info-rule-sections.ts,iOS-local package/runtime implementation,b-nnett/grok-bot-0.18-reconstructed@a9f633e09d49a85829b8236331b9e21f7e612634:source/packages/agent/prompts/user-info-rule-sections.ts,source/packages/agent/prompts/user-info-rule-sections.rs,Rust,direct-equivalent,mapped,,,
source/packages/agent/prompts/user-info-sanitization.ts,iOS-local package/runtime implementation,b-nnett/grok-bot-0.18-reconstructed@a9f633e09d49a85829b8236331b9e21f7e612634:source/packages/agent/prompts/user-info-sanitization.ts,source/packages/agent/prompts/user-info-sanitization.rs,Rust,direct-equivalent,implemented,cargo test -p mahayana-app-host-mobile --lib package_agent_prompts_user_info_sanitization::tests,,"Remote URL credential stripping is implemented with the iOS-owned Rust URL parser; valid URLs remove username/password while invalid input keeps Grok's trimmed fallback, with focused tests in the shipping Host graph."
source/packages/agent/prompts/user-info-section.ts,iOS-local package/runtime implementation,b-nnett/grok-bot-0.18-reconstructed@a9f633e09d49a85829b8236331b9e21f7e612634:source/packages/agent/prompts/user-info-section.ts,source/packages/agent/prompts/user-info-section.rs,Rust,direct-equivalent,mapped,,,
source/packages/agent/prompts/user-info-transcripts.ts,iOS-local package/runtime implementation,b-nnett/grok-bot-0.18-reconstructed@a9f633e09d49a85829b8236331b9e21f7e612634:source/packages/agent/prompts/user-info-transcripts.ts,source/packages/agent/prompts/user-info-transcripts.rs,Rust,direct-equivalent,mapped,,,
source/packages/agent/prompts/user-info.ts,iOS-local package/runtime implementation,b-nnett/grok-bot-0.18-reconstructed@a9f633e09d49a85829b8236331b9e21f7e612634:source/packages/agent/prompts/user-info.ts,source/packages/agent/prompts/user-info.rs,Rust,direct-equivalent,implemented,cargo test -p mahayana-app-host-mobile --lib (package_agent_prompts_user_info::tests),,"Platform-neutral pinned Grok package behavior is implemented in iOS-owned Rust, compiled by the shipping mobile Host graph, and covered by a focused contract test. This remains non-final until its owning production consumer supplies real call-path evidence."
source/packages/agent/reminders/apply-reminders.ts,iOS-local package/runtime implementation,b-nnett/grok-bot-0.18-reconstructed@a9f633e09d49a85829b8236331b9e21f7e612634:source/packages/agent/reminders/apply-reminders.ts,source/packages/agent/reminders/apply-reminders.rs,Rust,direct-equivalent,mapped,,,
source/packages/agent/reminders/context-builder.ts,iOS-local package/runtime implementation,b-nnett/grok-bot-0.18-reconstructed@a9f633e09d49a85829b8236331b9e21f7e612634:source/packages/agent/reminders/context-builder.ts,source/packages/agent/reminders/context-builder.rs,Rust,direct-equivalent,mapped,,,
source/packages/agent/run-stream-lifecycle.ts,iOS-local package/runtime implementation,b-nnett/grok-bot-0.18-reconstructed@a9f633e09d49a85829b8236331b9e21f7e612634:source/packages/agent/run-stream-lifecycle.ts,source/packages/agent/run-stream-lifecycle.rs,Rust,direct-equivalent,mapped,,,
source/packages/agent/self-summary/anthropic-compaction-handler.ts,iOS-local package/runtime implementation,b-nnett/grok-bot-0.18-reconstructed@a9f633e09d49a85829b8236331b9e21f7e612634:source/packages/agent/self-summary/anthropic-compaction-handler.ts,source/packages/agent/self-summary/anthropic-compaction-handler.rs,Rust,direct-equivalent,mapped,,,
source/packages/agent/self-summary/constants.ts,iOS-local package/runtime implementation,b-nnett/grok-bot-0.18-reconstructed@a9f633e09d49a85829b8236331b9e21f7e612634:source/packages/agent/self-summary/constants.ts,source/packages/agent/self-summary/constants.rs,Rust,direct-equivalent,implemented,cargo test -p mahayana-app-host-mobile --lib package_agent_self_summary_constants::tests,,"Platform-neutral Grok self-summary constants and compaction prompts are implemented in iOS-owned Rust, compiled by the shipping mobile Host graph, and covered by focused contract tests; final verification still requires exact-HEAD acceptance and owning production call-path evidence."
source/packages/agent/self-summary/openai-compaction-handler.ts,iOS-local package/runtime implementation,b-nnett/grok-bot-0.18-reconstructed@a9f633e09d49a85829b8236331b9e21f7e612634:source/packages/agent/self-summary/openai-compaction-handler.ts,source/packages/agent/self-summary/openai-compaction-handler.rs,Rust,direct-equivalent,mapped,,,
source/packages/agent/self-summary/self-summary-handler.ts,iOS-local package/runtime implementation,b-nnett/grok-bot-0.18-reconstructed@a9f633e09d49a85829b8236331b9e21f7e612634:source/packages/agent/self-summary/self-summary-handler.ts,source/packages/agent/self-summary/self-summary-handler.rs,Rust,direct-equivalent,mapped,,,
source/packages/agent/self-summary/self-summary.ts,iOS-local package/runtime implementation,b-nnett/grok-bot-0.18-reconstructed@a9f633e09d49a85829b8236331b9e21f7e612634:source/packages/agent/self-summary/self-summary.ts,source/packages/agent/self-summary/self-summary.rs,Rust,direct-equivalent,mapped,,,
source/packages/agent/self-summary/token-estimate.ts,iOS-local package/runtime implementation,b-nnett/grok-bot-0.18-reconstructed@a9f633e09d49a85829b8236331b9e21f7e612634:source/packages/agent/self-summary/token-estimate.ts,source/packages/agent/self-summary/token-estimate.rs,Rust,direct-equivalent,mapped,,,
source/packages/agent/serde.ts,iOS-local package/runtime implementation,b-nnett/grok-bot-0.18-reconstructed@a9f633e09d49a85829b8236331b9e21f7e612634:source/packages/agent/serde.ts,source/packages/agent/serde.rs,Rust,direct-equivalent,mapped,,,
source/packages/agent/simulated-message-prompts.ts,iOS-local package/runtime implementation,b-nnett/grok-bot-0.18-reconstructed@a9f633e09d49a85829b8236331b9e21f7e612634:source/packages/agent/simulated-message-prompts.ts,source/packages/agent/simulated-message-prompts.rs,Rust,direct-equivalent,mapped,,,
source/packages/agent/smart-mode-classifier-context.ts,iOS-local package/runtime implementation,b-nnett/grok-bot-0.18-reconstructed@a9f633e09d49a85829b8236331b9e21f7e612634:source/packages/agent/smart-mode-classifier-context.ts,source/packages/agent/smart-mode-classifier-context.rs,Rust,direct-equivalent,mapped,,,
source/packages/agent/smart-mode-project-permissions.ts,iOS-local package/runtime implementation,b-nnett/grok-bot-0.18-reconstructed@a9f633e09d49a85829b8236331b9e21f7e612634:source/packages/agent/smart-mode-project-permissions.ts,source/packages/agent/smart-mode-project-permissions.rs,Rust,direct-equivalent,mapped,,,
source/packages/agent/state-agent-type.ts,iOS-local package/runtime implementation,b-nnett/grok-bot-0.18-reconstructed@a9f633e09d49a85829b8236331b9e21f7e612634:source/packages/agent/state-agent-type.ts,source/packages/agent/state-agent-type.rs,Rust,direct-equivalent,implemented,source/packages/agent/state-agent-type.rs;.github/workflows/ios-grok-architecture.yml,,Rust preserves the four exact AgentType wire values and fail-closed parsing; the shipping mobile Host crate compiles and tests the module.
source/packages/agent/state-utils.ts,iOS-local package/runtime implementation,b-nnett/grok-bot-0.18-reconstructed@a9f633e09d49a85829b8236331b9e21f7e612634:source/packages/agent/state-utils.ts,source/packages/agent/state-utils.rs,Rust,direct-equivalent,implemented,cargo test -p mahayana-app-host-mobile --lib package_agent_state_utils::tests,,Pinned Grok module only constructs a private logger and exports no runtime API; the iOS-owned Rust counterpart intentionally adds no observable product behavior and is compiled by the shipping mobile Host graph.
source/packages/agent/state.ts,iOS-local package/runtime implementation,b-nnett/grok-bot-0.18-reconstructed@a9f633e09d49a85829b8236331b9e21f7e612634:source/packages/agent/state.ts,source/packages/agent/state.rs,Rust,direct-equivalent,mapped,,,
source/packages/agent/summarization-orchestrator.ts,iOS-local package/runtime implementation,b-nnett/grok-bot-0.18-reconstructed@a9f633e09d49a85829b8236331b9e21f7e612634:source/packages/agent/summarization-orchestrator.ts,source/packages/agent/summarization-orchestrator.rs,Rust,direct-equivalent,mapped,,,
source/packages/agent/tool-counting-middleware.ts,iOS-local package/runtime implementation,b-nnett/grok-bot-0.18-reconstructed@a9f633e09d49a85829b8236331b9e21f7e612634:source/packages/agent/tool-counting-middleware.ts,source/packages/agent/tool-counting-middleware.rs,Rust,direct-equivalent,mapped,,,
source/packages/agent/tool-stream-executor.ts,iOS-local package/runtime implementation,b-nnett/grok-bot-0.18-reconstructed@a9f633e09d49a85829b8236331b9e21f7e612634:source/packages/agent/tool-stream-executor.ts,source/packages/agent/tool-stream-executor.rs,Rust,direct-equivalent,mapped,,,
source/packages/agent/tools/all-tools.ts,iOS-local package/runtime implementation,b-nnett/grok-bot-0.18-reconstructed@a9f633e09d49a85829b8236331b9e21f7e612634:source/packages/agent/tools/all-tools.ts,source/packages/agent/tools/all-tools.rs,Rust,direct-equivalent,mapped,,,
source/packages/agent/tools/common.ts,iOS-local package/runtime implementation,b-nnett/grok-bot-0.18-reconstructed@a9f633e09d49a85829b8236331b9e21f7e612634:source/packages/agent/tools/common.ts,source/packages/agent/tools/common.rs,Rust,direct-equivalent,mapped,,,
source/packages/agent/tools/composer-subagent-resolution.ts,iOS-local package/runtime implementation,b-nnett/grok-bot-0.18-reconstructed@a9f633e09d49a85829b8236331b9e21f7e612634:source/packages/agent/tools/composer-subagent-resolution.ts,source/packages/agent/tools/composer-subagent-resolution.rs,Rust,direct-equivalent,mapped,,,
source/packages/agent/tools/core.ts,iOS-local package/runtime implementation,b-nnett/grok-bot-0.18-reconstructed@a9f633e09d49a85829b8236331b9e21f7e612634:source/packages/agent/tools/core.ts,source/packages/agent/tools/core.rs,Rust,direct-equivalent,mapped,,,
source/packages/agent/tools/core/ask-question/index.ts,iOS-local package/runtime implementation,b-nnett/grok-bot-0.18-reconstructed@a9f633e09d49a85829b8236331b9e21f7e612634:source/packages/agent/tools/core/ask-question/index.ts,source/packages/agent/tools/core/ask-question/index.rs,Rust,direct-equivalent,mapped,,,
source/packages/agent/tools/core/ask-question/replay-horizon.ts,iOS-local package/runtime implementation,b-nnett/grok-bot-0.18-reconstructed@a9f633e09d49a85829b8236331b9e21f7e612634:source/packages/agent/tools/core/ask-question/replay-horizon.ts,source/packages/agent/tools/core/ask-question/replay-horizon.rs,Rust,direct-equivalent,mapped,,,
source/packages/agent/tools/core/await.ts,iOS-local package/runtime implementation,b-nnett/grok-bot-0.18-reconstructed@a9f633e09d49a85829b8236331b9e21f7e612634:source/packages/agent/tools/core/await.ts,source/packages/agent/tools/core/await.rs,Rust,direct-equivalent,mapped,,,
source/packages/agent/tools/core/connect-error.ts,iOS-local package/runtime implementation,b-nnett/grok-bot-0.18-reconstructed@a9f633e09d49a85829b8236331b9e21f7e612634:source/packages/agent/tools/core/connect-error.ts,source/packages/agent/tools/core/connect-error.rs,Rust,direct-equivalent,mapped,,,
source/packages/agent/tools/core/create-plan/backend-plan-utils.ts,iOS-local package/runtime implementation,b-nnett/grok-bot-0.18-reconstructed@a9f633e09d49a85829b8236331b9e21f7e612634:source/packages/agent/tools/core/create-plan/backend-plan-utils.ts,source/packages/agent/tools/core/create-plan/backend-plan-utils.rs,Rust,direct-equivalent,mapped,,,
source/packages/agent/tools/core/edit/common.ts,iOS-local package/runtime implementation,b-nnett/grok-bot-0.18-reconstructed@a9f633e09d49a85829b8236331b9e21f7e612634:source/packages/agent/tools/core/edit/common.ts,source/packages/agent/tools/core/edit/common.rs,Rust,direct-equivalent,mapped,,,
source/packages/agent/tools/core/edit/diff-worker.ts,iOS-local package/runtime implementation,b-nnett/grok-bot-0.18-reconstructed@a9f633e09d49a85829b8236331b9e21f7e612634:source/packages/agent/tools/core/edit/diff-worker.ts,source/packages/agent/tools/core/edit/diff-worker.rs,Rust,direct-equivalent,mapped,,,
source/packages/agent/tools/core/edit/plan-mode-file-policy.ts,iOS-local package/runtime implementation,b-nnett/grok-bot-0.18-reconstructed@a9f633e09d49a85829b8236331b9e21f7e612634:source/packages/agent/tools/core/edit/plan-mode-file-policy.ts,source/packages/agent/tools/core/edit/plan-mode-file-policy.rs,Rust,direct-equivalent,mapped,,,
source/packages/agent/tools/core/edit/post-write-result-decoration.ts,iOS-local package/runtime implementation,b-nnett/grok-bot-0.18-reconstructed@a9f633e09d49a85829b8236331b9e21f7e612634:source/packages/agent/tools/core/edit/post-write-result-decoration.ts,source/packages/agent/tools/core/edit/post-write-result-decoration.rs,Rust,direct-equivalent,mapped,,,
source/packages/agent/tools/core/file-operation-lock-manager.ts,iOS-local package/runtime implementation,b-nnett/grok-bot-0.18-reconstructed@a9f633e09d49a85829b8236331b9e21f7e612634:source/packages/agent/tools/core/file-operation-lock-manager.ts,source/packages/agent/tools/core/file-operation-lock-manager.rs,Rust,direct-equivalent,mapped,,,
source/packages/agent/tools/core/formatting.ts,iOS-local package/runtime implementation,b-nnett/grok-bot-0.18-reconstructed@a9f633e09d49a85829b8236331b9e21f7e612634:source/packages/agent/tools/core/formatting.ts,source/packages/agent/tools/core/formatting.rs,Rust,direct-equivalent,mapped,,,
source/packages/agent/tools/core/generate-image.ts,iOS-local package/runtime implementation,b-nnett/grok-bot-0.18-reconstructed@a9f633e09d49a85829b8236331b9e21f7e612634:source/packages/agent/tools/core/generate-image.ts,source/packages/agent/tools/core/generate-image.rs,Rust,direct-equivalent,mapped,,,
source/packages/agent/tools/core/ls/formatters.ts,iOS-local package/runtime implementation,b-nnett/grok-bot-0.18-reconstructed@a9f633e09d49a85829b8236331b9e21f7e612634:source/packages/agent/tools/core/ls/formatters.ts,source/packages/agent/tools/core/ls/formatters.rs,Rust,direct-equivalent,mapped,,,
source/packages/agent/tools/core/notebook-utils.ts,iOS-local package/runtime implementation,b-nnett/grok-bot-0.18-reconstructed@a9f633e09d49a85829b8236331b9e21f7e612634:source/packages/agent/tools/core/notebook-utils.ts,source/packages/agent/tools/core/notebook-utils.rs,Rust,direct-equivalent,mapped,,,
source/packages/agent/tools/core/read/common.ts,iOS-local package/runtime implementation,b-nnett/grok-bot-0.18-reconstructed@a9f633e09d49a85829b8236331b9e21f7e612634:source/packages/agent/tools/core/read/common.ts,source/packages/agent/tools/core/read/common.rs,Rust,direct-equivalent,implemented,cargo test -p mahayana-app-host-mobile --lib package_agent_tools_core_read_common::tests,,"Read-tool character limits are retained as platform-neutral iOS-owned Rust constants, compiled by the shipping mobile Host graph and covered by a focused contract test; final verification requires owning read-tool call-path evidence."
source/packages/agent/tools/core/read/image-utils.ts,iOS-local package/runtime implementation,b-nnett/grok-bot-0.18-reconstructed@a9f633e09d49a85829b8236331b9e21f7e612634:source/packages/agent/tools/core/read/image-utils.ts,source/packages/agent/tools/core/read/image-utils.rs,Rust,direct-equivalent,mapped,,,
source/packages/agent/tools/core/read/notebook-format.ts,iOS-local package/runtime implementation,b-nnett/grok-bot-0.18-reconstructed@a9f633e09d49a85829b8236331b9e21f7e612634:source/packages/agent/tools/core/read/notebook-format.ts,source/packages/agent/tools/core/read/notebook-format.rs,Rust,direct-equivalent,mapped,,,
source/packages/agent/tools/core/read/pdf-utils.ts,iOS-local package/runtime implementation,b-nnett/grok-bot-0.18-reconstructed@a9f633e09d49a85829b8236331b9e21f7e612634:source/packages/agent/tools/core/read/pdf-utils.ts,source/packages/agent/tools/core/read/pdf-utils.rs,Rust,direct-equivalent,implemented,cargo test -p mahayana-app-host-mobile --lib package_agent_tools_core_read_pdf_utils::tests,,Dependency-closed PDF detection is implemented in iOS-owned Rust using the pinned %PDF magic bytes and case-insensitive .pdf suffix contract; no worker/process semantics are introduced.
source/packages/agent/tools/core/read/read.ts,iOS-local package/runtime implementation,b-nnett/grok-bot-0.18-reconstructed@a9f633e09d49a85829b8236331b9e21f7e612634:source/packages/agent/tools/core/read/read.ts,source/packages/agent/tools/core/read/read.rs,Rust,direct-equivalent,mapped,,,
source/packages/agent/tools/core/remote-hooks.ts,iOS-local package/runtime implementation,b-nnett/grok-bot-0.18-reconstructed@a9f633e09d49a85829b8236331b9e21f7e612634:source/packages/agent/tools/core/remote-hooks.ts,source/packages/agent/tools/core/remote-hooks.rs,Rust,direct-equivalent,mapped,,,
source/packages/agent/tools/core/shell/create-shell-tool.ts,iOS-local package/runtime implementation,b-nnett/grok-bot-0.18-reconstructed@a9f633e09d49a85829b8236331b9e21f7e612634:source/packages/agent/tools/core/shell/create-shell-tool.ts,source/packages/agent/tools/core/shell/create-shell-tool.rs,Rust,direct-equivalent,mapped,,,
source/packages/agent/tools/core/shell/formatters.ts,iOS-local package/runtime implementation,b-nnett/grok-bot-0.18-reconstructed@a9f633e09d49a85829b8236331b9e21f7e612634:source/packages/agent/tools/core/shell/formatters.ts,source/packages/agent/tools/core/shell/formatters.rs,Rust,direct-equivalent,mapped,,,
source/packages/agent/tools/core/shell/interrupted-shell-output.ts,iOS-local package/runtime implementation,b-nnett/grok-bot-0.18-reconstructed@a9f633e09d49a85829b8236331b9e21f7e612634:source/packages/agent/tools/core/shell/interrupted-shell-output.ts,source/packages/agent/tools/core/shell/interrupted-shell-output.rs,Rust,direct-equivalent,mapped,,,
source/packages/agent/tools/core/shell/model-facing-ui-automation-guard.ts,iOS-local package/runtime implementation,b-nnett/grok-bot-0.18-reconstructed@a9f633e09d49a85829b8236331b9e21f7e612634:source/packages/agent/tools/core/shell/model-facing-ui-automation-guard.ts,source/packages/agent/tools/core/shell/model-facing-ui-automation-guard.rs,Rust,direct-equivalent,mapped,,,
source/packages/agent/tools/core/shell/prompts/dsv3.ts,iOS-local package/runtime implementation,b-nnett/grok-bot-0.18-reconstructed@a9f633e09d49a85829b8236331b9e21f7e612634:source/packages/agent/tools/core/shell/prompts/dsv3.ts,source/packages/agent/tools/core/shell/prompts/dsv3.rs,Rust,direct-equivalent,mapped,,,
source/packages/agent/tools/core/shell/prompts/sandbox-description.ts,iOS-local package/runtime implementation,b-nnett/grok-bot-0.18-reconstructed@a9f633e09d49a85829b8236331b9e21f7e612634:source/packages/agent/tools/core/shell/prompts/sandbox-description.ts,source/packages/agent/tools/core/shell/prompts/sandbox-description.rs,Rust,direct-equivalent,mapped,,,
source/packages/agent/tools/core/shell/prompts/sandbox-shared.ts,iOS-local package/runtime implementation,b-nnett/grok-bot-0.18-reconstructed@a9f633e09d49a85829b8236331b9e21f7e612634:source/packages/agent/tools/core/shell/prompts/sandbox-shared.ts,source/packages/agent/tools/core/shell/prompts/sandbox-shared.rs,Rust,direct-equivalent,mapped,,,
source/packages/agent/tools/core/shell/retry-helpers.ts,iOS-local package/runtime implementation,b-nnett/grok-bot-0.18-reconstructed@a9f633e09d49a85829b8236331b9e21f7e612634:source/packages/agent/tools/core/shell/retry-helpers.ts,source/packages/agent/tools/core/shell/retry-helpers.rs,Rust,direct-equivalent,mapped,,,
source/packages/agent/tools/core/subagent/ci-investigator-subagent.ts,iOS-local package/runtime implementation,b-nnett/grok-bot-0.18-reconstructed@a9f633e09d49a85829b8236331b9e21f7e612634:source/packages/agent/tools/core/subagent/ci-investigator-subagent.ts,source/packages/agent/tools/core/subagent/ci-investigator-subagent.rs,Rust,direct-equivalent,mapped,,,
source/packages/agent/tools/core/subagent/models.ts,iOS-local package/runtime implementation,b-nnett/grok-bot-0.18-reconstructed@a9f633e09d49a85829b8236331b9e21f7e612634:source/packages/agent/tools/core/subagent/models.ts,source/packages/agent/tools/core/subagent/models.rs,Rust,direct-equivalent,mapped,,,
source/packages/agent/tools/core/subagent/subagent-config.ts,iOS-local package/runtime implementation,b-nnett/grok-bot-0.18-reconstructed@a9f633e09d49a85829b8236331b9e21f7e612634:source/packages/agent/tools/core/subagent/subagent-config.ts,source/packages/agent/tools/core/subagent/subagent-config.rs,Rust,direct-equivalent,mapped,,,
source/packages/agent/tools/core/todo/common.ts,iOS-local package/runtime implementation,b-nnett/grok-bot-0.18-reconstructed@a9f633e09d49a85829b8236331b9e21f7e612634:source/packages/agent/tools/core/todo/common.ts,source/packages/agent/tools/core/todo/common.rs,Rust,direct-equivalent,mapped,,,
source/packages/agent/tools/core/todo/schema.ts,iOS-local package/runtime implementation,b-nnett/grok-bot-0.18-reconstructed@a9f633e09d49a85829b8236331b9e21f7e612634:source/packages/agent/tools/core/todo/schema.ts,source/packages/agent/tools/core/todo/schema.rs,Rust,direct-equivalent,mapped,,,
source/packages/agent/tools/core/todo/todo.ts,iOS-local package/runtime implementation,b-nnett/grok-bot-0.18-reconstructed@a9f633e09d49a85829b8236331b9e21f7e612634:source/packages/agent/tools/core/todo/todo.ts,source/packages/agent/tools/core/todo/todo.rs,Rust,direct-equivalent,mapped,,,
source/packages/agent/tools/core/web-fetch.ts,iOS-local package/runtime implementation,b-nnett/grok-bot-0.18-reconstructed@a9f633e09d49a85829b8236331b9e21f7e612634:source/packages/agent/tools/core/web-fetch.ts,source/packages/agent/tools/core/web-fetch.rs,Rust,direct-equivalent,mapped,,,
source/packages/agent/tools/core/web-search.ts,iOS-local package/runtime implementation,b-nnett/grok-bot-0.18-reconstructed@a9f633e09d49a85829b8236331b9e21f7e612634:source/packages/agent/tools/core/web-search.ts,source/packages/agent/tools/core/web-search.rs,Rust,direct-equivalent,mapped,,,
source/packages/agent/tools/core/worker-script-location.ts,iOS-local package/runtime implementation,b-nnett/grok-bot-0.18-reconstructed@a9f633e09d49a85829b8236331b9e21f7e612634:source/packages/agent/tools/core/worker-script-location.ts,source/packages/agent/tools/core/worker-script-location.rs,Rust,direct-equivalent,mapped,,,
source/packages/agent/tools/core/worktree-paths.ts,iOS-local package/runtime implementation,b-nnett/grok-bot-0.18-reconstructed@a9f633e09d49a85829b8236331b9e21f7e612634:source/packages/agent/tools/core/worktree-paths.ts,source/packages/agent/tools/core/worktree-paths.rs,Rust,direct-equivalent,implemented,cargo test -p mahayana-app-host-mobile --lib (package_agent_tools_core_worktree_paths::tests),,"Platform-neutral pinned Grok package behavior is implemented in iOS-owned Rust, compiled by the shipping mobile Host graph, and covered by a focused contract test. This remains non-final until its owning production consumer supplies real call-path evidence."
source/packages/agent/tools/dev-smart-mode-classifier-block.ts,iOS-local package/runtime implementation,b-nnett/grok-bot-0.18-reconstructed@a9f633e09d49a85829b8236331b9e21f7e612634:source/packages/agent/tools/dev-smart-mode-classifier-block.ts,source/packages/agent/tools/dev-smart-mode-classifier-block.rs,Rust,direct-equivalent,mapped,,,
source/packages/agent/tools/exclude-tools.ts,iOS-local package/runtime implementation,b-nnett/grok-bot-0.18-reconstructed@a9f633e09d49a85829b8236331b9e21f7e612634:source/packages/agent/tools/exclude-tools.ts,source/packages/agent/tools/exclude-tools.rs,Rust,direct-equivalent,mapped,,,
source/packages/agent/tools/lenient-array.ts,iOS-local package/runtime implementation,b-nnett/grok-bot-0.18-reconstructed@a9f633e09d49a85829b8236331b9e21f7e612634:source/packages/agent/tools/lenient-array.ts,source/packages/agent/tools/lenient-array.rs,Rust,direct-equivalent,mapped,,,
source/packages/agent/tools/lenient-boolean.ts,iOS-local package/runtime implementation,b-nnett/grok-bot-0.18-reconstructed@a9f633e09d49a85829b8236331b9e21f7e612634:source/packages/agent/tools/lenient-boolean.ts,source/packages/agent/tools/lenient-boolean.rs,Rust,direct-equivalent,implemented,cargo test -p mahayana-app-host-mobile --lib package_agent_tools_lenient_boolean::tests,,The iOS-owned Rust JSON boundary preserves Grok exact true/false string coercion and passthrough behavior before boolean validation; the shipping mobile Host compiles the module.
source/packages/agent/tools/lenient-enum.ts,iOS-local package/runtime implementation,b-nnett/grok-bot-0.18-reconstructed@a9f633e09d49a85829b8236331b9e21f7e612634:source/packages/agent/tools/lenient-enum.ts,source/packages/agent/tools/lenient-enum.rs,Rust,direct-equivalent,implemented,cargo test -p mahayana-app-host-mobile --lib package_agent_tools_lenient_enum::tests,,"Case-insensitive enum preprocessing preserves exact matches, coerces only one unique case-insensitive match, and passes non-string JSON through unchanged in iOS-owned Rust."
source/packages/agent/tools/lenient-number.ts,iOS-local package/runtime implementation,b-nnett/grok-bot-0.18-reconstructed@a9f633e09d49a85829b8236331b9e21f7e612634:source/packages/agent/tools/lenient-number.ts,source/packages/agent/tools/lenient-number.rs,Rust,direct-equivalent,mapped,,,
source/packages/agent/tools/mcp/builtin-tools.ts,iOS-local package/runtime implementation,b-nnett/grok-bot-0.18-reconstructed@a9f633e09d49a85829b8236331b9e21f7e612634:source/packages/agent/tools/mcp/builtin-tools.ts,source/packages/agent/tools/mcp/builtin-tools.rs,Rust,direct-equivalent,mapped,,,
source/packages/agent/tools/mcp/dynamic-tool-argument-repair.ts,iOS-local package/runtime implementation,b-nnett/grok-bot-0.18-reconstructed@a9f633e09d49a85829b8236331b9e21f7e612634:source/packages/agent/tools/mcp/dynamic-tool-argument-repair.ts,source/packages/agent/tools/mcp/dynamic-tool-argument-repair.rs,Rust,direct-equivalent,mapped,,,
source/packages/agent/tools/mcp/get-mcp-tools.ts,iOS-local package/runtime implementation,b-nnett/grok-bot-0.18-reconstructed@a9f633e09d49a85829b8236331b9e21f7e612634:source/packages/agent/tools/mcp/get-mcp-tools.ts,source/packages/agent/tools/mcp/get-mcp-tools.rs,Rust,direct-equivalent,mapped,,,
source/packages/agent/tools/mcp/mcp-call-options.ts,iOS-local package/runtime implementation,b-nnett/grok-bot-0.18-reconstructed@a9f633e09d49a85829b8236331b9e21f7e612634:source/packages/agent/tools/mcp/mcp-call-options.ts,source/packages/agent/tools/mcp/mcp-call-options.rs,Rust,direct-equivalent,mapped,,,
source/packages/agent/tools/mcp/mcp-error-classification.ts,iOS-local package/runtime implementation,b-nnett/grok-bot-0.18-reconstructed@a9f633e09d49a85829b8236331b9e21f7e612634:source/packages/agent/tools/mcp/mcp-error-classification.ts,source/packages/agent/tools/mcp/mcp-error-classification.rs,Rust,direct-equivalent,mapped,,,
source/packages/agent/tools/mcp/mcp-execution-guards.ts,iOS-local package/runtime implementation,b-nnett/grok-bot-0.18-reconstructed@a9f633e09d49a85829b8236331b9e21f7e612634:source/packages/agent/tools/mcp/mcp-execution-guards.ts,source/packages/agent/tools/mcp/mcp-execution-guards.rs,Rust,direct-equivalent,mapped,,,
source/packages/agent/tools/mcp/mcp-output-spill.ts,iOS-local package/runtime implementation,b-nnett/grok-bot-0.18-reconstructed@a9f633e09d49a85829b8236331b9e21f7e612634:source/packages/agent/tools/mcp/mcp-output-spill.ts,source/packages/agent/tools/mcp/mcp-output-spill.rs,Rust,direct-equivalent,mapped,,,
source/packages/agent/tools/mcp/mcp-result-boundary.ts,iOS-local package/runtime implementation,b-nnett/grok-bot-0.18-reconstructed@a9f633e09d49a85829b8236331b9e21f7e612634:source/packages/agent/tools/mcp/mcp-result-boundary.ts,source/packages/agent/tools/mcp/mcp-result-boundary.rs,Rust,direct-equivalent,mapped,,,
source/packages/agent/tools/mcp/mcp-tool-registry.ts,iOS-local package/runtime implementation,b-nnett/grok-bot-0.18-reconstructed@a9f633e09d49a85829b8236331b9e21f7e612634:source/packages/agent/tools/mcp/mcp-tool-registry.ts,source/packages/agent/tools/mcp/mcp-tool-registry.rs,Rust,direct-equivalent,mapped,,,
source/packages/agent/tools/mcp/mcp.ts,iOS-local package/runtime implementation,b-nnett/grok-bot-0.18-reconstructed@a9f633e09d49a85829b8236331b9e21f7e612634:source/packages/agent/tools/mcp/mcp.ts,source/packages/agent/tools/mcp/mcp.rs,Rust,direct-equivalent,mapped,,,
source/packages/agent/tools/mcp/smart-mode-approval-store.ts,iOS-local package/runtime implementation,b-nnett/grok-bot-0.18-reconstructed@a9f633e09d49a85829b8236331b9e21f7e612634:source/packages/agent/tools/mcp/smart-mode-approval-store.ts,source/packages/agent/tools/mcp/smart-mode-approval-store.rs,Rust,direct-equivalent,mapped,,,
source/packages/agent/tools/mcp/smart-mode-approval.ts,iOS-local package/runtime implementation,b-nnett/grok-bot-0.18-reconstructed@a9f633e09d49a85829b8236331b9e21f7e612634:source/packages/agent/tools/mcp/smart-mode-approval.ts,source/packages/agent/tools/mcp/smart-mode-approval.rs,Rust,direct-equivalent,mapped,,,
source/packages/agent/tools/prompt-reference-contract.ts,iOS-local package/runtime implementation,b-nnett/grok-bot-0.18-reconstructed@a9f633e09d49a85829b8236331b9e21f7e612634:source/packages/agent/tools/prompt-reference-contract.ts,source/packages/agent/tools/prompt-reference-contract.rs,Rust,direct-equivalent,mapped,,,
source/packages/agent/tools/smart-mode-classifier-runtime-state.ts,iOS-local package/runtime implementation,b-nnett/grok-bot-0.18-reconstructed@a9f633e09d49a85829b8236331b9e21f7e612634:source/packages/agent/tools/smart-mode-classifier-runtime-state.ts,source/packages/agent/tools/smart-mode-classifier-runtime-state.rs,Rust,direct-equivalent,mapped,,,
source/packages/agent/tools/subagent-composer-model-ids.ts,iOS-local package/runtime implementation,b-nnett/grok-bot-0.18-reconstructed@a9f633e09d49a85829b8236331b9e21f7e612634:source/packages/agent/tools/subagent-composer-model-ids.ts,source/packages/agent/tools/subagent-composer-model-ids.rs,Rust,direct-equivalent,implemented,cargo test -p mahayana-app-host-mobile --lib (package_agent_tools_subagent_composer_model_ids::tests),,"Platform-neutral pinned Grok package behavior is implemented in iOS-owned Rust, compiled by the shipping mobile Host graph, and covered by a focused contract test. This remains non-final until its owning production consumer supplies real call-path evidence."
source/packages/agent/tools/subagent-forced-model-resolution.ts,iOS-local package/runtime implementation,b-nnett/grok-bot-0.18-reconstructed@a9f633e09d49a85829b8236331b9e21f7e612634:source/packages/agent/tools/subagent-forced-model-resolution.ts,source/packages/agent/tools/subagent-forced-model-resolution.rs,Rust,direct-equivalent,mapped,,,
source/packages/agent/tools/subagent-model-force-policy.ts,iOS-local package/runtime implementation,b-nnett/grok-bot-0.18-reconstructed@a9f633e09d49a85829b8236331b9e21f7e612634:source/packages/agent/tools/subagent-model-force-policy.ts,source/packages/agent/tools/subagent-model-force-policy.rs,Rust,direct-equivalent,implemented,cargo test -p mahayana-app-host-mobile --lib (package_agent_tools_subagent_model_force_policy::tests),,"Platform-neutral pinned Grok package behavior is implemented in iOS-owned Rust, compiled by the shipping mobile Host graph, and covered by a focused contract test. This remains non-final until its owning production consumer supplies real call-path evidence."
source/packages/agent/tools/subagent-registry.ts,iOS-local package/runtime implementation,b-nnett/grok-bot-0.18-reconstructed@a9f633e09d49a85829b8236331b9e21f7e612634:source/packages/agent/tools/subagent-registry.ts,source/packages/agent/tools/subagent-registry.rs,Rust,direct-equivalent,mapped,,,
source/packages/agent/tools/task-client.ts,iOS-local package/runtime implementation,b-nnett/grok-bot-0.18-reconstructed@a9f633e09d49a85829b8236331b9e21f7e612634:source/packages/agent/tools/task-client.ts,source/packages/agent/tools/task-client.rs,Rust,direct-equivalent,mapped,,,
source/packages/agent/tools/task-cluster-internal.ts,iOS-local package/runtime implementation,b-nnett/grok-bot-0.18-reconstructed@a9f633e09d49a85829b8236331b9e21f7e612634:source/packages/agent/tools/task-cluster-internal.ts,source/packages/agent/tools/task-cluster-internal.rs,Rust,direct-equivalent,mapped,,,
source/packages/agent/tools/task-subagent-completion.ts,iOS-local package/runtime implementation,b-nnett/grok-bot-0.18-reconstructed@a9f633e09d49a85829b8236331b9e21f7e612634:source/packages/agent/tools/task-subagent-completion.ts,source/packages/agent/tools/task-subagent-completion.rs,Rust,direct-equivalent,mapped,,,
source/packages/agent/tools/task-subagent-preparation.ts,iOS-local package/runtime implementation,b-nnett/grok-bot-0.18-reconstructed@a9f633e09d49a85829b8236331b9e21f7e612634:source/packages/agent/tools/task-subagent-preparation.ts,source/packages/agent/tools/task-subagent-preparation.rs,Rust,direct-equivalent,mapped,,,
source/packages/agent/tools/task-tool-name.ts,iOS-local package/runtime implementation,b-nnett/grok-bot-0.18-reconstructed@a9f633e09d49a85829b8236331b9e21f7e612634:source/packages/agent/tools/task-tool-name.ts,source/packages/agent/tools/task-tool-name.rs,Rust,direct-equivalent,implemented,cargo test -p mahayana-app-host-mobile --lib package_agent_tools_task_tool_name::tests,,"Platform-neutral Grok task-tool naming is implemented in iOS-owned Rust with Composer precedence and the pinned Codex prompt-version set, compiled by the shipping mobile Host graph and covered by focused tests; final verification still requires a production consumer and exact-HEAD acceptance."
source/packages/agent/tools/task-tool-schema.ts,iOS-local package/runtime implementation,b-nnett/grok-bot-0.18-reconstructed@a9f633e09d49a85829b8236331b9e21f7e612634:source/packages/agent/tools/task-tool-schema.ts,source/packages/agent/tools/task-tool-schema.rs,Rust,direct-equivalent,mapped,,,
source/packages/agent/tools/task.ts,iOS-local package/runtime implementation,b-nnett/grok-bot-0.18-reconstructed@a9f633e09d49a85829b8236331b9e21f7e612634:source/packages/agent/tools/task.ts,source/packages/agent/tools/task.rs,Rust,direct-equivalent,mapped,,,
source/packages/agent/tools/tool-call-id-tagging.ts,iOS-local package/runtime implementation,b-nnett/grok-bot-0.18-reconstructed@a9f633e09d49a85829b8236331b9e21f7e612634:source/packages/agent/tools/tool-call-id-tagging.ts,source/packages/agent/tools/tool-call-id-tagging.rs,Rust,direct-equivalent,mapped,,,
source/packages/agent/tools/tool-execution-timeout.ts,iOS-local package/runtime implementation,b-nnett/grok-bot-0.18-reconstructed@a9f633e09d49a85829b8236331b9e21f7e612634:source/packages/agent/tools/tool-execution-timeout.ts,source/packages/agent/tools/tool-execution-timeout.rs,Rust,direct-equivalent,implemented,cargo test -p mahayana-app-host-mobile --lib package_agent_tools_tool_execution_timeout::tests,,"Tool timeout tiers, subagent classification, block-until parsing, guard headroom and timeout messages are implemented in iOS-owned Rust without local process emulation, compiled by the shipping mobile Host graph and covered by focused tests."
source/packages/agent/tools/tool-timeout-suspension.ts,iOS-local package/runtime implementation,b-nnett/grok-bot-0.18-reconstructed@a9f633e09d49a85829b8236331b9e21f7e612634:source/packages/agent/tools/tool-timeout-suspension.ts,source/packages/agent/tools/tool-timeout-suspension.rs,Rust,direct-equivalent,mapped,,,
source/packages/agent/tools/tools-generator-contract.ts,iOS-local package/runtime implementation,b-nnett/grok-bot-0.18-reconstructed@a9f633e09d49a85829b8236331b9e21f7e612634:source/packages/agent/tools/tools-generator-contract.ts,source/packages/agent/tools/tools-generator-contract.rs,Rust,direct-equivalent,mapped,,,
source/packages/agent/utils/agent-config.ts,iOS-local package/runtime implementation,b-nnett/grok-bot-0.18-reconstructed@a9f633e09d49a85829b8236331b9e21f7e612634:source/packages/agent/utils/agent-config.ts,source/packages/agent/utils/agent-config.rs,Rust,direct-equivalent,mapped,,,
source/packages/agent/utils/agent-mode-guidance.ts,iOS-local package/runtime implementation,b-nnett/grok-bot-0.18-reconstructed@a9f633e09d49a85829b8236331b9e21f7e612634:source/packages/agent/utils/agent-mode-guidance.ts,source/packages/agent/utils/agent-mode-guidance.rs,Rust,direct-equivalent,implemented,cargo test -p mahayana-app-host-mobile --lib package_agent_utils_agent_mode_guidance::tests,,Unified-mode display names and the current-mode transition statement are represented in iOS-owned Rust with fallback behavior for unknown mode IDs and focused contract tests.
source/packages/agent/utils/common.ts,iOS-local package/runtime implementation,b-nnett/grok-bot-0.18-reconstructed@a9f633e09d49a85829b8236331b9e21f7e612634:source/packages/agent/utils/common.ts,source/packages/agent/utils/common.rs,Rust,direct-equivalent,mapped,,,
source/packages/agent/utils/cursor-rule-matching.ts,iOS-local package/runtime implementation,b-nnett/grok-bot-0.18-reconstructed@a9f633e09d49a85829b8236331b9e21f7e612634:source/packages/agent/utils/cursor-rule-matching.ts,source/packages/agent/utils/cursor-rule-matching.rs,Rust,direct-equivalent,mapped,,,
source/packages/agent/utils/environment-filtering.ts,iOS-local package/runtime implementation,b-nnett/grok-bot-0.18-reconstructed@a9f633e09d49a85829b8236331b9e21f7e612634:source/packages/agent/utils/environment-filtering.ts,source/packages/agent/utils/environment-filtering.rs,Rust,direct-equivalent,mapped,,,
source/packages/agent/utils/event-tracking.ts,iOS-local package/runtime implementation,b-nnett/grok-bot-0.18-reconstructed@a9f633e09d49a85829b8236331b9e21f7e612634:source/packages/agent/utils/event-tracking.ts,source/packages/agent/utils/event-tracking.rs,Rust,direct-equivalent,mapped,,,
source/packages/agent/utils/invocation-id.ts,iOS-local package/runtime implementation,b-nnett/grok-bot-0.18-reconstructed@a9f633e09d49a85829b8236331b9e21f7e612634:source/packages/agent/utils/invocation-id.ts,source/packages/agent/utils/invocation-id.rs,Rust,direct-equivalent,mapped,,,
source/packages/agent/utils/ip.ts,iOS-local package/runtime implementation,b-nnett/grok-bot-0.18-reconstructed@a9f633e09d49a85829b8236331b9e21f7e612634:source/packages/agent/utils/ip.ts,source/packages/agent/utils/ip.rs,Rust,direct-equivalent,mapped,,,
source/packages/agent/utils/mcp-auth-instruction.ts,iOS-local package/runtime implementation,b-nnett/grok-bot-0.18-reconstructed@a9f633e09d49a85829b8236331b9e21f7e612634:source/packages/agent/utils/mcp-auth-instruction.ts,source/packages/agent/utils/mcp-auth-instruction.rs,Rust,direct-equivalent,implemented,cargo test -p mahayana-app-host-mobile --lib package_agent_utils_mcp_auth_instruction::tests,,Pinned MCP authentication retry/serialization guidance is owned and contract-tested in the shipping iOS Rust graph.
source/packages/agent/utils/mcp-custom-user-tools.ts,iOS-local package/runtime implementation,b-nnett/grok-bot-0.18-reconstructed@a9f633e09d49a85829b8236331b9e21f7e612634:source/packages/agent/utils/mcp-custom-user-tools.ts,source/packages/agent/utils/mcp-custom-user-tools.rs,Rust,direct-equivalent,mapped,,,
source/packages/agent/utils/mcp-file-system.ts,iOS-local package/runtime implementation,b-nnett/grok-bot-0.18-reconstructed@a9f633e09d49a85829b8236331b9e21f7e612634:source/packages/agent/utils/mcp-file-system.ts,source/packages/agent/utils/mcp-file-system.rs,Rust,direct-equivalent,mapped,,,
source/packages/agent/utils/mcp-meta-tool.ts,iOS-local package/runtime implementation,b-nnett/grok-bot-0.18-reconstructed@a9f633e09d49a85829b8236331b9e21f7e612634:source/packages/agent/utils/mcp-meta-tool.ts,source/packages/agent/utils/mcp-meta-tool.rs,Rust,direct-equivalent,mapped,,,
source/packages/agent/utils/mcp-metrics.ts,iOS-local package/runtime implementation,b-nnett/grok-bot-0.18-reconstructed@a9f633e09d49a85829b8236331b9e21f7e612634:source/packages/agent/utils/mcp-metrics.ts,source/packages/agent/utils/mcp-metrics.rs,Rust,direct-equivalent,mapped,,,
source/packages/agent/utils/meta-parent-completion-protocol.ts,iOS-local package/runtime implementation,b-nnett/grok-bot-0.18-reconstructed@a9f633e09d49a85829b8236331b9e21f7e612634:source/packages/agent/utils/meta-parent-completion-protocol.ts,source/packages/agent/utils/meta-parent-completion-protocol.rs,Rust,direct-equivalent,implemented,cargo test -p mahayana-app-host-mobile --lib package_agent_utils_meta_parent_completion_protocol::tests,,Pinned meta-parent completion tags and system-reminder copy are owned and contract-tested in the shipping iOS Rust graph.
source/packages/agent/utils/next-redacted-prompt-context-details.ts,iOS-local package/runtime implementation,b-nnett/grok-bot-0.18-reconstructed@a9f633e09d49a85829b8236331b9e21f7e612634:source/packages/agent/utils/next-redacted-prompt-context-details.ts,source/packages/agent/utils/next-redacted-prompt-context-details.rs,Rust,direct-equivalent,mapped,,,
source/packages/agent/utils/overridable-config.ts,iOS-local package/runtime implementation,b-nnett/grok-bot-0.18-reconstructed@a9f633e09d49a85829b8236331b9e21f7e612634:source/packages/agent/utils/overridable-config.ts,source/packages/agent/utils/overridable-config.rs,Rust,direct-equivalent,mapped,,,
source/packages/agent/utils/project-conversation.ts,iOS-local package/runtime implementation,b-nnett/grok-bot-0.18-reconstructed@a9f633e09d49a85829b8236331b9e21f7e612634:source/packages/agent/utils/project-conversation.ts,source/packages/agent/utils/project-conversation.rs,Rust,direct-equivalent,mapped,,,
source/packages/agent/utils/prompt-context-usage-snapshot.ts,iOS-local package/runtime implementation,b-nnett/grok-bot-0.18-reconstructed@a9f633e09d49a85829b8236331b9e21f7e612634:source/packages/agent/utils/prompt-context-usage-snapshot.ts,source/packages/agent/utils/prompt-context-usage-snapshot.rs,Rust,direct-equivalent,mapped,,,
source/packages/agent/utils/prompt-context-usage-tree.ts,iOS-local package/runtime implementation,b-nnett/grok-bot-0.18-reconstructed@a9f633e09d49a85829b8236331b9e21f7e612634:source/packages/agent/utils/prompt-context-usage-tree.ts,source/packages/agent/utils/prompt-context-usage-tree.rs,Rust,direct-equivalent,mapped,,,
source/packages/agent/utils/prompt-tag-parsing.ts,iOS-local package/runtime implementation,b-nnett/grok-bot-0.18-reconstructed@a9f633e09d49a85829b8236331b9e21f7e612634:source/packages/agent/utils/prompt-tag-parsing.ts,source/packages/agent/utils/prompt-tag-parsing.rs,Rust,direct-equivalent,mapped,,,
source/packages/agent/utils/prompt-token-breakdown.ts,iOS-local package/runtime implementation,b-nnett/grok-bot-0.18-reconstructed@a9f633e09d49a85829b8236331b9e21f7e612634:source/packages/agent/utils/prompt-token-breakdown.ts,source/packages/agent/utils/prompt-token-breakdown.rs,Rust,direct-equivalent,mapped,,,
source/packages/agent/utils/prompt-token-tracking-contract.ts,iOS-local package/runtime implementation,b-nnett/grok-bot-0.18-reconstructed@a9f633e09d49a85829b8236331b9e21f7e612634:source/packages/agent/utils/prompt-token-tracking-contract.ts,source/packages/agent/utils/prompt-token-tracking-contract.rs,Rust,direct-equivalent,mapped,,,
source/packages/agent/utils/prompt-token-tracking.ts,iOS-local package/runtime implementation,b-nnett/grok-bot-0.18-reconstructed@a9f633e09d49a85829b8236331b9e21f7e612634:source/packages/agent/utils/prompt-token-tracking.ts,source/packages/agent/utils/prompt-token-tracking.rs,Rust,direct-equivalent,mapped,,,
source/packages/agent/utils/prompt-xml-escape.ts,iOS-local package/runtime implementation,b-nnett/grok-bot-0.18-reconstructed@a9f633e09d49a85829b8236331b9e21f7e612634:source/packages/agent/utils/prompt-xml-escape.ts,source/packages/agent/utils/prompt-xml-escape.rs,Rust,direct-equivalent,implemented,source/packages/agent/utils/prompt-xml-escape.rs,,Direct Rust equivalent preserves Grok's ordered ampersand/angle-bracket escaping and is compiled by the shipping mobile Host graph with contract tests. Non-final until a ported production prompt consumer provides call-path evidence.
source/packages/agent/utils/request-context.ts,iOS-local package/runtime implementation,b-nnett/grok-bot-0.18-reconstructed@a9f633e09d49a85829b8236331b9e21f7e612634:source/packages/agent/utils/request-context.ts,source/packages/agent/utils/request-context.rs,Rust,direct-equivalent,mapped,,,
source/packages/agent/utils/request-id.ts,iOS-local package/runtime implementation,b-nnett/grok-bot-0.18-reconstructed@a9f633e09d49a85829b8236331b9e21f7e612634:source/packages/agent/utils/request-id.ts,source/packages/agent/utils/request-id.rs,Rust,direct-equivalent,mapped,,,
source/packages/agent/utils/request-path.ts,iOS-local package/runtime implementation,b-nnett/grok-bot-0.18-reconstructed@a9f633e09d49a85829b8236331b9e21f7e612634:source/packages/agent/utils/request-path.ts,source/packages/agent/utils/request-path.rs,Rust,direct-equivalent,implemented,cargo test -p mahayana-app-host-mobile --lib package_agent_utils_request_path::tests,,Pinned request-path selection is implemented in iOS-owned Rust and compiled by the shipping mobile Host graph; iOS production resolves POSIX while the explicit win32 metadata branch remains contract-tested.
source/packages/agent/utils/run-step-state-contract.ts,iOS-local package/runtime implementation,b-nnett/grok-bot-0.18-reconstructed@a9f633e09d49a85829b8236331b9e21f7e612634:source/packages/agent/utils/run-step-state-contract.ts,source/packages/agent/utils/run-step-state-contract.rs,Rust,direct-equivalent,mapped,,,
source/packages/agent/utils/scoped-rule-filtering.ts,iOS-local package/runtime implementation,b-nnett/grok-bot-0.18-reconstructed@a9f633e09d49a85829b8236331b9e21f7e612634:source/packages/agent/utils/scoped-rule-filtering.ts,source/packages/agent/utils/scoped-rule-filtering.rs,Rust,direct-equivalent,mapped,,,
source/packages/agent/utils/skill-catalog-budget-metrics.ts,iOS-local package/runtime implementation,b-nnett/grok-bot-0.18-reconstructed@a9f633e09d49a85829b8236331b9e21f7e612634:source/packages/agent/utils/skill-catalog-budget-metrics.ts,source/packages/agent/utils/skill-catalog-budget-metrics.rs,Rust,direct-equivalent,mapped,,,
source/packages/agent/utils/slack-sender-line.ts,iOS-local package/runtime implementation,b-nnett/grok-bot-0.18-reconstructed@a9f633e09d49a85829b8236331b9e21f7e612634:source/packages/agent/utils/slack-sender-line.ts,source/packages/agent/utils/slack-sender-line.rs,Rust,direct-equivalent,implemented,cargo test -p mahayana-app-host-mobile --lib package_agent_utils_slack_sender_line::tests,,"Slack sender context formatting preserves trimming, optional type suffix, name/id combinations and undefined-equivalent absence in iOS-owned Rust."
source/packages/agent/utils/smart-mode-classifier-error-metadata.ts,iOS-local package/runtime implementation,b-nnett/grok-bot-0.18-reconstructed@a9f633e09d49a85829b8236331b9e21f7e612634:source/packages/agent/utils/smart-mode-classifier-error-metadata.ts,source/packages/agent/utils/smart-mode-classifier-error-metadata.rs,Rust,direct-equivalent,mapped,,,
source/packages/agent/utils/smart-mode-classifier-measurement.ts,iOS-local package/runtime implementation,b-nnett/grok-bot-0.18-reconstructed@a9f633e09d49a85829b8236331b9e21f7e612634:source/packages/agent/utils/smart-mode-classifier-measurement.ts,source/packages/agent/utils/smart-mode-classifier-measurement.rs,Rust,direct-equivalent,mapped,,,
source/packages/agent/utils/smart-mode-permissions-instructions.ts,iOS-local package/runtime implementation,b-nnett/grok-bot-0.18-reconstructed@a9f633e09d49a85829b8236331b9e21f7e612634:source/packages/agent/utils/smart-mode-permissions-instructions.ts,source/packages/agent/utils/smart-mode-permissions-instructions.rs,Rust,direct-equivalent,mapped,,,
source/packages/agent/utils/token-estimate.ts,iOS-local package/runtime implementation,b-nnett/grok-bot-0.18-reconstructed@a9f633e09d49a85829b8236331b9e21f7e612634:source/packages/agent/utils/token-estimate.ts,source/packages/agent/utils/token-estimate.rs,Rust,direct-equivalent,implemented,source/packages/agent/utils/token-estimate.rs,,Direct Rust equivalent preserves JavaScript String.length UTF-16 code-unit counting and Math.round semantics; compiled by the shipping mobile Host graph with Unicode/rounding contract tests. Non-final until a ported production consumer provides call-path evidence.
source/packages/analytics-client/buffer.ts,iOS-local package/runtime implementation,b-nnett/grok-bot-0.18-reconstructed@a9f633e09d49a85829b8236331b9e21f7e612634:source/packages/analytics-client/buffer.ts,source/packages/analytics-client/buffer.rs,Rust,direct-equivalent,mapped,,,
source/packages/analytics-client/deferred-buffer.ts,iOS-local package/runtime implementation,b-nnett/grok-bot-0.18-reconstructed@a9f633e09d49a85829b8236331b9e21f7e612634:source/packages/analytics-client/deferred-buffer.ts,source/packages/analytics-client/deferred-buffer.rs,Rust,direct-equivalent,implemented,cargo test -p mahayana-app-host-mobile --lib (package_analytics_client_deferred_buffer::tests),,The pinned deferred analytics buffer is a platform-neutral in-memory event queue with a no-op flush; iOS-owned Rust preserves track/get/clear ordering and optional properties/timestamp without inventing transport behavior.
source/packages/analytics-client/to-event-data.ts,iOS-local package/runtime implementation,b-nnett/grok-bot-0.18-reconstructed@a9f633e09d49a85829b8236331b9e21f7e612634:source/packages/analytics-client/to-event-data.ts,source/packages/analytics-client/to-event-data.rs,Rust,direct-equivalent,mapped,,,
source/packages/chat-inference-proto/client.ts,iOS-local package/runtime implementation,b-nnett/grok-bot-0.18-reconstructed@a9f633e09d49a85829b8236331b9e21f7e612634:source/packages/chat-inference-proto/client.ts,source/packages/chat-inference-proto/client.rs,Rust,direct-equivalent,mapped,,,
source/packages/chat-inference-proto/converters.ts,iOS-local package/runtime implementation,b-nnett/grok-bot-0.18-reconstructed@a9f633e09d49a85829b8236331b9e21f7e612634:source/packages/chat-inference-proto/converters.ts,source/packages/chat-inference-proto/converters.rs,Rust,direct-equivalent,mapped,,,
source/packages/chat-inference-proto/cursorModelProviderOptions.ts,iOS-local package/runtime implementation,b-nnett/grok-bot-0.18-reconstructed@a9f633e09d49a85829b8236331b9e21f7e612634:source/packages/chat-inference-proto/cursorModelProviderOptions.ts,source/packages/chat-inference-proto/cursorModelProviderOptions.rs,Rust,direct-equivalent,mapped,,,
source/packages/chat-inference-proto/index.ts,iOS-local package/runtime implementation,b-nnett/grok-bot-0.18-reconstructed@a9f633e09d49a85829b8236331b9e21f7e612634:source/packages/chat-inference-proto/index.ts,source/packages/chat-inference-proto/index.rs,Rust,direct-equivalent,not-applicable,scripts/check-grok-ios-architecture.py,,Reviewed not-applicable: the pinned file is a pure TypeScript re-export barrel with no runtime behavior; iOS/Rust uses concrete generated inference contracts and adapters directly.
source/packages/chat-inference/base.ts,iOS-local package/runtime implementation,b-nnett/grok-bot-0.18-reconstructed@a9f633e09d49a85829b8236331b9e21f7e612634:source/packages/chat-inference/base.ts,source/packages/chat-inference/base.rs,Rust,direct-equivalent,mapped,,,
source/packages/chat-inference/index.ts,iOS-local package/runtime implementation,b-nnett/grok-bot-0.18-reconstructed@a9f633e09d49a85829b8236331b9e21f7e612634:source/packages/chat-inference/index.ts,source/packages/chat-inference/index.rs,Rust,direct-equivalent,mapped,,,
source/packages/chat-inference/middleware/continuation-injector-middleware.ts,iOS-local package/runtime implementation,b-nnett/grok-bot-0.18-reconstructed@a9f633e09d49a85829b8236331b9e21f7e612634:source/packages/chat-inference/middleware/continuation-injector-middleware.ts,source/packages/chat-inference/middleware/continuation-injector-middleware.rs,Rust,direct-equivalent,mapped,,,
source/packages/chat-inference/middleware/effort-level-middleware.ts,iOS-local package/runtime implementation,b-nnett/grok-bot-0.18-reconstructed@a9f633e09d49a85829b8236331b9e21f7e612634:source/packages/chat-inference/middleware/effort-level-middleware.ts,source/packages/chat-inference/middleware/effort-level-middleware.rs,Rust,direct-equivalent,mapped,,,
source/packages/chat-inference/middleware/image-resizing-middleware.ts,iOS-local package/runtime implementation,b-nnett/grok-bot-0.18-reconstructed@a9f633e09d49a85829b8236331b9e21f7e612634:source/packages/chat-inference/middleware/image-resizing-middleware.ts,source/packages/chat-inference/middleware/image-resizing-middleware.rs,Rust,direct-equivalent,mapped,,,
source/packages/chat-inference/middleware/noop-middleware.ts,iOS-local package/runtime implementation,b-nnett/grok-bot-0.18-reconstructed@a9f633e09d49a85829b8236331b9e21f7e612634:source/packages/chat-inference/middleware/noop-middleware.ts,source/packages/chat-inference/middleware/noop-middleware.rs,Rust,direct-equivalent,mapped,,,
source/packages/chat-inference/middleware/tracing-middleware.ts,iOS-local package/runtime implementation,b-nnett/grok-bot-0.18-reconstructed@a9f633e09d49a85829b8236331b9e21f7e612634:source/packages/chat-inference/middleware/tracing-middleware.ts,source/packages/chat-inference/middleware/tracing-middleware.rs,Rust,direct-equivalent,mapped,,,
source/packages/chat-inference/middleware/trailing-empty-assistant-removal-middleware.ts,iOS-local package/runtime implementation,b-nnett/grok-bot-0.18-reconstructed@a9f633e09d49a85829b8236331b9e21f7e612634:source/packages/chat-inference/middleware/trailing-empty-assistant-removal-middleware.ts,source/packages/chat-inference/middleware/trailing-empty-assistant-removal-middleware.rs,Rust,direct-equivalent,mapped,,,
source/packages/chat-inference/mock-prompt-executor.ts,iOS-local package/runtime implementation,b-nnett/grok-bot-0.18-reconstructed@a9f633e09d49a85829b8236331b9e21f7e612634:source/packages/chat-inference/mock-prompt-executor.ts,source/packages/chat-inference/mock-prompt-executor.rs,Rust,direct-equivalent,mapped,,,
source/packages/chat-inference/prompt-executor.ts,iOS-local package/runtime implementation,b-nnett/grok-bot-0.18-reconstructed@a9f633e09d49a85829b8236331b9e21f7e612634:source/packages/chat-inference/prompt-executor.ts,source/packages/chat-inference/prompt-executor.rs,Rust,direct-equivalent,mapped,,,
source/packages/chat-inference/token-limit-error-classification.ts,iOS-local package/runtime implementation,b-nnett/grok-bot-0.18-reconstructed@a9f633e09d49a85829b8236331b9e21f7e612634:source/packages/chat-inference/token-limit-error-classification.ts,source/packages/chat-inference/token-limit-error-classification.rs,Rust,direct-equivalent,mapped,,,
source/packages/constants/agent-store-ids.ts,iOS-local package/runtime implementation,b-nnett/grok-bot-0.18-reconstructed@a9f633e09d49a85829b8236331b9e21f7e612634:source/packages/constants/agent-store-ids.ts,source/packages/constants/agent-store-ids.rs,Rust,direct-equivalent,implemented,cargo test -p mahayana-app-host-mobile --lib (package_constants_agent_store_ids::tests),,Rust preserves pinned UUID/store/share/cloud/source ID validation and JavaScript safe-integer bounds as an iOS-local contract.
source/packages/constants/ask-question.ts,iOS-local package/runtime implementation,b-nnett/grok-bot-0.18-reconstructed@a9f633e09d49a85829b8236331b9e21f7e612634:source/packages/constants/ask-question.ts,source/packages/constants/ask-question.rs,Rust,direct-equivalent,implemented,cargo test -p mahayana-app-host-mobile --lib (package_constants_ask_question::tests),,Pure iOS-local Rust contract preserves the pinned Grok constant/value semantics without introducing desktop process behavior.
source/packages/constants/auto-spillover-ui.ts,iOS-local package/runtime implementation,b-nnett/grok-bot-0.18-reconstructed@a9f633e09d49a85829b8236331b9e21f7e612634:source/packages/constants/auto-spillover-ui.ts,source/packages/constants/auto-spillover-ui.rs,Rust,direct-equivalent,implemented,cargo test -p mahayana-app-host-mobile --lib (package_constants_auto_spillover_ui::tests),,Pure iOS-local Rust contract preserves the pinned Grok constant/value semantics without introducing desktop process behavior.
source/packages/constants/cloud-agent.ts,iOS-local package/runtime implementation,b-nnett/grok-bot-0.18-reconstructed@a9f633e09d49a85829b8236331b9e21f7e612634:source/packages/constants/cloud-agent.ts,source/packages/constants/cloud-agent.rs,Rust,direct-equivalent,implemented,cargo test -p mahayana-app-host-mobile --lib (package_constants_cloud_agent::tests),,Cloud/Remote Runner path constants remain protocol data owned by the iOS repository; they do not imply a local iOS shell or daemon.
source/packages/constants/composer.ts,iOS-local package/runtime implementation,b-nnett/grok-bot-0.18-reconstructed@a9f633e09d49a85829b8236331b9e21f7e612634:source/packages/constants/composer.ts,source/packages/constants/composer.rs,Rust,direct-equivalent,implemented,cargo test -p mahayana-app-host-mobile --lib (package_constants_composer::tests),,Pure iOS-local Rust contract preserves the pinned Grok constant/value semantics without introducing desktop process behavior.
source/packages/constants/environment-setup.ts,iOS-local package/runtime implementation,b-nnett/grok-bot-0.18-reconstructed@a9f633e09d49a85829b8236331b9e21f7e612634:source/packages/constants/environment-setup.ts,source/packages/constants/environment-setup.rs,Rust,direct-equivalent,implemented,cargo test -p mahayana-app-host-mobile --lib (package_constants_environment_setup::tests),,Pure iOS-local Rust contract preserves the pinned Grok constant/value semantics without introducing desktop process behavior.
source/packages/constants/git-diff.ts,iOS-local package/runtime implementation,b-nnett/grok-bot-0.18-reconstructed@a9f633e09d49a85829b8236331b9e21f7e612634:source/packages/constants/git-diff.ts,source/packages/constants/git-diff.rs,Rust,direct-equivalent,implemented,cargo test -p mahayana-app-host-mobile --lib (package_constants_git_diff::tests),,Pure iOS-local Rust contract preserves the pinned Grok constant/value semantics without introducing desktop process behavior.
source/packages/constants/mcp.ts,iOS-local package/runtime implementation,b-nnett/grok-bot-0.18-reconstructed@a9f633e09d49a85829b8236331b9e21f7e612634:source/packages/constants/mcp.ts,source/packages/constants/mcp.rs,Rust,direct-equivalent,implemented,cargo test -p mahayana-app-host-mobile --lib (package_constants_mcp::tests),,iOS owns the pinned Google Workspace MCP OAuth policy and compatibility return constants; actual iOS browser callback/signing remains native and does not use the desktop callback as a transport.
source/packages/constants/permissions.ts,iOS-local package/runtime implementation,b-nnett/grok-bot-0.18-reconstructed@a9f633e09d49a85829b8236331b9e21f7e612634:source/packages/constants/permissions.ts,source/packages/constants/permissions.rs,Rust,direct-equivalent,implemented,cargo test -p mahayana-app-host-mobile --lib (package_constants_permissions::tests),,Pure iOS-local Rust contract preserves the pinned Grok constant/value semantics without introducing desktop process behavior.
source/packages/constants/project-conversation.ts,iOS-local package/runtime implementation,b-nnett/grok-bot-0.18-reconstructed@a9f633e09d49a85829b8236331b9e21f7e612634:source/packages/constants/project-conversation.ts,source/packages/constants/project-conversation.rs,Rust,direct-equivalent,implemented,cargo test -p mahayana-app-host-mobile --lib (package_constants_project_conversation::tests),,Rust models JavaScript undefined-presence checks explicitly with typed presence flags while preserving root-project semantics.
source/packages/constants/project-send-message.ts,iOS-local package/runtime implementation,b-nnett/grok-bot-0.18-reconstructed@a9f633e09d49a85829b8236331b9e21f7e612634:source/packages/constants/project-send-message.ts,source/packages/constants/project-send-message.rs,Rust,direct-equivalent,implemented,cargo test -p mahayana-app-host-mobile --lib (package_constants_project_send_message::tests),,Pure iOS-local Rust contract preserves the pinned Grok constant/value semantics without introducing desktop process behavior.
source/packages/constants/repo-label.ts,iOS-local package/runtime implementation,b-nnett/grok-bot-0.18-reconstructed@a9f633e09d49a85829b8236331b9e21f7e612634:source/packages/constants/repo-label.ts,source/packages/constants/repo-label.rs,Rust,direct-equivalent,implemented,cargo test -p mahayana-app-host-mobile --lib (package_constants_repo_label::tests),,"Rust URL parsing preserves known-host, origin-host, SCP rewrite and self-hosted label behavior using the iOS-owned url crate."
source/packages/constants/sand-box-archive.ts,iOS-local package/runtime implementation,b-nnett/grok-bot-0.18-reconstructed@a9f633e09d49a85829b8236331b9e21f7e612634:source/packages/constants/sand-box-archive.ts,source/packages/constants/sand-box-archive.rs,Rust,direct-equivalent,implemented,cargo test -p mahayana-app-host-mobile --lib (package_constants_sand_box_archive::tests),,Archive exclusion and workspace-ignore patterns are Remote Runner transfer policy data; iOS does not emulate the remote box filesystem locally.
source/packages/constants/sand-box.ts,iOS-local package/runtime implementation,b-nnett/grok-bot-0.18-reconstructed@a9f633e09d49a85829b8236331b9e21f7e612634:source/packages/constants/sand-box.ts,source/packages/constants/sand-box.rs,Rust,direct-equivalent,implemented,cargo test -p mahayana-app-host-mobile --lib (package_constants_sand_box::tests),,Remote Runner NoVNC URL/port/tag policy is preserved as iOS-owned protocol data; iOS does not host a local desktop VNC server.
source/packages/constants/sand-supervisor.ts,iOS-local package/runtime implementation,b-nnett/grok-bot-0.18-reconstructed@a9f633e09d49a85829b8236331b9e21f7e612634:source/packages/constants/sand-supervisor.ts,source/packages/constants/sand-supervisor.rs,Rust,direct-equivalent,implemented,cargo test -p mahayana-app-host-mobile --lib (package_constants_sand_supervisor::tests),,Remote Runner supervisor paths and command wire semantics are preserved for remote execution/upgrade orchestration; iOS does not create or manage a local sand-supervisor daemon.
source/packages/constants/smart-mode-classifier.ts,iOS-local package/runtime implementation,b-nnett/grok-bot-0.18-reconstructed@a9f633e09d49a85829b8236331b9e21f7e612634:source/packages/constants/smart-mode-classifier.ts,source/packages/constants/smart-mode-classifier.rs,Rust,direct-equivalent,implemented,cargo test -p mahayana-app-host-mobile --lib (package_constants_smart_mode_classifier::tests),,Pure iOS-local Rust contract preserves the pinned Grok constant/value semantics without introducing desktop process behavior.
source/packages/constants/structured-log.ts,iOS-local package/runtime implementation,b-nnett/grok-bot-0.18-reconstructed@a9f633e09d49a85829b8236331b9e21f7e612634:source/packages/constants/structured-log.ts,source/packages/constants/structured-log.rs,Rust,direct-equivalent,implemented,cargo test -p mahayana-app-host-mobile --lib (package_constants_structured_log::tests),,Pure iOS-local Rust contract preserves the pinned Grok constant/value semantics without introducing desktop process behavior.
source/packages/constants/system-notification.ts,iOS-local package/runtime implementation,b-nnett/grok-bot-0.18-reconstructed@a9f633e09d49a85829b8236331b9e21f7e612634:source/packages/constants/system-notification.ts,source/packages/constants/system-notification.rs,Rust,direct-equivalent,implemented,cargo test -p mahayana-app-host-mobile --lib (package_constants_system_notification::tests),,Pure iOS-local Rust contract preserves the pinned Grok constant/value semantics without introducing desktop process behavior.
source/packages/context-rpc/index.ts,iOS-local package/runtime implementation,b-nnett/grok-bot-0.18-reconstructed@a9f633e09d49a85829b8236331b9e21f7e612634:source/packages/context-rpc/index.ts,source/packages/context-rpc/index.rs,Rust,direct-equivalent,mapped,,,
source/packages/context/abort-reason.ts,iOS-local package/runtime implementation,b-nnett/grok-bot-0.18-reconstructed@a9f633e09d49a85829b8236331b9e21f7e612634:source/packages/context/abort-reason.ts,source/packages/context/abort-reason.swift,Swift,ios-adapted,implemented,mobile/ios/FabushiTests/PackageContextMetricsParityTests.swift,,Swift projects Error/string/nil/primitive abort reasons into the same bounded diagnostic categories.
source/packages/context/browser-bridge.ts,iOS-local package/runtime implementation,b-nnett/grok-bot-0.18-reconstructed@a9f633e09d49a85829b8236331b9e21f7e612634:source/packages/context/browser-bridge.ts,source/packages/context/browser-bridge.rs,Rust,direct-equivalent,implemented,cargo test -p mahayana-app-host-mobile --lib package_context_browser_bridge::tests,,Pinned Grok browser-bridge is an intentionally empty initializer; the iOS-owned Rust counterpart preserves that absence of runtime behavior and is compiled by the shipping mobile Host graph.
source/packages/context/core.ts,iOS-local package/runtime implementation,b-nnett/grok-bot-0.18-reconstructed@a9f633e09d49a85829b8236331b9e21f7e612634:source/packages/context/core.ts,source/packages/context/core.swift,Swift,ios-adapted,implemented,mobile/ios/FabushiTests/PackageContextMetricsParityTests.swift,,Swift typed key/context tree preserves value inheritance cancellation timeout/deadline naming detachment parent and path semantics without JavaScript AbortSignal.
source/packages/context/index.ts,iOS-local package/runtime implementation,b-nnett/grok-bot-0.18-reconstructed@a9f633e09d49a85829b8236331b9e21f7e612634:source/packages/context/index.ts,source/packages/context/index.rs,Rust,direct-equivalent,not-applicable,scripts/check-grok-ios-architecture.py,,"Reviewed not-applicable: the pinned file is a pure TypeScript re-export barrel with no runtime logic, state, or side effects; Rust compiles the concrete context modules directly."
source/packages/context/logger.ts,iOS-local package/runtime implementation,b-nnett/grok-bot-0.18-reconstructed@a9f633e09d49a85829b8236331b9e21f7e612634:source/packages/context/logger.ts,source/packages/context/logger.swift,Swift,ios-adapted,implemented,mobile/ios/FabushiTests/PackageContextObservabilityParityTests.swift,,Typed Context injects the logging backend; native logger preserves level/path/error/structured metadata and middleware attribute precedence while the default backend uses the iOS unified console instead of ANSI terminal rendering.
source/packages/context/otel.ts,iOS-local package/runtime implementation,b-nnett/grok-bot-0.18-reconstructed@a9f633e09d49a85829b8236331b9e21f7e612634:source/packages/context/otel.ts,source/packages/context/otel.swift,Swift,ios-adapted,implemented,mobile/ios/FabushiTests/PackageContextObservabilityParityTests.swift,,Typed Context preserves parent/remote span propagation child suppression inheritable attributes completed-span and event semantics through an injectable tracer backend; iOS does not introduce a second network exporter.
source/packages/cursor-config/auth/index.ts,iOS-local package/runtime implementation,b-nnett/grok-bot-0.18-reconstructed@a9f633e09d49a85829b8236331b9e21f7e612634:source/packages/cursor-config/auth/index.ts,source/packages/cursor-config/auth/index.rs,Rust,direct-equivalent,mapped,,,
source/packages/cursor-config/auth/login.ts,iOS-local package/runtime implementation,b-nnett/grok-bot-0.18-reconstructed@a9f633e09d49a85829b8236331b9e21f7e612634:source/packages/cursor-config/auth/login.ts,source/packages/cursor-config/auth/login.rs,Rust,direct-equivalent,mapped,,,
source/packages/cursor-config/auth/mdm-sign-in-policy.ts,iOS-local package/runtime implementation,b-nnett/grok-bot-0.18-reconstructed@a9f633e09d49a85829b8236331b9e21f7e612634:source/packages/cursor-config/auth/mdm-sign-in-policy.ts,source/packages/cursor-config/auth/mdm-sign-in-policy.rs,Rust,direct-equivalent,mapped,,,
source/packages/cursor-config/auth/proxy-fetch.ts,iOS-local package/runtime implementation,b-nnett/grok-bot-0.18-reconstructed@a9f633e09d49a85829b8236331b9e21f7e612634:source/packages/cursor-config/auth/proxy-fetch.ts,source/packages/cursor-config/auth/proxy-fetch.rs,Rust,direct-equivalent,mapped,,,
source/packages/cursor-config/auth/token-refresh-policy.ts,iOS-local package/runtime implementation,b-nnett/grok-bot-0.18-reconstructed@a9f633e09d49a85829b8236331b9e21f7e612634:source/packages/cursor-config/auth/token-refresh-policy.ts,source/packages/cursor-config/auth/token-refresh-policy.rs,Rust,direct-equivalent,not-applicable,,,"Reviewed pinned Grok reference is intentionally empty and declares no runtime behavior, state, exports, or side effects. There is therefore no iOS capability or production call path to implement; token refresh behavior must be evidenced by its actual owning auth modules, not fabricated in this empty boundary."
source/packages/cursor-config/paths.ts,iOS-local package/runtime implementation,b-nnett/grok-bot-0.18-reconstructed@a9f633e09d49a85829b8236331b9e21f7e612634:source/packages/cursor-config/paths.ts,source/packages/cursor-config/paths.rs,Rust,direct-equivalent,mapped,,,
source/packages/cursor-config/permissions-file-provider.ts,iOS-local package/runtime implementation,b-nnett/grok-bot-0.18-reconstructed@a9f633e09d49a85829b8236331b9e21f7e612634:source/packages/cursor-config/permissions-file-provider.ts,source/packages/cursor-config/permissions-file-provider.rs,Rust,direct-equivalent,mapped,,,
source/packages/cursor-config/project-permissions-file-provider.ts,iOS-local package/runtime implementation,b-nnett/grok-bot-0.18-reconstructed@a9f633e09d49a85829b8236331b9e21f7e612634:source/packages/cursor-config/project-permissions-file-provider.ts,source/packages/cursor-config/project-permissions-file-provider.rs,Rust,direct-equivalent,mapped,,,
source/packages/cursor-config/request.ts,iOS-local package/runtime implementation,b-nnett/grok-bot-0.18-reconstructed@a9f633e09d49a85829b8236331b9e21f7e612634:source/packages/cursor-config/request.ts,source/packages/cursor-config/request.rs,Rust,direct-equivalent,mapped,,,
source/packages/cursor-plugins/backend-marketplace-client.ts,iOS-local package/runtime implementation,b-nnett/grok-bot-0.18-reconstructed@a9f633e09d49a85829b8236331b9e21f7e612634:source/packages/cursor-plugins/backend-marketplace-client.ts,source/packages/cursor-plugins/backend-marketplace-client.rs,Rust,direct-equivalent,mapped,,,
source/packages/cursor-plugins/capabilities.ts,iOS-local package/runtime implementation,b-nnett/grok-bot-0.18-reconstructed@a9f633e09d49a85829b8236331b9e21f7e612634:source/packages/cursor-plugins/capabilities.ts,source/packages/cursor-plugins/capabilities.rs,Rust,direct-equivalent,implemented,cargo test -p mahayana-app-host-mobile --lib (package_cursor_plugins_capabilities::tests),,"Platform-neutral pinned Grok package behavior is implemented in iOS-owned Rust, compiled by the shipping mobile Host graph, and covered by a focused contract test. This remains non-final until its owning production consumer supplies real call-path evidence."
source/packages/cursor-plugins/cloud-manifest.ts,iOS-local package/runtime implementation,b-nnett/grok-bot-0.18-reconstructed@a9f633e09d49a85829b8236331b9e21f7e612634:source/packages/cursor-plugins/cloud-manifest.ts,source/packages/cursor-plugins/cloud-manifest.rs,Rust,direct-equivalent,implemented,cargo test -p mahayana-app-host-mobile --lib package_cursor_plugins_cloud_manifest::tests,,Release plugin source resolution preserves nullish release-tag fallback plus truthy repo/asset/tag requirements in iOS-owned Rust and is compiled/tested by the shipping Host.
source/packages/cursor-plugins/component-discovery.ts,iOS-local package/runtime implementation,b-nnett/grok-bot-0.18-reconstructed@a9f633e09d49a85829b8236331b9e21f7e612634:source/packages/cursor-plugins/component-discovery.ts,source/packages/cursor-plugins/component-discovery.rs,Rust,direct-equivalent,mapped,,,
source/packages/cursor-plugins/cursor-marketplace.ts,iOS-local package/runtime implementation,b-nnett/grok-bot-0.18-reconstructed@a9f633e09d49a85829b8236331b9e21f7e612634:source/packages/cursor-plugins/cursor-marketplace.ts,source/packages/cursor-plugins/cursor-marketplace.rs,Rust,direct-equivalent,mapped,,,
source/packages/cursor-plugins/env-expansion.ts,iOS-local package/runtime implementation,b-nnett/grok-bot-0.18-reconstructed@a9f633e09d49a85829b8236331b9e21f7e612634:source/packages/cursor-plugins/env-expansion.ts,source/packages/cursor-plugins/env-expansion.rs,Rust,direct-equivalent,mapped,,,
source/packages/cursor-plugins/environment-filter.ts,iOS-local package/runtime implementation,b-nnett/grok-bot-0.18-reconstructed@a9f633e09d49a85829b8236331b9e21f7e612634:source/packages/cursor-plugins/environment-filter.ts,source/packages/cursor-plugins/environment-filter.rs,Rust,direct-equivalent,implemented,cargo test -p mahayana-app-host-mobile --lib package_cursor_plugins_environment_filter::tests,,"Environment allow/deny filtering is implemented as a platform-neutral iOS-owned Rust contract with disabled-environment precedence, compiled by the shipping mobile Host graph and covered by focused tests."
source/packages/cursor-plugins/git-remote-ref-resolve.ts,iOS-local package/runtime implementation,b-nnett/grok-bot-0.18-reconstructed@a9f633e09d49a85829b8236331b9e21f7e612634:source/packages/cursor-plugins/git-remote-ref-resolve.ts,source/packages/cursor-plugins/git-remote-ref-resolve.rs,Rust,direct-equivalent,mapped,,,
source/packages/cursor-plugins/git-sparse-clone.ts,iOS-local package/runtime implementation,b-nnett/grok-bot-0.18-reconstructed@a9f633e09d49a85829b8236331b9e21f7e612634:source/packages/cursor-plugins/git-sparse-clone.ts,source/packages/cursor-plugins/git-sparse-clone.rs,Rust,direct-equivalent,mapped,,,
source/packages/cursor-plugins/git-subprocess-env.ts,iOS-local package/runtime implementation,b-nnett/grok-bot-0.18-reconstructed@a9f633e09d49a85829b8236331b9e21f7e612634:source/packages/cursor-plugins/git-subprocess-env.ts,source/packages/cursor-plugins/git-subprocess-env.rs,Rust,direct-equivalent,mapped,,,
source/packages/cursor-plugins/git-url-parsing.ts,iOS-local package/runtime implementation,b-nnett/grok-bot-0.18-reconstructed@a9f633e09d49a85829b8236331b9e21f7e612634:source/packages/cursor-plugins/git-url-parsing.ts,source/packages/cursor-plugins/git-url-parsing.rs,Rust,direct-equivalent,mapped,,,
source/packages/cursor-plugins/identifiers.ts,iOS-local package/runtime implementation,b-nnett/grok-bot-0.18-reconstructed@a9f633e09d49a85829b8236331b9e21f7e612634:source/packages/cursor-plugins/identifiers.ts,source/packages/cursor-plugins/identifiers.rs,Rust,direct-equivalent,implemented,cargo test -p mahayana-app-host-mobile --lib package_cursor_plugins_identifiers::tests,,A Rust discriminated enum preserves the Grok plugin identifier contract so only Cursor catalog variants expose pluginDbId; the module is compiled by the shipping mobile Host.
source/packages/cursor-plugins/inline-plugin-synthesizer.ts,iOS-local package/runtime implementation,b-nnett/grok-bot-0.18-reconstructed@a9f633e09d49a85829b8236331b9e21f7e612634:source/packages/cursor-plugins/inline-plugin-synthesizer.ts,source/packages/cursor-plugins/inline-plugin-synthesizer.rs,Rust,direct-equivalent,mapped,,,
source/packages/cursor-plugins/loader.ts,iOS-local package/runtime implementation,b-nnett/grok-bot-0.18-reconstructed@a9f633e09d49a85829b8236331b9e21f7e612634:source/packages/cursor-plugins/loader.ts,source/packages/cursor-plugins/loader.rs,Rust,direct-equivalent,mapped,,,
source/packages/cursor-plugins/manifest-parser.ts,iOS-local package/runtime implementation,b-nnett/grok-bot-0.18-reconstructed@a9f633e09d49a85829b8236331b9e21f7e612634:source/packages/cursor-plugins/manifest-parser.ts,source/packages/cursor-plugins/manifest-parser.rs,Rust,direct-equivalent,mapped,,,
source/packages/cursor-plugins/marketplace-cache.ts,iOS-local package/runtime implementation,b-nnett/grok-bot-0.18-reconstructed@a9f633e09d49a85829b8236331b9e21f7e612634:source/packages/cursor-plugins/marketplace-cache.ts,source/packages/cursor-plugins/marketplace-cache.rs,Rust,direct-equivalent,mapped,,,
source/packages/cursor-plugins/mcp-parser.ts,iOS-local package/runtime implementation,b-nnett/grok-bot-0.18-reconstructed@a9f633e09d49a85829b8236331b9e21f7e612634:source/packages/cursor-plugins/mcp-parser.ts,source/packages/cursor-plugins/mcp-parser.rs,Rust,direct-equivalent,mapped,,,
source/packages/cursor-plugins/mcp-placeholder-variables.ts,iOS-local package/runtime implementation,b-nnett/grok-bot-0.18-reconstructed@a9f633e09d49a85829b8236331b9e21f7e612634:source/packages/cursor-plugins/mcp-placeholder-variables.ts,source/packages/cursor-plugins/mcp-placeholder-variables.rs,Rust,direct-equivalent,mapped,,,
source/packages/cursor-plugins/origin-git-auth.ts,iOS-local package/runtime implementation,b-nnett/grok-bot-0.18-reconstructed@a9f633e09d49a85829b8236331b9e21f7e612634:source/packages/cursor-plugins/origin-git-auth.ts,source/packages/cursor-plugins/origin-git-auth.rs,Rust,direct-equivalent,mapped,,,
source/packages/cursor-plugins/plugin-variables.ts,iOS-local package/runtime implementation,b-nnett/grok-bot-0.18-reconstructed@a9f633e09d49a85829b8236331b9e21f7e612634:source/packages/cursor-plugins/plugin-variables.ts,source/packages/cursor-plugins/plugin-variables.rs,Rust,direct-equivalent,implemented,cargo test -p mahayana-app-host-mobile --lib (package_cursor_plugins_plugin_variables::tests),,"Platform-neutral pinned Grok package behavior is implemented in iOS-owned Rust, compiled by the shipping mobile Host graph, and covered by a focused contract test. This remains non-final until its owning production consumer supplies real call-path evidence."
source/packages/cursor-plugins/schema-version.ts,iOS-local package/runtime implementation,b-nnett/grok-bot-0.18-reconstructed@a9f633e09d49a85829b8236331b9e21f7e612634:source/packages/cursor-plugins/schema-version.ts,source/packages/cursor-plugins/schema-version.rs,Rust,direct-equivalent,implemented,cargo test -p mahayana-app-host-mobile --lib package_cursor_plugins_schema_version::tests,,"Plugin schema-ID/version classification is implemented in iOS-owned Rust using serde_json and URL path parsing, compiled by the shipping mobile Host graph and covered by focused parity tests; final verification requires a production consumer and exact-HEAD acceptance."
source/packages/cursor-plugins/secret-variable-names.ts,iOS-local package/runtime implementation,b-nnett/grok-bot-0.18-reconstructed@a9f633e09d49a85829b8236331b9e21f7e612634:source/packages/cursor-plugins/secret-variable-names.ts,source/packages/cursor-plugins/secret-variable-names.rs,Rust,direct-equivalent,implemented,cargo test -p mahayana-app-host-mobile --lib package_cursor_plugins_secret_variable_names::tests,,ASCII camel-case acronym and separator segmentation mirrors the pinned Grok secret-name policy before exact secret-word matching; the helper is compiled by the shipping mobile Host and avoids substring over-redaction.
source/packages/cursor-plugins/skill-plugin-restore.ts,iOS-local package/runtime implementation,b-nnett/grok-bot-0.18-reconstructed@a9f633e09d49a85829b8236331b9e21f7e612634:source/packages/cursor-plugins/skill-plugin-restore.ts,source/packages/cursor-plugins/skill-plugin-restore.rs,Rust,direct-equivalent,mapped,,,
source/packages/cursor-plugins/skill-plugin-synthesizer.ts,iOS-local package/runtime implementation,b-nnett/grok-bot-0.18-reconstructed@a9f633e09d49a85829b8236331b9e21f7e612634:source/packages/cursor-plugins/skill-plugin-synthesizer.ts,source/packages/cursor-plugins/skill-plugin-synthesizer.rs,Rust,direct-equivalent,mapped,,,
source/packages/cursor-plugins/snapshot-state.ts,iOS-local package/runtime implementation,b-nnett/grok-bot-0.18-reconstructed@a9f633e09d49a85829b8236331b9e21f7e612634:source/packages/cursor-plugins/snapshot-state.ts,source/packages/cursor-plugins/snapshot-state.rs,Rust,direct-equivalent,implemented,source/packages/cursor-plugins/snapshot-state.rs,,Direct Rust equivalent preserves the pinned Grok constant value and is compiled by the shipping mobile Host graph with a contract test. Non-final until its owning production consumer is ported and wired.
source/packages/cursor-plugins/tarball.ts,iOS-local package/runtime implementation,b-nnett/grok-bot-0.18-reconstructed@a9f633e09d49a85829b8236331b9e21f7e612634:source/packages/cursor-plugins/tarball.ts,source/packages/cursor-plugins/tarball.rs,Rust,direct-equivalent,mapped,,,
source/packages/cursor-plugins/types.ts,iOS-local package/runtime implementation,b-nnett/grok-bot-0.18-reconstructed@a9f633e09d49a85829b8236331b9e21f7e612634:source/packages/cursor-plugins/types.ts,source/packages/cursor-plugins/types.rs,Rust,direct-equivalent,mapped,,,
source/packages/cursor-plugins/validate-subpath.ts,iOS-local package/runtime implementation,b-nnett/grok-bot-0.18-reconstructed@a9f633e09d49a85829b8236331b9e21f7e612634:source/packages/cursor-plugins/validate-subpath.ts,source/packages/cursor-plugins/validate-subpath.rs,Rust,direct-equivalent,implemented,cargo test -p mahayana-app-host-mobile --lib package_cursor_plugins_validate_subpath::tests,,"Node path.resolve/relative traversal rejection is adapted to iOS/POSIX lexical Path semantics in iOS-owned Rust, preserving descendant-only resolution without filesystem existence requirements; shipping graph and focused tests are wired."
source/packages/git-core/diagnostics.ts,iOS-local package/runtime implementation,b-nnett/grok-bot-0.18-reconstructed@a9f633e09d49a85829b8236331b9e21f7e612634:source/packages/git-core/diagnostics.ts,source/packages/git-core/diagnostics.rs,Rust,direct-equivalent,implemented,cargo test -p mahayana-app-host-mobile --lib (package_git_core_diagnostics::tests),,"Pure Git error annotation is platform-neutral; Rust preserves duplicate suppression, finite exit-code handling, optional redacted stderr and the 2048-character cap."
source/packages/git-core/git-exec.ts,iOS-local package/runtime implementation,b-nnett/grok-bot-0.18-reconstructed@a9f633e09d49a85829b8236331b9e21f7e612634:source/packages/git-core/git-exec.ts,source/packages/git-core/git-exec.rs,Rust,direct-equivalent,mapped,,,
source/packages/git-core/process-env.ts,iOS-local package/runtime implementation,b-nnett/grok-bot-0.18-reconstructed@a9f633e09d49a85829b8236331b9e21f7e612634:source/packages/git-core/process-env.ts,source/packages/git-core/process-env.rs,Rust,direct-equivalent,implemented,cargo test -p mahayana-app-host-mobile --lib (package_git_core_process_env::tests),,"iOS-owned Rust preserves pinned Git environment merge order, locale/pager defaults, VSCODE_GIT_COMMAND behavior and protected Git config overrides. /dev/null is the iOS null-device equivalent; this is execution policy data and does not create a forbidden local git process."
source/packages/git-core/redaction.ts,iOS-local package/runtime implementation,b-nnett/grok-bot-0.18-reconstructed@a9f633e09d49a85829b8236331b9e21f7e612634:source/packages/git-core/redaction.ts,source/packages/git-core/redaction.rs,Rust,direct-equivalent,implemented,cargo test -p mahayana-app-host-mobile --lib (package_git_core_redaction::tests),,Pure Git diagnostic URL redaction is platform-neutral; Rust removes HTTP(S) userinfo/query/fragment while preserving trailing wrappers without invoking git or a local process.
source/packages/hooks-carriers/collect.ts,iOS-local package/runtime implementation,b-nnett/grok-bot-0.18-reconstructed@a9f633e09d49a85829b8236331b9e21f7e612634:source/packages/hooks-carriers/collect.ts,source/packages/hooks-carriers/collect.rs,Rust,direct-equivalent,implemented,cargo test -p mahayana-app-host-mobile --lib (package_hooks_carriers_collect::tests),,"Platform-neutral pinned Grok package behavior is implemented in iOS-owned Rust, compiled by the shipping mobile Host graph, and covered by a focused contract test. This remains non-final until its owning production consumer supplies real call-path evidence."
source/packages/hooks-carriers/errors.ts,iOS-local package/runtime implementation,b-nnett/grok-bot-0.18-reconstructed@a9f633e09d49a85829b8236331b9e21f7e612634:source/packages/hooks-carriers/errors.ts,source/packages/hooks-carriers/errors.rs,Rust,direct-equivalent,implemented,source/packages/hooks-carriers/errors.rs;.github/workflows/ios-grok-architecture.yml,,Rust preserves the recovered error fields and exact diagnostic message; the shipping mobile Host crate compiles and tests the module.
source/packages/hooks-carriers/factories.ts,iOS-local package/runtime implementation,b-nnett/grok-bot-0.18-reconstructed@a9f633e09d49a85829b8236331b9e21f7e612634:source/packages/hooks-carriers/factories.ts,source/packages/hooks-carriers/factories.rs,Rust,direct-equivalent,mapped,,,
source/packages/hooks-carriers/hook-additional-context-render.ts,iOS-local package/runtime implementation,b-nnett/grok-bot-0.18-reconstructed@a9f633e09d49a85829b8236331b9e21f7e612634:source/packages/hooks-carriers/hook-additional-context-render.ts,source/packages/hooks-carriers/hook-additional-context-render.rs,Rust,direct-equivalent,implemented,cargo test -p mahayana-app-host-mobile --lib package_hooks_carriers_hook_additional_context_render::tests,,"Hook additional-context rendering is wired to the existing iOS-owned reminder sanitizer and size limit, uses JavaScript-equivalent UTF-16 length for oversize decisions, and is compiled/tested in the shipping Host graph."
source/packages/hooks-carriers/index.ts,iOS-local package/runtime implementation,b-nnett/grok-bot-0.18-reconstructed@a9f633e09d49a85829b8236331b9e21f7e612634:source/packages/hooks-carriers/index.ts,source/packages/hooks-carriers/index.rs,Rust,direct-equivalent,not-applicable,scripts/check-grok-ios-architecture.py,,"Reviewed not-applicable: the pinned file is a pure TypeScript re-export barrel with no runtime logic, state, or side effects; Rust compiles the concrete hook-carrier modules directly."
source/packages/hooks-carriers/limits.ts,iOS-local package/runtime implementation,b-nnett/grok-bot-0.18-reconstructed@a9f633e09d49a85829b8236331b9e21f7e612634:source/packages/hooks-carriers/limits.ts,source/packages/hooks-carriers/limits.rs,Rust,direct-equivalent,implemented,source/packages/hooks-carriers/limits.rs,,Direct Rust equivalent preserves the pinned Grok constant value and is compiled by the shipping mobile Host graph with a contract test. Non-final until its owning production consumer is ported and wired.
source/packages/hooks-carriers/render.ts,iOS-local package/runtime implementation,b-nnett/grok-bot-0.18-reconstructed@a9f633e09d49a85829b8236331b9e21f7e612634:source/packages/hooks-carriers/render.ts,source/packages/hooks-carriers/render.rs,Rust,direct-equivalent,mapped,,,
source/packages/hooks-carriers/spec.ts,iOS-local package/runtime implementation,b-nnett/grok-bot-0.18-reconstructed@a9f633e09d49a85829b8236331b9e21f7e612634:source/packages/hooks-carriers/spec.ts,source/packages/hooks-carriers/spec.rs,Rust,direct-equivalent,mapped,,,
source/packages/hooks-exec/hook-error-handling.ts,iOS-local package/runtime implementation,b-nnett/grok-bot-0.18-reconstructed@a9f633e09d49a85829b8236331b9e21f7e612634:source/packages/hooks-exec/hook-error-handling.ts,source/packages/hooks-exec/hook-error-handling.rs,Rust,direct-equivalent,implemented,cargo test -p mahayana-app-host-mobile --lib,,iOS-owned Rust preserves denial and fail-closed error identity message construction settings guidance and the no-workaround agent note; the shipping mobile Host crate compiles this package and exercises its behavior.
source/packages/hooks/claude-code-mapper.ts,iOS-local package/runtime implementation,b-nnett/grok-bot-0.18-reconstructed@a9f633e09d49a85829b8236331b9e21f7e612634:source/packages/hooks/claude-code-mapper.ts,source/packages/hooks/claude-code-mapper.rs,Rust,direct-equivalent,mapped,,,
source/packages/hooks/claude-code-types.ts,iOS-local package/runtime implementation,b-nnett/grok-bot-0.18-reconstructed@a9f633e09d49a85829b8236331b9e21f7e612634:source/packages/hooks/claude-code-types.ts,source/packages/hooks/claude-code-types.rs,Rust,direct-equivalent,mapped,,,
source/packages/hooks/hook-step.ts,iOS-local package/runtime implementation,b-nnett/grok-bot-0.18-reconstructed@a9f633e09d49a85829b8236331b9e21f7e612634:source/packages/hooks/hook-step.ts,source/packages/hooks/hook-step.rs,Rust,direct-equivalent,implemented,cargo test -p mahayana-app-host-mobile --lib package_hooks_hook_step::tests,,"Pinned HookStep enumeration is platform-neutral policy; iOS-owned Rust preserves the exact 21-step reference set, is compiled into the shipping mobile Host crate, and has a focused contract test without adding process behavior."
source/packages/hooks/sanitize-system-reminder.ts,iOS-local package/runtime implementation,b-nnett/grok-bot-0.18-reconstructed@a9f633e09d49a85829b8236331b9e21f7e612634:source/packages/hooks/sanitize-system-reminder.ts,source/packages/hooks/sanitize-system-reminder.rs,Rust,direct-equivalent,implemented,cargo test -p mahayana-app-host-mobile --lib package_hooks_sanitize_system_reminder::tests,,System-reminder tag neutralization is platform-neutral text policy; iOS-owned Rust preserves the case-insensitive open/close tag rewrite without introducing hook execution or shell behavior.
source/packages/hooks/types.ts,iOS-local package/runtime implementation,b-nnett/grok-bot-0.18-reconstructed@a9f633e09d49a85829b8236331b9e21f7e612634:source/packages/hooks/types.ts,source/packages/hooks/types.rs,Rust,direct-equivalent,mapped,,,
source/packages/hooks/validators/afterAgentResponseResponse.ts,iOS-local package/runtime implementation,b-nnett/grok-bot-0.18-reconstructed@a9f633e09d49a85829b8236331b9e21f7e612634:source/packages/hooks/validators/afterAgentResponseResponse.ts,source/packages/hooks/validators/afterAgentResponseResponse.rs,Rust,direct-equivalent,implemented,cargo test -p mahayana-app-host-mobile --lib package_hooks_validators_after_agent_response_response::tests,,Pinned module is a named alias of validateBaseHookResponse; the iOS-owned Rust counterpart delegates to the shared base validator so the alias contract stays behaviorally identical without duplicating hook execution logic.
source/packages/hooks/validators/afterAgentThoughtResponse.ts,iOS-local package/runtime implementation,b-nnett/grok-bot-0.18-reconstructed@a9f633e09d49a85829b8236331b9e21f7e612634:source/packages/hooks/validators/afterAgentThoughtResponse.ts,source/packages/hooks/validators/afterAgentThoughtResponse.rs,Rust,direct-equivalent,implemented,cargo test -p mahayana-app-host-mobile --lib package_hooks_validators_after_agent_thought_response::tests,,Pinned module is a named alias of validateBaseHookResponse; the iOS-owned Rust counterpart delegates to the shared base validator so the alias contract stays behaviorally identical without duplicating hook execution logic.
source/packages/hooks/validators/afterEditFileResponse.ts,iOS-local package/runtime implementation,b-nnett/grok-bot-0.18-reconstructed@a9f633e09d49a85829b8236331b9e21f7e612634:source/packages/hooks/validators/afterEditFileResponse.ts,source/packages/hooks/validators/afterEditFileResponse.rs,Rust,direct-equivalent,implemented,cargo test -p mahayana-app-host-mobile --lib package_hooks_validators_after_edit_file_response::tests,,Pinned module is a named alias of validateBaseHookResponse; the iOS-owned Rust counterpart delegates to the shared base validator so the alias contract stays behaviorally identical without duplicating hook execution logic.
source/packages/hooks/validators/afterMCPExecutionResponse.ts,iOS-local package/runtime implementation,b-nnett/grok-bot-0.18-reconstructed@a9f633e09d49a85829b8236331b9e21f7e612634:source/packages/hooks/validators/afterMCPExecutionResponse.ts,source/packages/hooks/validators/afterMCPExecutionResponse.rs,Rust,direct-equivalent,implemented,cargo test -p mahayana-app-host-mobile --lib package_hooks_validators_after_m_c_p_execution_response::tests,,Pinned module is a named alias of validateBaseHookResponse; the iOS-owned Rust counterpart delegates to the shared base validator so the alias contract stays behaviorally identical without duplicating hook execution logic.
source/packages/hooks/validators/afterShellExecutionResponse.ts,iOS-local package/runtime implementation,b-nnett/grok-bot-0.18-reconstructed@a9f633e09d49a85829b8236331b9e21f7e612634:source/packages/hooks/validators/afterShellExecutionResponse.ts,source/packages/hooks/validators/afterShellExecutionResponse.rs,Rust,direct-equivalent,implemented,cargo test -p mahayana-app-host-mobile --lib package_hooks_validators_after_shell_execution_response::tests,,Pinned module is a named alias of validateBaseHookResponse; the iOS-owned Rust counterpart delegates to the shared base validator so the alias contract stays behaviorally identical without duplicating hook execution logic.
source/packages/hooks/validators/afterTabFileEditResponse.ts,iOS-local package/runtime implementation,b-nnett/grok-bot-0.18-reconstructed@a9f633e09d49a85829b8236331b9e21f7e612634:source/packages/hooks/validators/afterTabFileEditResponse.ts,source/packages/hooks/validators/afterTabFileEditResponse.rs,Rust,direct-equivalent,implemented,cargo test -p mahayana-app-host-mobile --lib package_hooks_validators_after_tab_file_edit_response::tests,,Pinned module is a named alias of validateBaseHookResponse; the iOS-owned Rust counterpart delegates to the shared base validator so the alias contract stays behaviorally identical without duplicating hook execution logic.
source/packages/hooks/validators/base.ts,iOS-local package/runtime implementation,b-nnett/grok-bot-0.18-reconstructed@a9f633e09d49a85829b8236331b9e21f7e612634:source/packages/hooks/validators/base.ts,source/packages/hooks/validators/base.rs,Rust,direct-equivalent,implemented,cargo test -p mahayana-app-host-mobile --lib package_hooks_validators_base::tests,,Platform-neutral hook-response JSON validation primitives are independently implemented in iOS-owned Rust; object/string checks and optional-string diagnostics preserve the pinned behavioral contract without executing hooks or shell commands.
source/packages/hooks/validators/baseHookResponse.ts,iOS-local package/runtime implementation,b-nnett/grok-bot-0.18-reconstructed@a9f633e09d49a85829b8236331b9e21f7e612634:source/packages/hooks/validators/baseHookResponse.ts,source/packages/hooks/validators/baseHookResponse.rs,Rust,direct-equivalent,implemented,cargo test -p mahayana-app-host-mobile --lib package_hooks_validators_base_hook_response::tests,,Platform-neutral base hook-response validation is implemented over serde_json::Value and depends only on the iOS-owned validator base; it preserves object-only acceptance and diagnostic text without hook execution.
source/packages/hooks/validators/beforeCommandExecutionHookResponse.ts,iOS-local package/runtime implementation,b-nnett/grok-bot-0.18-reconstructed@a9f633e09d49a85829b8236331b9e21f7e612634:source/packages/hooks/validators/beforeCommandExecutionHookResponse.ts,source/packages/hooks/validators/beforeCommandExecutionHookResponse.rs,Rust,direct-equivalent,implemented,cargo test -p mahayana-app-host-mobile --lib package_hooks_validators_before_command_execution_hook_response::tests,,"Platform-neutral hook response validation is independently implemented in iOS-owned Rust on top of the shared object validator; it preserves the pinned field/permission constraints without invoking hooks, shell commands, Host, or Runner."
source/packages/hooks/validators/beforePromptSubmitResponse.ts,iOS-local package/runtime implementation,b-nnett/grok-bot-0.18-reconstructed@a9f633e09d49a85829b8236331b9e21f7e612634:source/packages/hooks/validators/beforePromptSubmitResponse.ts,source/packages/hooks/validators/beforePromptSubmitResponse.rs,Rust,direct-equivalent,implemented,cargo test -p mahayana-app-host-mobile --lib package_hooks_validators_before_prompt_submit_response::tests,,"Platform-neutral hook response validation is independently implemented in iOS-owned Rust on top of the shared object validator; it preserves the pinned field/permission constraints without invoking hooks, shell commands, Host, or Runner."
source/packages/hooks/validators/beforeReadFileResponse.ts,iOS-local package/runtime implementation,b-nnett/grok-bot-0.18-reconstructed@a9f633e09d49a85829b8236331b9e21f7e612634:source/packages/hooks/validators/beforeReadFileResponse.ts,source/packages/hooks/validators/beforeReadFileResponse.rs,Rust,direct-equivalent,implemented,cargo test -p mahayana-app-host-mobile --lib package_hooks_validators_before_read_file_response::tests,,"Platform-neutral hook response validation is independently implemented in iOS-owned Rust on top of the shared object validator; it preserves the pinned field/permission constraints without invoking hooks, shell commands, Host, or Runner."
source/packages/hooks/validators/beforeTabFileReadResponse.ts,iOS-local package/runtime implementation,b-nnett/grok-bot-0.18-reconstructed@a9f633e09d49a85829b8236331b9e21f7e612634:source/packages/hooks/validators/beforeTabFileReadResponse.ts,source/packages/hooks/validators/beforeTabFileReadResponse.rs,Rust,direct-equivalent,implemented,cargo test -p mahayana-app-host-mobile --lib package_hooks_validators_before_tab_file_read_response::tests,,"Platform-neutral hook response validation is independently implemented in iOS-owned Rust on top of the shared object validator; it preserves the pinned field/permission constraints without invoking hooks, shell commands, Host, or Runner."
source/packages/hooks/validators/hooksConfig.ts,iOS-local package/runtime implementation,b-nnett/grok-bot-0.18-reconstructed@a9f633e09d49a85829b8236331b9e21f7e612634:source/packages/hooks/validators/hooksConfig.ts,source/packages/hooks/validators/hooksConfig.rs,Rust,direct-equivalent,mapped,,,
source/packages/hooks/validators/postToolUseFailureResponse.ts,iOS-local package/runtime implementation,b-nnett/grok-bot-0.18-reconstructed@a9f633e09d49a85829b8236331b9e21f7e612634:source/packages/hooks/validators/postToolUseFailureResponse.ts,source/packages/hooks/validators/postToolUseFailureResponse.rs,Rust,direct-equivalent,implemented,cargo test -p mahayana-app-host-mobile --lib package_hooks_validators_post_tool_use_failure_response::tests,,Post-tool-use failure response validation is platform-neutral JSON policy; iOS-owned Rust composes the shared base hook validator with the optional additional_context string rule and does not execute tools or shell commands.
source/packages/hooks/validators/postToolUseResponse.ts,iOS-local package/runtime implementation,b-nnett/grok-bot-0.18-reconstructed@a9f633e09d49a85829b8236331b9e21f7e612634:source/packages/hooks/validators/postToolUseResponse.ts,source/packages/hooks/validators/postToolUseResponse.rs,Rust,direct-equivalent,implemented,cargo test -p mahayana-app-host-mobile --lib package_hooks_validators_post_tool_use_response::tests,,Pinned module aliases the post-tool-use failure validator; iOS-owned Rust delegates to that shared implementation so the public validation contract is preserved without duplicating tool execution logic.
source/packages/hooks/validators/preCompactResponse.ts,iOS-local package/runtime implementation,b-nnett/grok-bot-0.18-reconstructed@a9f633e09d49a85829b8236331b9e21f7e612634:source/packages/hooks/validators/preCompactResponse.ts,source/packages/hooks/validators/preCompactResponse.rs,Rust,direct-equivalent,implemented,cargo test -p mahayana-app-host-mobile --lib package_hooks_validators_pre_compact_response::tests,,"Platform-neutral hook response validation is independently implemented in iOS-owned Rust on top of the shared object validator; it preserves the pinned field/permission constraints without invoking hooks, shell commands, Host, or Runner."
source/packages/hooks/validators/preToolUseResponse.ts,iOS-local package/runtime implementation,b-nnett/grok-bot-0.18-reconstructed@a9f633e09d49a85829b8236331b9e21f7e612634:source/packages/hooks/validators/preToolUseResponse.ts,source/packages/hooks/validators/preToolUseResponse.rs,Rust,direct-equivalent,implemented,cargo test -p mahayana-app-host-mobile --lib package_hooks_validators_pre_tool_use_response::tests,,"Platform-neutral pre-tool-use response validation is independently implemented in iOS-owned Rust, compiled by the shipping mobile Host graph, and preserves permission/message/updated_input/additional_context constraints without executing tools, Host, or Runner behavior."
source/packages/hooks/validators/sessionEndResponse.ts,iOS-local package/runtime implementation,b-nnett/grok-bot-0.18-reconstructed@a9f633e09d49a85829b8236331b9e21f7e612634:source/packages/hooks/validators/sessionEndResponse.ts,source/packages/hooks/validators/sessionEndResponse.rs,Rust,direct-equivalent,implemented,cargo test -p mahayana-app-host-mobile --lib package_hooks_validators_session_end_response::tests,,Pinned module is a named alias of validateBaseHookResponse; the iOS-owned Rust counterpart delegates to the shared base validator so the alias contract stays behaviorally identical without duplicating hook execution logic.
source/packages/hooks/validators/sessionStartResponse.ts,iOS-local package/runtime implementation,b-nnett/grok-bot-0.18-reconstructed@a9f633e09d49a85829b8236331b9e21f7e612634:source/packages/hooks/validators/sessionStartResponse.ts,source/packages/hooks/validators/sessionStartResponse.rs,Rust,direct-equivalent,implemented,cargo test -p mahayana-app-host-mobile --lib package_hooks_validators_session_start_response::tests,,"Platform-neutral hook response validation is independently implemented in iOS-owned Rust on top of the shared object validator; it preserves the pinned field/permission constraints without invoking hooks, shell commands, Host, or Runner."
source/packages/hooks/validators/stopResponse.ts,iOS-local package/runtime implementation,b-nnett/grok-bot-0.18-reconstructed@a9f633e09d49a85829b8236331b9e21f7e612634:source/packages/hooks/validators/stopResponse.ts,source/packages/hooks/validators/stopResponse.rs,Rust,direct-equivalent,implemented,cargo test -p mahayana-app-host-mobile --lib package_hooks_validators_stop_response::tests,,Stop-response validation is platform-neutral JSON policy; iOS-owned Rust composes the shared base object validator with the optional followup_message string rule and introduces no process or runner behavior.
source/packages/hooks/validators/subagentStartResponse.ts,iOS-local package/runtime implementation,b-nnett/grok-bot-0.18-reconstructed@a9f633e09d49a85829b8236331b9e21f7e612634:source/packages/hooks/validators/subagentStartResponse.ts,source/packages/hooks/validators/subagentStartResponse.rs,Rust,direct-equivalent,implemented,cargo test -p mahayana-app-host-mobile --lib package_hooks_validators_subagent_start_response::tests,,"Platform-neutral hook response validation is independently implemented in iOS-owned Rust on top of the shared object validator; it preserves the pinned field/permission constraints without invoking hooks, shell commands, Host, or Runner."
source/packages/hooks/validators/subagentStopResponse.ts,iOS-local package/runtime implementation,b-nnett/grok-bot-0.18-reconstructed@a9f633e09d49a85829b8236331b9e21f7e612634:source/packages/hooks/validators/subagentStopResponse.ts,source/packages/hooks/validators/subagentStopResponse.rs,Rust,direct-equivalent,implemented,cargo test -p mahayana-app-host-mobile --lib package_hooks_validators_subagent_stop_response::tests,,Pinned subagent-stop validator aliases validateStopResponse; iOS-owned Rust delegates to the shared stop validator so behavior remains identical without inventing subagent execution semantics.
source/packages/hooks/validators/workspaceOpenResponse.ts,iOS-local package/runtime implementation,b-nnett/grok-bot-0.18-reconstructed@a9f633e09d49a85829b8236331b9e21f7e612634:source/packages/hooks/validators/workspaceOpenResponse.ts,source/packages/hooks/validators/workspaceOpenResponse.rs,Rust,direct-equivalent,implemented,cargo test -p mahayana-app-host-mobile --lib package_hooks_validators_workspace_open_response::tests,,"Platform-neutral hook response validation is independently implemented in iOS-owned Rust on top of the shared object validator; it preserves the pinned field/permission constraints without invoking hooks, shell commands, Host, or Runner."
source/packages/local-exec/agent-data-cleanup.ts,iOS-local package/runtime implementation,b-nnett/grok-bot-0.18-reconstructed@a9f633e09d49a85829b8236331b9e21f7e612634:source/packages/local-exec/agent-data-cleanup.ts,source/packages/local-exec/agent-data-cleanup.rs,Rust,direct-equivalent,implemented,cargo test -p mahayana-app-host-mobile --lib (package_local_exec_agent_data_cleanup::tests),,"Platform-neutral pinned Grok package behavior is implemented in iOS-owned Rust, compiled by the shipping mobile Host graph, and covered by a focused contract test. This remains non-final until its owning production consumer supplies real call-path evidence."
source/packages/local-exec/background-shell-lifecycle.ts,iOS-local package/runtime implementation,b-nnett/grok-bot-0.18-reconstructed@a9f633e09d49a85829b8236331b9e21f7e612634:source/packages/local-exec/background-shell-lifecycle.ts,source/packages/local-exec/background-shell-lifecycle.rs,Rust,direct-equivalent,mapped,,,
source/packages/local-exec/background-shell-observability.ts,iOS-local package/runtime implementation,b-nnett/grok-bot-0.18-reconstructed@a9f633e09d49a85829b8236331b9e21f7e612634:source/packages/local-exec/background-shell-observability.ts,source/packages/local-exec/background-shell-observability.rs,Rust,direct-equivalent,mapped,,,
source/packages/local-exec/background-shell.ts,iOS-local package/runtime implementation,b-nnett/grok-bot-0.18-reconstructed@a9f633e09d49a85829b8236331b9e21f7e612634:source/packages/local-exec/background-shell.ts,source/packages/local-exec/background-shell.rs,Rust,direct-equivalent,mapped,,,
source/packages/local-exec/computer-use/display.ts,iOS-local package/runtime implementation,b-nnett/grok-bot-0.18-reconstructed@a9f633e09d49a85829b8236331b9e21f7e612634:source/packages/local-exec/computer-use/display.ts,source/packages/local-exec/computer-use/display.rs,Rust,direct-equivalent,mapped,,,
source/packages/local-exec/computer-use/scaling.ts,iOS-local package/runtime implementation,b-nnett/grok-bot-0.18-reconstructed@a9f633e09d49a85829b8236331b9e21f7e612634:source/packages/local-exec/computer-use/scaling.ts,source/packages/local-exec/computer-use/scaling.rs,Rust,direct-equivalent,mapped,,,
source/packages/local-exec/computer-use/shell.ts,iOS-local package/runtime implementation,b-nnett/grok-bot-0.18-reconstructed@a9f633e09d49a85829b8236331b9e21f7e612634:source/packages/local-exec/computer-use/shell.ts,source/packages/local-exec/computer-use/shell.rs,Rust,direct-equivalent,mapped,,,
source/packages/local-exec/constants.ts,iOS-local package/runtime implementation,b-nnett/grok-bot-0.18-reconstructed@a9f633e09d49a85829b8236331b9e21f7e612634:source/packages/local-exec/constants.ts,source/packages/local-exec/constants.rs,Rust,direct-equivalent,implemented,source/packages/local-exec/constants.rs,,Direct Rust equivalent preserves the pinned Grok constant value and is compiled by the shipping mobile Host graph with a contract test. Non-final until its owning production consumer is ported and wired.
source/packages/local-exec/forced-egress.ts,iOS-local package/runtime implementation,b-nnett/grok-bot-0.18-reconstructed@a9f633e09d49a85829b8236331b9e21f7e612634:source/packages/local-exec/forced-egress.ts,source/packages/local-exec/forced-egress.rs,Rust,direct-equivalent,mapped,,,
source/packages/local-exec/git-repo-identity.ts,iOS-local package/runtime implementation,b-nnett/grok-bot-0.18-reconstructed@a9f633e09d49a85829b8236331b9e21f7e612634:source/packages/local-exec/git-repo-identity.ts,source/packages/local-exec/git-repo-identity.rs,Rust,direct-equivalent,mapped,,,
source/packages/local-exec/grep-output.ts,iOS-local package/runtime implementation,b-nnett/grok-bot-0.18-reconstructed@a9f633e09d49a85829b8236331b9e21f7e612634:source/packages/local-exec/grep-output.ts,source/packages/local-exec/grep-output.rs,Rust,direct-equivalent,mapped,,,
source/packages/local-exec/ignore-path.ts,iOS-local package/runtime implementation,b-nnett/grok-bot-0.18-reconstructed@a9f633e09d49a85829b8236331b9e21f7e612634:source/packages/local-exec/ignore-path.ts,source/packages/local-exec/ignore-path.rs,Rust,direct-equivalent,mapped,,,
source/packages/local-exec/ignore-rules.ts,iOS-local package/runtime implementation,b-nnett/grok-bot-0.18-reconstructed@a9f633e09d49a85829b8236331b9e21f7e612634:source/packages/local-exec/ignore-rules.ts,source/packages/local-exec/ignore-rules.rs,Rust,direct-equivalent,implemented,cargo test -p mahayana-app-host-mobile --lib (package_local_exec_ignore_rules::tests),,"Platform-neutral pinned Grok package behavior is implemented in iOS-owned Rust, compiled by the shipping mobile Host graph, and covered by a focused contract test. This remains non-final until its owning production consumer supplies real call-path evidence."
source/packages/local-exec/index.ts,iOS-local package/runtime implementation,b-nnett/grok-bot-0.18-reconstructed@a9f633e09d49a85829b8236331b9e21f7e612634:source/packages/local-exec/index.ts,source/packages/local-exec/index.rs,Rust,direct-equivalent,not-applicable,scripts/check-grok-ios-architecture.py,,Reviewed not-applicable: the pinned file is a pure TypeScript re-export barrel with no runtime logic or side effects; the iOS local-capability and Remote Runner graph compiles concrete modules directly.
source/packages/local-exec/int32.ts,iOS-local package/runtime implementation,b-nnett/grok-bot-0.18-reconstructed@a9f633e09d49a85829b8236331b9e21f7e612634:source/packages/local-exec/int32.ts,source/packages/local-exec/int32.rs,Rust,direct-equivalent,implemented,cargo test -p mahayana-app-host-mobile --lib package_local_exec_int32::tests,,"Int32 clamping/duration conversion is platform-neutral numeric policy; iOS-owned Rust preserves NaN handling, finite/nonnegative validation, truncation and signed-32-bit clamping without invoking local process execution."
source/packages/local-exec/internal-paths.ts,iOS-local package/runtime implementation,b-nnett/grok-bot-0.18-reconstructed@a9f633e09d49a85829b8236331b9e21f7e612634:source/packages/local-exec/internal-paths.ts,source/packages/local-exec/internal-paths.rs,Rust,direct-equivalent,mapped,,,
source/packages/local-exec/ls.ts,iOS-local package/runtime implementation,b-nnett/grok-bot-0.18-reconstructed@a9f633e09d49a85829b8236331b9e21f7e612634:source/packages/local-exec/ls.ts,source/packages/local-exec/ls.rs,Rust,direct-equivalent,mapped,,,
source/packages/local-exec/mcp-disk-catalog-read.ts,iOS-local package/runtime implementation,b-nnett/grok-bot-0.18-reconstructed@a9f633e09d49a85829b8236331b9e21f7e612634:source/packages/local-exec/mcp-disk-catalog-read.ts,source/packages/local-exec/mcp-disk-catalog-read.rs,Rust,direct-equivalent,mapped,,,
source/packages/local-exec/mcp-disk-freshness-on-access.ts,iOS-local package/runtime implementation,b-nnett/grok-bot-0.18-reconstructed@a9f633e09d49a85829b8236331b9e21f7e612634:source/packages/local-exec/mcp-disk-freshness-on-access.ts,source/packages/local-exec/mcp-disk-freshness-on-access.rs,Rust,direct-equivalent,mapped,,,
source/packages/local-exec/mcp-file-system-writer.ts,iOS-local package/runtime implementation,b-nnett/grok-bot-0.18-reconstructed@a9f633e09d49a85829b8236331b9e21f7e612634:source/packages/local-exec/mcp-file-system-writer.ts,source/packages/local-exec/mcp-file-system-writer.rs,Rust,direct-equivalent,mapped,,,
source/packages/local-exec/mcp-tool-annotations.ts,iOS-local package/runtime implementation,b-nnett/grok-bot-0.18-reconstructed@a9f633e09d49a85829b8236331b9e21f7e612634:source/packages/local-exec/mcp-tool-annotations.ts,source/packages/local-exec/mcp-tool-annotations.rs,Rust,direct-equivalent,implemented,source/packages/local-exec/mcp-tool-annotations.rs;.github/workflows/ios-grok-architecture.yml,,Rust preserves the 256-title bound and known MCP annotation boolean projection; unknown metadata is intentionally excluded from the bounded serialized field just as in the reference.
source/packages/local-exec/mcp.ts,iOS-local package/runtime implementation,b-nnett/grok-bot-0.18-reconstructed@a9f633e09d49a85829b8236331b9e21f7e612634:source/packages/local-exec/mcp.ts,source/packages/local-exec/mcp.rs,Rust,direct-equivalent,implemented,cargo test -p mahayana-app-host-mobile --lib package_local_exec_mcp::tests,,"MCP server-name sanitization is platform-neutral identifier policy only; iOS-owned Rust preserves whitespace replacement, allowlisted characters, dot normalization and empty fallback without implementing or bypassing the Coordinator/Host MCP transport."
source/packages/local-exec/pending-decision-provider.ts,iOS-local package/runtime implementation,b-nnett/grok-bot-0.18-reconstructed@a9f633e09d49a85829b8236331b9e21f7e612634:source/packages/local-exec/pending-decision-provider.ts,source/packages/local-exec/pending-decision-provider.rs,Rust,direct-equivalent,implemented,cargo test -p mahayana-app-host-mobile --lib (package_local_exec_pending_decision_provider::tests),,"Platform-neutral pinned Grok package behavior is implemented in iOS-owned Rust, compiled by the shipping mobile Host graph, and covered by a focused contract test. This remains non-final until its owning production consumer supplies real call-path evidence."
source/packages/local-exec/pi/truncate.ts,iOS-local package/runtime implementation,b-nnett/grok-bot-0.18-reconstructed@a9f633e09d49a85829b8236331b9e21f7e612634:source/packages/local-exec/pi/truncate.ts,source/packages/local-exec/pi/truncate.rs,Rust,direct-equivalent,implemented,source/packages/local-exec/pi/truncate.rs,,Direct Rust equivalent preserves the pinned Grok constant value and is compiled by the shipping mobile Host graph with a contract test. Non-final until its owning production consumer is ported and wired.
source/packages/local-exec/read.ts,iOS-local package/runtime implementation,b-nnett/grok-bot-0.18-reconstructed@a9f633e09d49a85829b8236331b9e21f7e612634:source/packages/local-exec/read.ts,source/packages/local-exec/read.rs,Rust,direct-equivalent,mapped,,,
source/packages/local-exec/record-screen-paths.ts,iOS-local package/runtime implementation,b-nnett/grok-bot-0.18-reconstructed@a9f633e09d49a85829b8236331b9e21f7e612634:source/packages/local-exec/record-screen-paths.ts,source/packages/local-exec/record-screen-paths.rs,Rust,direct-equivalent,mapped,,,
source/packages/local-exec/ripgrep-invocation-recorder.ts,iOS-local package/runtime implementation,b-nnett/grok-bot-0.18-reconstructed@a9f633e09d49a85829b8236331b9e21f7e612634:source/packages/local-exec/ripgrep-invocation-recorder.ts,source/packages/local-exec/ripgrep-invocation-recorder.rs,Rust,direct-equivalent,mapped,,,
source/packages/local-exec/sandbox-conversion.ts,iOS-local package/runtime implementation,b-nnett/grok-bot-0.18-reconstructed@a9f633e09d49a85829b8236331b9e21f7e612634:source/packages/local-exec/sandbox-conversion.ts,source/packages/local-exec/sandbox-conversion.rs,Rust,direct-equivalent,mapped,,,
source/packages/local-exec/services/admin-command-denylist.ts,iOS-local package/runtime implementation,b-nnett/grok-bot-0.18-reconstructed@a9f633e09d49a85829b8236331b9e21f7e612634:source/packages/local-exec/services/admin-command-denylist.ts,source/packages/local-exec/services/admin-command-denylist.rs,Rust,direct-equivalent,mapped,,,
source/packages/local-exec/services/cloud-rules-service.ts,iOS-local package/runtime implementation,b-nnett/grok-bot-0.18-reconstructed@a9f633e09d49a85829b8236331b9e21f7e612634:source/packages/local-exec/services/cloud-rules-service.ts,source/packages/local-exec/services/cloud-rules-service.rs,Rust,direct-equivalent,implemented,cargo test -p mahayana-app-host-mobile --lib (package_local_exec_cloud_rules_service::tests),,"Platform-neutral pinned Grok package behavior is implemented in iOS-owned Rust, compiled by the shipping mobile Host graph, and covered by a focused contract test. This remains non-final until its owning production consumer supplies real call-path evidence."
source/packages/local-exec/services/team-settings-service.ts,iOS-local package/runtime implementation,b-nnett/grok-bot-0.18-reconstructed@a9f633e09d49a85829b8236331b9e21f7e612634:source/packages/local-exec/services/team-settings-service.ts,source/packages/local-exec/services/team-settings-service.rs,Rust,direct-equivalent,implemented,cargo test -p mahayana-app-host-mobile --lib package_local_exec_services_team_settings_service::tests,,The retained platform-neutral cache/network constants are implemented in iOS-owned Rust and compiled by the shipping mobile Host graph; no desktop process semantics are introduced.
source/packages/local-exec/shell-core.ts,iOS-local package/runtime implementation,b-nnett/grok-bot-0.18-reconstructed@a9f633e09d49a85829b8236331b9e21f7e612634:source/packages/local-exec/shell-core.ts,source/packages/local-exec/shell-core.rs,Rust,direct-equivalent,mapped,,,
source/packages/local-exec/shell-stream.ts,iOS-local package/runtime implementation,b-nnett/grok-bot-0.18-reconstructed@a9f633e09d49a85829b8236331b9e21f7e612634:source/packages/local-exec/shell-stream.ts,source/packages/local-exec/shell-stream.rs,Rust,direct-equivalent,mapped,,,
source/packages/local-exec/shell-timeout.ts,iOS-local package/runtime implementation,b-nnett/grok-bot-0.18-reconstructed@a9f633e09d49a85829b8236331b9e21f7e612634:source/packages/local-exec/shell-timeout.ts,source/packages/local-exec/shell-timeout.rs,Rust,direct-equivalent,implemented,cargo test -p mahayana-app-host-mobile --lib package_local_exec_shell_timeout::tests,,Only Grok's timeout decision policy is migrated: explicit/background/hard-timeout behavior is contract-tested in iOS-owned Rust while no unsupported local shell/process is created.
source/packages/local-exec/team-repo-filters.ts,iOS-local package/runtime implementation,b-nnett/grok-bot-0.18-reconstructed@a9f633e09d49a85829b8236331b9e21f7e612634:source/packages/local-exec/team-repo-filters.ts,source/packages/local-exec/team-repo-filters.rs,Rust,direct-equivalent,implemented,cargo test -p mahayana-app-host-mobile --lib (package_local_exec_team_repo_filters::tests),,"Platform-neutral pinned Grok package behavior is implemented in iOS-owned Rust, compiled by the shipping mobile Host graph, and covered by a focused contract test. This remains non-final until its owning production consumer supplies real call-path evidence."
source/packages/local-exec/tests/common.ts,iOS-local package/runtime implementation,b-nnett/grok-bot-0.18-reconstructed@a9f633e09d49a85829b8236331b9e21f7e612634:source/packages/local-exec/tests/common.ts,source/packages/local-exec/tests/common.rs,Rust,direct-equivalent,mapped,,,
source/packages/local-exec/utils/edit-block-handler.ts,iOS-local package/runtime implementation,b-nnett/grok-bot-0.18-reconstructed@a9f633e09d49a85829b8236331b9e21f7e612634:source/packages/local-exec/utils/edit-block-handler.ts,source/packages/local-exec/utils/edit-block-handler.rs,Rust,direct-equivalent,mapped,,,
source/packages/mcp-agent-exec/mcp.ts,iOS-local package/runtime implementation,b-nnett/grok-bot-0.18-reconstructed@a9f633e09d49a85829b8236331b9e21f7e612634:source/packages/mcp-agent-exec/mcp.ts,source/packages/mcp-agent-exec/mcp.rs,Rust,direct-equivalent,implemented,cargo test -p mahayana-app-host-mobile --lib (package_mcp_agent_exec_mcp::tests),,Native Rust preserves the pinned MCP tool-not-found message plus toolName/availableTools payload. JavaScript cross-bundle structural error recognition is replaced by typed std::error::Error downcasting rather than stringly exception handling.
source/packages/mcp-core/config/mcp-focus-retry-cooldown.ts,iOS-local package/runtime implementation,b-nnett/grok-bot-0.18-reconstructed@a9f633e09d49a85829b8236331b9e21f7e612634:source/packages/mcp-core/config/mcp-focus-retry-cooldown.ts,source/packages/mcp-core/config/mcp-focus-retry-cooldown.rs,Rust,direct-equivalent,implemented,source/packages/mcp-core/config/mcp-focus-retry-cooldown.rs,,Direct Rust equivalent preserves the pinned Grok constant value and is compiled by the shipping mobile Host graph with a contract test. Non-final until its owning production consumer is ported and wired.
source/packages/mcp-core/config/mcp-fsm-timing-config.ts,iOS-local package/runtime implementation,b-nnett/grok-bot-0.18-reconstructed@a9f633e09d49a85829b8236331b9e21f7e612634:source/packages/mcp-core/config/mcp-fsm-timing-config.ts,source/packages/mcp-core/config/mcp-fsm-timing-config.rs,Rust,direct-equivalent,implemented,source/packages/mcp-core/config/mcp-fsm-timing-config.rs,,Direct Rust equivalent preserves the pinned Grok constant value and is compiled by the shipping mobile Host graph with a contract test. Non-final until its owning production consumer is ported and wired.
source/packages/mcp-core/config/mcp-inline-reconnect-cooldown.ts,iOS-local package/runtime implementation,b-nnett/grok-bot-0.18-reconstructed@a9f633e09d49a85829b8236331b9e21f7e612634:source/packages/mcp-core/config/mcp-inline-reconnect-cooldown.ts,source/packages/mcp-core/config/mcp-inline-reconnect-cooldown.rs,Rust,direct-equivalent,implemented,source/packages/mcp-core/config/mcp-inline-reconnect-cooldown.rs,,Direct Rust equivalent preserves the pinned Grok constant value and is compiled by the shipping mobile Host graph with a contract test. Non-final until its owning production consumer is ported and wired.
source/packages/mcp-core/config/mcp-tool-call-timeout.ts,iOS-local package/runtime implementation,b-nnett/grok-bot-0.18-reconstructed@a9f633e09d49a85829b8236331b9e21f7e612634:source/packages/mcp-core/config/mcp-tool-call-timeout.ts,source/packages/mcp-core/config/mcp-tool-call-timeout.rs,Rust,direct-equivalent,implemented,cargo test -p mahayana-app-host-mobile --lib (package_mcp_core_tool_call_timeout::tests),,"Platform-neutral pinned Grok package behavior is implemented in iOS-owned Rust, compiled by the shipping mobile Host graph, and covered by a focused contract test. This remains non-final until its owning production consumer supplies real call-path evidence."
source/packages/metrics/index.ts,iOS-local package/runtime implementation,b-nnett/grok-bot-0.18-reconstructed@a9f633e09d49a85829b8236331b9e21f7e612634:source/packages/metrics/index.ts,source/packages/metrics/index.swift,Swift,ios-adapted,implemented,mobile/ios/FabushiTests/PackageContextMetricsParityTests.swift,,Native metric handles and counter/gauge/histogram operations resolve their backend from the same typed package context instead of a global singleton.
source/packages/prompt-jsx/components.ts,iOS-local package/runtime implementation,b-nnett/grok-bot-0.18-reconstructed@a9f633e09d49a85829b8236331b9e21f7e612634:source/packages/prompt-jsx/components.ts,source/packages/prompt-jsx/prompt-runtime.swift,Swift,ios-adapted,implemented,mobile/ios/FabushiTests/PackagePromptJSXParityTests.swift,,Native helpers expose System/User/Assistant/Tool/Conversation responsibility over the shared prompt AST; JSX syntax itself is replaced by Swift constructors.
source/packages/prompt-jsx/jsx-runtime.ts,iOS-local package/runtime implementation,b-nnett/grok-bot-0.18-reconstructed@a9f633e09d49a85829b8236331b9e21f7e612634:source/packages/prompt-jsx/jsx-runtime.ts,source/packages/prompt-jsx/prompt-runtime.swift,Swift,ios-adapted,implemented,mobile/ios/FabushiTests/PackagePromptJSXParityTests.swift,,Swift prompt AST constructors preserve children precedence/filtering and fragment semantics without requiring a JavaScript JSX runtime.
source/packages/prompt-jsx/render.ts,iOS-local package/runtime implementation,b-nnett/grok-bot-0.18-reconstructed@a9f633e09d49a85829b8236331b9e21f7e612634:source/packages/prompt-jsx/render.ts,source/packages/prompt-jsx/prompt-runtime.swift,Swift,ios-adapted,implemented,mobile/ios/FabushiTests/PackagePromptJSXParityTests.swift,,Native renderer preserves role messages paragraph/heading/section/XML-like tag/list/pre/custom-component behavior and is exercised in FabushiTests.
source/packages/proto/generated/agent/v1/adopt_tool_pb.ts,iOS-local package/runtime implementation,b-nnett/grok-bot-0.18-reconstructed@a9f633e09d49a85829b8236331b9e21f7e612634:source/packages/proto/generated/agent/v1/adopt_tool_pb.ts,source/packages/proto/generated/agent/v1/adopt_tool_pb.swift,generated-Swift,direct-equivalent,mapped,,,
source/packages/proto/generated/agent/v1/agent_pb.ts,iOS-local package/runtime implementation,b-nnett/grok-bot-0.18-reconstructed@a9f633e09d49a85829b8236331b9e21f7e612634:source/packages/proto/generated/agent/v1/agent_pb.ts,source/packages/proto/generated/agent/v1/agent_pb.swift,generated-Swift,direct-equivalent,mapped,,,
source/packages/proto/generated/agent/v1/agent_service_connect.ts,iOS-local package/runtime implementation,b-nnett/grok-bot-0.18-reconstructed@a9f633e09d49a85829b8236331b9e21f7e612634:source/packages/proto/generated/agent/v1/agent_service_connect.ts,source/packages/proto/generated/agent/v1/agent_service_connect.rs,Rust,direct-equivalent,mapped,,,
source/packages/proto/generated/agent/v1/agent_service_pb.ts,iOS-local package/runtime implementation,b-nnett/grok-bot-0.18-reconstructed@a9f633e09d49a85829b8236331b9e21f7e612634:source/packages/proto/generated/agent/v1/agent_service_pb.ts,source/packages/proto/generated/agent/v1/agent_service_pb.swift,generated-Swift,direct-equivalent,mapped,,,
source/packages/proto/generated/agent/v1/agent_skills_pb.ts,iOS-local package/runtime implementation,b-nnett/grok-bot-0.18-reconstructed@a9f633e09d49a85829b8236331b9e21f7e612634:source/packages/proto/generated/agent/v1/agent_skills_pb.ts,source/packages/proto/generated/agent/v1/agent_skills_pb.swift,generated-Swift,direct-equivalent,mapped,,,
source/packages/proto/generated/agent/v1/agent_store_conflict_exec_pb.ts,iOS-local package/runtime implementation,b-nnett/grok-bot-0.18-reconstructed@a9f633e09d49a85829b8236331b9e21f7e612634:source/packages/proto/generated/agent/v1/agent_store_conflict_exec_pb.ts,source/packages/proto/generated/agent/v1/agent_store_conflict_exec_pb.swift,generated-Swift,direct-equivalent,mapped,,,
source/packages/proto/generated/agent/v1/ai_attribution_tool_pb.ts,iOS-local package/runtime implementation,b-nnett/grok-bot-0.18-reconstructed@a9f633e09d49a85829b8236331b9e21f7e612634:source/packages/proto/generated/agent/v1/ai_attribution_tool_pb.ts,source/packages/proto/generated/agent/v1/ai_attribution_tool_pb.swift,generated-Swift,direct-equivalent,mapped,,,
source/packages/proto/generated/agent/v1/apply_agent_diff_tool_pb.ts,iOS-local package/runtime implementation,b-nnett/grok-bot-0.18-reconstructed@a9f633e09d49a85829b8236331b9e21f7e612634:source/packages/proto/generated/agent/v1/apply_agent_diff_tool_pb.ts,source/packages/proto/generated/agent/v1/apply_agent_diff_tool_pb.swift,generated-Swift,direct-equivalent,mapped,,,
source/packages/proto/generated/agent/v1/ask_question_tool_pb.ts,iOS-local package/runtime implementation,b-nnett/grok-bot-0.18-reconstructed@a9f633e09d49a85829b8236331b9e21f7e612634:source/packages/proto/generated/agent/v1/ask_question_tool_pb.ts,source/packages/proto/generated/agent/v1/ask_question_tool_pb.swift,generated-Swift,direct-equivalent,mapped,,,
source/packages/proto/generated/agent/v1/await_tool_pb.ts,iOS-local package/runtime implementation,b-nnett/grok-bot-0.18-reconstructed@a9f633e09d49a85829b8236331b9e21f7e612634:source/packages/proto/generated/agent/v1/await_tool_pb.ts,source/packages/proto/generated/agent/v1/await_tool_pb.swift,generated-Swift,direct-equivalent,mapped,,,
source/packages/proto/generated/agent/v1/background_shell_exec_pb.ts,iOS-local package/runtime implementation,b-nnett/grok-bot-0.18-reconstructed@a9f633e09d49a85829b8236331b9e21f7e612634:source/packages/proto/generated/agent/v1/background_shell_exec_pb.ts,source/packages/proto/generated/agent/v1/background_shell_exec_pb.swift,generated-Swift,direct-equivalent,mapped,,,
source/packages/proto/generated/agent/v1/blame_by_file_path_tool_pb.ts,iOS-local package/runtime implementation,b-nnett/grok-bot-0.18-reconstructed@a9f633e09d49a85829b8236331b9e21f7e612634:source/packages/proto/generated/agent/v1/blame_by_file_path_tool_pb.ts,source/packages/proto/generated/agent/v1/blame_by_file_path_tool_pb.swift,generated-Swift,direct-equivalent,mapped,,,
source/packages/proto/generated/agent/v1/blob-reference-metadata.ts,iOS-local package/runtime implementation,b-nnett/grok-bot-0.18-reconstructed@a9f633e09d49a85829b8236331b9e21f7e612634:source/packages/proto/generated/agent/v1/blob-reference-metadata.ts,source/packages/proto/generated/agent/v1/blob-reference-metadata.rs,Rust,direct-equivalent,mapped,,,
source/packages/proto/generated/agent/v1/canvas_diagnostics_exec_pb.ts,iOS-local package/runtime implementation,b-nnett/grok-bot-0.18-reconstructed@a9f633e09d49a85829b8236331b9e21f7e612634:source/packages/proto/generated/agent/v1/canvas_diagnostics_exec_pb.ts,source/packages/proto/generated/agent/v1/canvas_diagnostics_exec_pb.swift,generated-Swift,direct-equivalent,mapped,,,
source/packages/proto/generated/agent/v1/communicate_update_tool_pb.ts,iOS-local package/runtime implementation,b-nnett/grok-bot-0.18-reconstructed@a9f633e09d49a85829b8236331b9e21f7e612634:source/packages/proto/generated/agent/v1/communicate_update_tool_pb.ts,source/packages/proto/generated/agent/v1/communicate_update_tool_pb.swift,generated-Swift,direct-equivalent,mapped,,,
source/packages/proto/generated/agent/v1/computer_use_tool_pb.ts,iOS-local package/runtime implementation,b-nnett/grok-bot-0.18-reconstructed@a9f633e09d49a85829b8236331b9e21f7e612634:source/packages/proto/generated/agent/v1/computer_use_tool_pb.ts,source/packages/proto/generated/agent/v1/computer_use_tool_pb.swift,generated-Swift,direct-equivalent,mapped,,,
source/packages/proto/generated/agent/v1/connect_scm_tool_pb.ts,iOS-local package/runtime implementation,b-nnett/grok-bot-0.18-reconstructed@a9f633e09d49a85829b8236331b9e21f7e612634:source/packages/proto/generated/agent/v1/connect_scm_tool_pb.ts,source/packages/proto/generated/agent/v1/connect_scm_tool_pb.swift,generated-Swift,direct-equivalent,mapped,,,
source/packages/proto/generated/agent/v1/control_service_connect.ts,iOS-local package/runtime implementation,b-nnett/grok-bot-0.18-reconstructed@a9f633e09d49a85829b8236331b9e21f7e612634:source/packages/proto/generated/agent/v1/control_service_connect.ts,source/packages/proto/generated/agent/v1/control_service_connect.rs,Rust,direct-equivalent,mapped,,,
source/packages/proto/generated/agent/v1/control_service_pb.ts,iOS-local package/runtime implementation,b-nnett/grok-bot-0.18-reconstructed@a9f633e09d49a85829b8236331b9e21f7e612634:source/packages/proto/generated/agent/v1/control_service_pb.ts,source/packages/proto/generated/agent/v1/control_service_pb.swift,generated-Swift,direct-equivalent,mapped,,,
source/packages/proto/generated/agent/v1/conversation_search_exec_pb.ts,iOS-local package/runtime implementation,b-nnett/grok-bot-0.18-reconstructed@a9f633e09d49a85829b8236331b9e21f7e612634:source/packages/proto/generated/agent/v1/conversation_search_exec_pb.ts,source/packages/proto/generated/agent/v1/conversation_search_exec_pb.swift,generated-Swift,direct-equivalent,mapped,,,
source/packages/proto/generated/agent/v1/coordinator_tools_pb.ts,iOS-local package/runtime implementation,b-nnett/grok-bot-0.18-reconstructed@a9f633e09d49a85829b8236331b9e21f7e612634:source/packages/proto/generated/agent/v1/coordinator_tools_pb.ts,source/packages/proto/generated/agent/v1/coordinator_tools_pb.swift,generated-Swift,direct-equivalent,mapped,,,
source/packages/proto/generated/agent/v1/create_plan_tool_pb.ts,iOS-local package/runtime implementation,b-nnett/grok-bot-0.18-reconstructed@a9f633e09d49a85829b8236331b9e21f7e612634:source/packages/proto/generated/agent/v1/create_plan_tool_pb.ts,source/packages/proto/generated/agent/v1/create_plan_tool_pb.swift,generated-Swift,direct-equivalent,mapped,,,
source/packages/proto/generated/agent/v1/cursor_packages_pb.ts,iOS-local package/runtime implementation,b-nnett/grok-bot-0.18-reconstructed@a9f633e09d49a85829b8236331b9e21f7e612634:source/packages/proto/generated/agent/v1/cursor_packages_pb.ts,source/packages/proto/generated/agent/v1/cursor_packages_pb.swift,generated-Swift,direct-equivalent,mapped,,,
source/packages/proto/generated/agent/v1/cursor_rules_pb.ts,iOS-local package/runtime implementation,b-nnett/grok-bot-0.18-reconstructed@a9f633e09d49a85829b8236331b9e21f7e612634:source/packages/proto/generated/agent/v1/cursor_rules_pb.ts,source/packages/proto/generated/agent/v1/cursor_rules_pb.swift,generated-Swift,direct-equivalent,mapped,,,
source/packages/proto/generated/agent/v1/delete_exec_pb.ts,iOS-local package/runtime implementation,b-nnett/grok-bot-0.18-reconstructed@a9f633e09d49a85829b8236331b9e21f7e612634:source/packages/proto/generated/agent/v1/delete_exec_pb.ts,source/packages/proto/generated/agent/v1/delete_exec_pb.swift,generated-Swift,direct-equivalent,mapped,,,
source/packages/proto/generated/agent/v1/delete_tool_pb.ts,iOS-local package/runtime implementation,b-nnett/grok-bot-0.18-reconstructed@a9f633e09d49a85829b8236331b9e21f7e612634:source/packages/proto/generated/agent/v1/delete_tool_pb.ts,source/packages/proto/generated/agent/v1/delete_tool_pb.swift,generated-Swift,direct-equivalent,mapped,,,
source/packages/proto/generated/agent/v1/diagnostics_exec_pb.ts,iOS-local package/runtime implementation,b-nnett/grok-bot-0.18-reconstructed@a9f633e09d49a85829b8236331b9e21f7e612634:source/packages/proto/generated/agent/v1/diagnostics_exec_pb.ts,source/packages/proto/generated/agent/v1/diagnostics_exec_pb.swift,generated-Swift,direct-equivalent,mapped,,,
source/packages/proto/generated/agent/v1/edit_pr_labels_tool_pb.ts,iOS-local package/runtime implementation,b-nnett/grok-bot-0.18-reconstructed@a9f633e09d49a85829b8236331b9e21f7e612634:source/packages/proto/generated/agent/v1/edit_pr_labels_tool_pb.ts,source/packages/proto/generated/agent/v1/edit_pr_labels_tool_pb.swift,generated-Swift,direct-equivalent,mapped,,,
source/packages/proto/generated/agent/v1/edit_tool_pb.ts,iOS-local package/runtime implementation,b-nnett/grok-bot-0.18-reconstructed@a9f633e09d49a85829b8236331b9e21f7e612634:source/packages/proto/generated/agent/v1/edit_tool_pb.ts,source/packages/proto/generated/agent/v1/edit_tool_pb.swift,generated-Swift,direct-equivalent,mapped,,,
source/packages/proto/generated/agent/v1/exec_pb.ts,iOS-local package/runtime implementation,b-nnett/grok-bot-0.18-reconstructed@a9f633e09d49a85829b8236331b9e21f7e612634:source/packages/proto/generated/agent/v1/exec_pb.ts,source/packages/proto/generated/agent/v1/exec_pb.swift,generated-Swift,direct-equivalent,mapped,,,
source/packages/proto/generated/agent/v1/exec_service_connect.ts,iOS-local package/runtime implementation,b-nnett/grok-bot-0.18-reconstructed@a9f633e09d49a85829b8236331b9e21f7e612634:source/packages/proto/generated/agent/v1/exec_service_connect.ts,source/packages/proto/generated/agent/v1/exec_service_connect.rs,Rust,direct-equivalent,mapped,,,
source/packages/proto/generated/agent/v1/exec_service_pb.ts,iOS-local package/runtime implementation,b-nnett/grok-bot-0.18-reconstructed@a9f633e09d49a85829b8236331b9e21f7e612634:source/packages/proto/generated/agent/v1/exec_service_pb.ts,source/packages/proto/generated/agent/v1/exec_service_pb.swift,generated-Swift,direct-equivalent,mapped,,,
source/packages/proto/generated/agent/v1/fetch_cloud_agent_data_tool_pb.ts,iOS-local package/runtime implementation,b-nnett/grok-bot-0.18-reconstructed@a9f633e09d49a85829b8236331b9e21f7e612634:source/packages/proto/generated/agent/v1/fetch_cloud_agent_data_tool_pb.ts,source/packages/proto/generated/agent/v1/fetch_cloud_agent_data_tool_pb.swift,generated-Swift,direct-equivalent,mapped,,,
source/packages/proto/generated/agent/v1/fetch_exec_pb.ts,iOS-local package/runtime implementation,b-nnett/grok-bot-0.18-reconstructed@a9f633e09d49a85829b8236331b9e21f7e612634:source/packages/proto/generated/agent/v1/fetch_exec_pb.ts,source/packages/proto/generated/agent/v1/fetch_exec_pb.swift,generated-Swift,direct-equivalent,mapped,,,
source/packages/proto/generated/agent/v1/fetch_tool_pb.ts,iOS-local package/runtime implementation,b-nnett/grok-bot-0.18-reconstructed@a9f633e09d49a85829b8236331b9e21f7e612634:source/packages/proto/generated/agent/v1/fetch_tool_pb.ts,source/packages/proto/generated/agent/v1/fetch_tool_pb.swift,generated-Swift,direct-equivalent,mapped,,,
source/packages/proto/generated/agent/v1/generate_image_tool_pb.ts,iOS-local package/runtime implementation,b-nnett/grok-bot-0.18-reconstructed@a9f633e09d49a85829b8236331b9e21f7e612634:source/packages/proto/generated/agent/v1/generate_image_tool_pb.ts,source/packages/proto/generated/agent/v1/generate_image_tool_pb.swift,generated-Swift,direct-equivalent,mapped,,,
source/packages/proto/generated/agent/v1/get_mcp_tools_tool_pb.ts,iOS-local package/runtime implementation,b-nnett/grok-bot-0.18-reconstructed@a9f633e09d49a85829b8236331b9e21f7e612634:source/packages/proto/generated/agent/v1/get_mcp_tools_tool_pb.ts,source/packages/proto/generated/agent/v1/get_mcp_tools_tool_pb.swift,generated-Swift,direct-equivalent,mapped,,,
source/packages/proto/generated/agent/v1/glob_tool_pb.ts,iOS-local package/runtime implementation,b-nnett/grok-bot-0.18-reconstructed@a9f633e09d49a85829b8236331b9e21f7e612634:source/packages/proto/generated/agent/v1/glob_tool_pb.ts,source/packages/proto/generated/agent/v1/glob_tool_pb.swift,generated-Swift,direct-equivalent,mapped,,,
source/packages/proto/generated/agent/v1/goal_tool_pb.ts,iOS-local package/runtime implementation,b-nnett/grok-bot-0.18-reconstructed@a9f633e09d49a85829b8236331b9e21f7e612634:source/packages/proto/generated/agent/v1/goal_tool_pb.ts,source/packages/proto/generated/agent/v1/goal_tool_pb.swift,generated-Swift,direct-equivalent,mapped,,,
source/packages/proto/generated/agent/v1/grep_exec_pb.ts,iOS-local package/runtime implementation,b-nnett/grok-bot-0.18-reconstructed@a9f633e09d49a85829b8236331b9e21f7e612634:source/packages/proto/generated/agent/v1/grep_exec_pb.ts,source/packages/proto/generated/agent/v1/grep_exec_pb.swift,generated-Swift,direct-equivalent,mapped,,,
source/packages/proto/generated/agent/v1/grep_tool_pb.ts,iOS-local package/runtime implementation,b-nnett/grok-bot-0.18-reconstructed@a9f633e09d49a85829b8236331b9e21f7e612634:source/packages/proto/generated/agent/v1/grep_tool_pb.ts,source/packages/proto/generated/agent/v1/grep_tool_pb.swift,generated-Swift,direct-equivalent,mapped,,,
source/packages/proto/generated/agent/v1/hook_additional_context_pb.ts,iOS-local package/runtime implementation,b-nnett/grok-bot-0.18-reconstructed@a9f633e09d49a85829b8236331b9e21f7e612634:source/packages/proto/generated/agent/v1/hook_additional_context_pb.ts,source/packages/proto/generated/agent/v1/hook_additional_context_pb.swift,generated-Swift,direct-equivalent,mapped,,,
source/packages/proto/generated/agent/v1/kv_pb.ts,iOS-local package/runtime implementation,b-nnett/grok-bot-0.18-reconstructed@a9f633e09d49a85829b8236331b9e21f7e612634:source/packages/proto/generated/agent/v1/kv_pb.ts,source/packages/proto/generated/agent/v1/kv_pb.swift,generated-Swift,direct-equivalent,mapped,,,
source/packages/proto/generated/agent/v1/ls_exec_pb.ts,iOS-local package/runtime implementation,b-nnett/grok-bot-0.18-reconstructed@a9f633e09d49a85829b8236331b9e21f7e612634:source/packages/proto/generated/agent/v1/ls_exec_pb.ts,source/packages/proto/generated/agent/v1/ls_exec_pb.swift,generated-Swift,direct-equivalent,mapped,,,
source/packages/proto/generated/agent/v1/ls_tool_pb.ts,iOS-local package/runtime implementation,b-nnett/grok-bot-0.18-reconstructed@a9f633e09d49a85829b8236331b9e21f7e612634:source/packages/proto/generated/agent/v1/ls_tool_pb.ts,source/packages/proto/generated/agent/v1/ls_tool_pb.swift,generated-Swift,direct-equivalent,mapped,,,
source/packages/proto/generated/agent/v1/mcp_allowlist_precheck_exec_pb.ts,iOS-local package/runtime implementation,b-nnett/grok-bot-0.18-reconstructed@a9f633e09d49a85829b8236331b9e21f7e612634:source/packages/proto/generated/agent/v1/mcp_allowlist_precheck_exec_pb.ts,source/packages/proto/generated/agent/v1/mcp_allowlist_precheck_exec_pb.swift,generated-Swift,direct-equivalent,mapped,,,
source/packages/proto/generated/agent/v1/mcp_auth_tool_pb.ts,iOS-local package/runtime implementation,b-nnett/grok-bot-0.18-reconstructed@a9f633e09d49a85829b8236331b9e21f7e612634:source/packages/proto/generated/agent/v1/mcp_auth_tool_pb.ts,source/packages/proto/generated/agent/v1/mcp_auth_tool_pb.swift,generated-Swift,direct-equivalent,mapped,,,
source/packages/proto/generated/agent/v1/mcp_exec_pb.ts,iOS-local package/runtime implementation,b-nnett/grok-bot-0.18-reconstructed@a9f633e09d49a85829b8236331b9e21f7e612634:source/packages/proto/generated/agent/v1/mcp_exec_pb.ts,source/packages/proto/generated/agent/v1/mcp_exec_pb.swift,generated-Swift,direct-equivalent,mapped,,,
source/packages/proto/generated/agent/v1/mcp_pb.ts,iOS-local package/runtime implementation,b-nnett/grok-bot-0.18-reconstructed@a9f633e09d49a85829b8236331b9e21f7e612634:source/packages/proto/generated/agent/v1/mcp_pb.ts,source/packages/proto/generated/agent/v1/mcp_pb.swift,generated-Swift,direct-equivalent,mapped,,,
source/packages/proto/generated/agent/v1/mcp_resource_tool_pb.ts,iOS-local package/runtime implementation,b-nnett/grok-bot-0.18-reconstructed@a9f633e09d49a85829b8236331b9e21f7e612634:source/packages/proto/generated/agent/v1/mcp_resource_tool_pb.ts,source/packages/proto/generated/agent/v1/mcp_resource_tool_pb.swift,generated-Swift,direct-equivalent,mapped,,,
source/packages/proto/generated/agent/v1/mcp_tool_pb.ts,iOS-local package/runtime implementation,b-nnett/grok-bot-0.18-reconstructed@a9f633e09d49a85829b8236331b9e21f7e612634:source/packages/proto/generated/agent/v1/mcp_tool_pb.ts,source/packages/proto/generated/agent/v1/mcp_tool_pb.swift,generated-Swift,direct-equivalent,mapped,,,
source/packages/proto/generated/agent/v1/pi_bash_exec_pb.ts,iOS-local package/runtime implementation,b-nnett/grok-bot-0.18-reconstructed@a9f633e09d49a85829b8236331b9e21f7e612634:source/packages/proto/generated/agent/v1/pi_bash_exec_pb.ts,source/packages/proto/generated/agent/v1/pi_bash_exec_pb.swift,generated-Swift,direct-equivalent,mapped,,,
source/packages/proto/generated/agent/v1/pi_bash_tool_pb.ts,iOS-local package/runtime implementation,b-nnett/grok-bot-0.18-reconstructed@a9f633e09d49a85829b8236331b9e21f7e612634:source/packages/proto/generated/agent/v1/pi_bash_tool_pb.ts,source/packages/proto/generated/agent/v1/pi_bash_tool_pb.swift,generated-Swift,direct-equivalent,mapped,,,
source/packages/proto/generated/agent/v1/pi_common_pb.ts,iOS-local package/runtime implementation,b-nnett/grok-bot-0.18-reconstructed@a9f633e09d49a85829b8236331b9e21f7e612634:source/packages/proto/generated/agent/v1/pi_common_pb.ts,source/packages/proto/generated/agent/v1/pi_common_pb.swift,generated-Swift,direct-equivalent,mapped,,,
source/packages/proto/generated/agent/v1/pi_edit_exec_pb.ts,iOS-local package/runtime implementation,b-nnett/grok-bot-0.18-reconstructed@a9f633e09d49a85829b8236331b9e21f7e612634:source/packages/proto/generated/agent/v1/pi_edit_exec_pb.ts,source/packages/proto/generated/agent/v1/pi_edit_exec_pb.swift,generated-Swift,direct-equivalent,mapped,,,
source/packages/proto/generated/agent/v1/pi_edit_tool_pb.ts,iOS-local package/runtime implementation,b-nnett/grok-bot-0.18-reconstructed@a9f633e09d49a85829b8236331b9e21f7e612634:source/packages/proto/generated/agent/v1/pi_edit_tool_pb.ts,source/packages/proto/generated/agent/v1/pi_edit_tool_pb.swift,generated-Swift,direct-equivalent,mapped,,,
source/packages/proto/generated/agent/v1/pi_find_exec_pb.ts,iOS-local package/runtime implementation,b-nnett/grok-bot-0.18-reconstructed@a9f633e09d49a85829b8236331b9e21f7e612634:source/packages/proto/generated/agent/v1/pi_find_exec_pb.ts,source/packages/proto/generated/agent/v1/pi_find_exec_pb.swift,generated-Swift,direct-equivalent,mapped,,,
source/packages/proto/generated/agent/v1/pi_find_tool_pb.ts,iOS-local package/runtime implementation,b-nnett/grok-bot-0.18-reconstructed@a9f633e09d49a85829b8236331b9e21f7e612634:source/packages/proto/generated/agent/v1/pi_find_tool_pb.ts,source/packages/proto/generated/agent/v1/pi_find_tool_pb.swift,generated-Swift,direct-equivalent,mapped,,,
source/packages/proto/generated/agent/v1/pi_grep_exec_pb.ts,iOS-local package/runtime implementation,b-nnett/grok-bot-0.18-reconstructed@a9f633e09d49a85829b8236331b9e21f7e612634:source/packages/proto/generated/agent/v1/pi_grep_exec_pb.ts,source/packages/proto/generated/agent/v1/pi_grep_exec_pb.swift,generated-Swift,direct-equivalent,mapped,,,
source/packages/proto/generated/agent/v1/pi_grep_tool_pb.ts,iOS-local package/runtime implementation,b-nnett/grok-bot-0.18-reconstructed@a9f633e09d49a85829b8236331b9e21f7e612634:source/packages/proto/generated/agent/v1/pi_grep_tool_pb.ts,source/packages/proto/generated/agent/v1/pi_grep_tool_pb.swift,generated-Swift,direct-equivalent,mapped,,,
source/packages/proto/generated/agent/v1/pi_ls_exec_pb.ts,iOS-local package/runtime implementation,b-nnett/grok-bot-0.18-reconstructed@a9f633e09d49a85829b8236331b9e21f7e612634:source/packages/proto/generated/agent/v1/pi_ls_exec_pb.ts,source/packages/proto/generated/agent/v1/pi_ls_exec_pb.swift,generated-Swift,direct-equivalent,mapped,,,
source/packages/proto/generated/agent/v1/pi_ls_tool_pb.ts,iOS-local package/runtime implementation,b-nnett/grok-bot-0.18-reconstructed@a9f633e09d49a85829b8236331b9e21f7e612634:source/packages/proto/generated/agent/v1/pi_ls_tool_pb.ts,source/packages/proto/generated/agent/v1/pi_ls_tool_pb.swift,generated-Swift,direct-equivalent,mapped,,,
source/packages/proto/generated/agent/v1/pi_read_exec_pb.ts,iOS-local package/runtime implementation,b-nnett/grok-bot-0.18-reconstructed@a9f633e09d49a85829b8236331b9e21f7e612634:source/packages/proto/generated/agent/v1/pi_read_exec_pb.ts,source/packages/proto/generated/agent/v1/pi_read_exec_pb.swift,generated-Swift,direct-equivalent,mapped,,,
source/packages/proto/generated/agent/v1/pi_read_tool_pb.ts,iOS-local package/runtime implementation,b-nnett/grok-bot-0.18-reconstructed@a9f633e09d49a85829b8236331b9e21f7e612634:source/packages/proto/generated/agent/v1/pi_read_tool_pb.ts,source/packages/proto/generated/agent/v1/pi_read_tool_pb.swift,generated-Swift,direct-equivalent,mapped,,,
source/packages/proto/generated/agent/v1/pi_write_exec_pb.ts,iOS-local package/runtime implementation,b-nnett/grok-bot-0.18-reconstructed@a9f633e09d49a85829b8236331b9e21f7e612634:source/packages/proto/generated/agent/v1/pi_write_exec_pb.ts,source/packages/proto/generated/agent/v1/pi_write_exec_pb.swift,generated-Swift,direct-equivalent,mapped,,,
source/packages/proto/generated/agent/v1/pi_write_tool_pb.ts,iOS-local package/runtime implementation,b-nnett/grok-bot-0.18-reconstructed@a9f633e09d49a85829b8236331b9e21f7e612634:source/packages/proto/generated/agent/v1/pi_write_tool_pb.ts,source/packages/proto/generated/agent/v1/pi_write_tool_pb.swift,generated-Swift,direct-equivalent,mapped,,,
source/packages/proto/generated/agent/v1/pr_management_tool_pb.ts,iOS-local package/runtime implementation,b-nnett/grok-bot-0.18-reconstructed@a9f633e09d49a85829b8236331b9e21f7e612634:source/packages/proto/generated/agent/v1/pr_management_tool_pb.ts,source/packages/proto/generated/agent/v1/pr_management_tool_pb.swift,generated-Swift,direct-equivalent,mapped,,,
source/packages/proto/generated/agent/v1/read_exec_pb.ts,iOS-local package/runtime implementation,b-nnett/grok-bot-0.18-reconstructed@a9f633e09d49a85829b8236331b9e21f7e612634:source/packages/proto/generated/agent/v1/read_exec_pb.ts,source/packages/proto/generated/agent/v1/read_exec_pb.swift,generated-Swift,direct-equivalent,mapped,,,
source/packages/proto/generated/agent/v1/read_lints_tool_pb.ts,iOS-local package/runtime implementation,b-nnett/grok-bot-0.18-reconstructed@a9f633e09d49a85829b8236331b9e21f7e612634:source/packages/proto/generated/agent/v1/read_lints_tool_pb.ts,source/packages/proto/generated/agent/v1/read_lints_tool_pb.swift,generated-Swift,direct-equivalent,mapped,,,
source/packages/proto/generated/agent/v1/read_tool_pb.ts,iOS-local package/runtime implementation,b-nnett/grok-bot-0.18-reconstructed@a9f633e09d49a85829b8236331b9e21f7e612634:source/packages/proto/generated/agent/v1/read_tool_pb.ts,source/packages/proto/generated/agent/v1/read_tool_pb.swift,generated-Swift,direct-equivalent,mapped,,,
source/packages/proto/generated/agent/v1/record_ci_investigation_findings_tool_pb.ts,iOS-local package/runtime implementation,b-nnett/grok-bot-0.18-reconstructed@a9f633e09d49a85829b8236331b9e21f7e612634:source/packages/proto/generated/agent/v1/record_ci_investigation_findings_tool_pb.ts,source/packages/proto/generated/agent/v1/record_ci_investigation_findings_tool_pb.swift,generated-Swift,direct-equivalent,mapped,,,
source/packages/proto/generated/agent/v1/record_screen_exec_pb.ts,iOS-local package/runtime implementation,b-nnett/grok-bot-0.18-reconstructed@a9f633e09d49a85829b8236331b9e21f7e612634:source/packages/proto/generated/agent/v1/record_screen_exec_pb.ts,source/packages/proto/generated/agent/v1/record_screen_exec_pb.swift,generated-Swift,direct-equivalent,mapped,,,
source/packages/proto/generated/agent/v1/record_screen_tool_pb.ts,iOS-local package/runtime implementation,b-nnett/grok-bot-0.18-reconstructed@a9f633e09d49a85829b8236331b9e21f7e612634:source/packages/proto/generated/agent/v1/record_screen_tool_pb.ts,source/packages/proto/generated/agent/v1/record_screen_tool_pb.swift,generated-Swift,direct-equivalent,mapped,,,
source/packages/proto/generated/agent/v1/reflect_tool_pb.ts,iOS-local package/runtime implementation,b-nnett/grok-bot-0.18-reconstructed@a9f633e09d49a85829b8236331b9e21f7e612634:source/packages/proto/generated/agent/v1/reflect_tool_pb.ts,source/packages/proto/generated/agent/v1/reflect_tool_pb.swift,generated-Swift,direct-equivalent,mapped,,,
source/packages/proto/generated/agent/v1/replace_env_tool_pb.ts,iOS-local package/runtime implementation,b-nnett/grok-bot-0.18-reconstructed@a9f633e09d49a85829b8236331b9e21f7e612634:source/packages/proto/generated/agent/v1/replace_env_tool_pb.ts,source/packages/proto/generated/agent/v1/replace_env_tool_pb.swift,generated-Swift,direct-equivalent,mapped,,,
source/packages/proto/generated/agent/v1/repo_pb.ts,iOS-local package/runtime implementation,b-nnett/grok-bot-0.18-reconstructed@a9f633e09d49a85829b8236331b9e21f7e612634:source/packages/proto/generated/agent/v1/repo_pb.ts,source/packages/proto/generated/agent/v1/repo_pb.swift,generated-Swift,direct-equivalent,mapped,,,
source/packages/proto/generated/agent/v1/report_bug_tool_pb.ts,iOS-local package/runtime implementation,b-nnett/grok-bot-0.18-reconstructed@a9f633e09d49a85829b8236331b9e21f7e612634:source/packages/proto/generated/agent/v1/report_bug_tool_pb.ts,source/packages/proto/generated/agent/v1/report_bug_tool_pb.swift,generated-Swift,direct-equivalent,mapped,,,
source/packages/proto/generated/agent/v1/report_bugfix_results_tool_pb.ts,iOS-local package/runtime implementation,b-nnett/grok-bot-0.18-reconstructed@a9f633e09d49a85829b8236331b9e21f7e612634:source/packages/proto/generated/agent/v1/report_bugfix_results_tool_pb.ts,source/packages/proto/generated/agent/v1/report_bugfix_results_tool_pb.swift,generated-Swift,direct-equivalent,mapped,,,
source/packages/proto/generated/agent/v1/request_context_exec_pb.ts,iOS-local package/runtime implementation,b-nnett/grok-bot-0.18-reconstructed@a9f633e09d49a85829b8236331b9e21f7e612634:source/packages/proto/generated/agent/v1/request_context_exec_pb.ts,source/packages/proto/generated/agent/v1/request_context_exec_pb.swift,generated-Swift,direct-equivalent,mapped,,,
source/packages/proto/generated/agent/v1/sandbox_pb.ts,iOS-local package/runtime implementation,b-nnett/grok-bot-0.18-reconstructed@a9f633e09d49a85829b8236331b9e21f7e612634:source/packages/proto/generated/agent/v1/sandbox_pb.ts,source/packages/proto/generated/agent/v1/sandbox_pb.swift,generated-Swift,direct-equivalent,mapped,,,
source/packages/proto/generated/agent/v1/search_conversations_tool_pb.ts,iOS-local package/runtime implementation,b-nnett/grok-bot-0.18-reconstructed@a9f633e09d49a85829b8236331b9e21f7e612634:source/packages/proto/generated/agent/v1/search_conversations_tool_pb.ts,source/packages/proto/generated/agent/v1/search_conversations_tool_pb.swift,generated-Swift,direct-equivalent,mapped,,,
source/packages/proto/generated/agent/v1/selected_context_pb.ts,iOS-local package/runtime implementation,b-nnett/grok-bot-0.18-reconstructed@a9f633e09d49a85829b8236331b9e21f7e612634:source/packages/proto/generated/agent/v1/selected_context_pb.ts,source/packages/proto/generated/agent/v1/selected_context_pb.swift,generated-Swift,direct-equivalent,mapped,,,
source/packages/proto/generated/agent/v1/semsearch_tool_pb.ts,iOS-local package/runtime implementation,b-nnett/grok-bot-0.18-reconstructed@a9f633e09d49a85829b8236331b9e21f7e612634:source/packages/proto/generated/agent/v1/semsearch_tool_pb.ts,source/packages/proto/generated/agent/v1/semsearch_tool_pb.swift,generated-Swift,direct-equivalent,mapped,,,
source/packages/proto/generated/agent/v1/send_final_summary_tool_pb.ts,iOS-local package/runtime implementation,b-nnett/grok-bot-0.18-reconstructed@a9f633e09d49a85829b8236331b9e21f7e612634:source/packages/proto/generated/agent/v1/send_final_summary_tool_pb.ts,source/packages/proto/generated/agent/v1/send_final_summary_tool_pb.swift,generated-Swift,direct-equivalent,mapped,,,
source/packages/proto/generated/agent/v1/send_message_tool_pb.ts,iOS-local package/runtime implementation,b-nnett/grok-bot-0.18-reconstructed@a9f633e09d49a85829b8236331b9e21f7e612634:source/packages/proto/generated/agent/v1/send_message_tool_pb.ts,source/packages/proto/generated/agent/v1/send_message_tool_pb.swift,generated-Swift,direct-equivalent,mapped,,,
source/packages/proto/generated/agent/v1/send_to_user_tool_pb.ts,iOS-local package/runtime implementation,b-nnett/grok-bot-0.18-reconstructed@a9f633e09d49a85829b8236331b9e21f7e612634:source/packages/proto/generated/agent/v1/send_to_user_tool_pb.ts,source/packages/proto/generated/agent/v1/send_to_user_tool_pb.swift,generated-Swift,direct-equivalent,mapped,,,
source/packages/proto/generated/agent/v1/setup_vm_environment_tool_pb.ts,iOS-local package/runtime implementation,b-nnett/grok-bot-0.18-reconstructed@a9f633e09d49a85829b8236331b9e21f7e612634:source/packages/proto/generated/agent/v1/setup_vm_environment_tool_pb.ts,source/packages/proto/generated/agent/v1/setup_vm_environment_tool_pb.swift,generated-Swift,direct-equivalent,mapped,,,
source/packages/proto/generated/agent/v1/shell_allowlist_precheck_exec_pb.ts,iOS-local package/runtime implementation,b-nnett/grok-bot-0.18-reconstructed@a9f633e09d49a85829b8236331b9e21f7e612634:source/packages/proto/generated/agent/v1/shell_allowlist_precheck_exec_pb.ts,source/packages/proto/generated/agent/v1/shell_allowlist_precheck_exec_pb.swift,generated-Swift,direct-equivalent,mapped,,,
source/packages/proto/generated/agent/v1/shell_exec_pb.ts,iOS-local package/runtime implementation,b-nnett/grok-bot-0.18-reconstructed@a9f633e09d49a85829b8236331b9e21f7e612634:source/packages/proto/generated/agent/v1/shell_exec_pb.ts,source/packages/proto/generated/agent/v1/shell_exec_pb.swift,generated-Swift,direct-equivalent,mapped,,,
source/packages/proto/generated/agent/v1/shell_tool_pb.ts,iOS-local package/runtime implementation,b-nnett/grok-bot-0.18-reconstructed@a9f633e09d49a85829b8236331b9e21f7e612634:source/packages/proto/generated/agent/v1/shell_tool_pb.ts,source/packages/proto/generated/agent/v1/shell_tool_pb.swift,generated-Swift,direct-equivalent,mapped,,,
source/packages/proto/generated/agent/v1/smart_mode_classifier_exec_pb.ts,iOS-local package/runtime implementation,b-nnett/grok-bot-0.18-reconstructed@a9f633e09d49a85829b8236331b9e21f7e612634:source/packages/proto/generated/agent/v1/smart_mode_classifier_exec_pb.ts,source/packages/proto/generated/agent/v1/smart_mode_classifier_exec_pb.swift,generated-Swift,direct-equivalent,mapped,,,
source/packages/proto/generated/agent/v1/start_grind_execution_tool_pb.ts,iOS-local package/runtime implementation,b-nnett/grok-bot-0.18-reconstructed@a9f633e09d49a85829b8236331b9e21f7e612634:source/packages/proto/generated/agent/v1/start_grind_execution_tool_pb.ts,source/packages/proto/generated/agent/v1/start_grind_execution_tool_pb.swift,generated-Swift,direct-equivalent,mapped,,,
source/packages/proto/generated/agent/v1/start_grind_planning_tool_pb.ts,iOS-local package/runtime implementation,b-nnett/grok-bot-0.18-reconstructed@a9f633e09d49a85829b8236331b9e21f7e612634:source/packages/proto/generated/agent/v1/start_grind_planning_tool_pb.ts,source/packages/proto/generated/agent/v1/start_grind_planning_tool_pb.swift,generated-Swift,direct-equivalent,mapped,,,
source/packages/proto/generated/agent/v1/subagent_exec_pb.ts,iOS-local package/runtime implementation,b-nnett/grok-bot-0.18-reconstructed@a9f633e09d49a85829b8236331b9e21f7e612634:source/packages/proto/generated/agent/v1/subagent_exec_pb.ts,source/packages/proto/generated/agent/v1/subagent_exec_pb.swift,generated-Swift,direct-equivalent,mapped,,,
source/packages/proto/generated/agent/v1/subagents_pb.ts,iOS-local package/runtime implementation,b-nnett/grok-bot-0.18-reconstructed@a9f633e09d49a85829b8236331b9e21f7e612634:source/packages/proto/generated/agent/v1/subagents_pb.ts,source/packages/proto/generated/agent/v1/subagents_pb.swift,generated-Swift,direct-equivalent,mapped,,,
source/packages/proto/generated/agent/v1/switch_mode_tool_pb.ts,iOS-local package/runtime implementation,b-nnett/grok-bot-0.18-reconstructed@a9f633e09d49a85829b8236331b9e21f7e612634:source/packages/proto/generated/agent/v1/switch_mode_tool_pb.ts,source/packages/proto/generated/agent/v1/switch_mode_tool_pb.swift,generated-Swift,direct-equivalent,mapped,,,
source/packages/proto/generated/agent/v1/system_prompt_pb.ts,iOS-local package/runtime implementation,b-nnett/grok-bot-0.18-reconstructed@a9f633e09d49a85829b8236331b9e21f7e612634:source/packages/proto/generated/agent/v1/system_prompt_pb.ts,source/packages/proto/generated/agent/v1/system_prompt_pb.swift,generated-Swift,direct-equivalent,mapped,,,
source/packages/proto/generated/agent/v1/todo_tool_pb.ts,iOS-local package/runtime implementation,b-nnett/grok-bot-0.18-reconstructed@a9f633e09d49a85829b8236331b9e21f7e612634:source/packages/proto/generated/agent/v1/todo_tool_pb.ts,source/packages/proto/generated/agent/v1/todo_tool_pb.swift,generated-Swift,direct-equivalent,mapped,,,
source/packages/proto/generated/agent/v1/update_pr_code_tour_tool_pb.ts,iOS-local package/runtime implementation,b-nnett/grok-bot-0.18-reconstructed@a9f633e09d49a85829b8236331b9e21f7e612634:source/packages/proto/generated/agent/v1/update_pr_code_tour_tool_pb.ts,source/packages/proto/generated/agent/v1/update_pr_code_tour_tool_pb.swift,generated-Swift,direct-equivalent,mapped,,,
source/packages/proto/generated/agent/v1/utils_pb.ts,iOS-local package/runtime implementation,b-nnett/grok-bot-0.18-reconstructed@a9f633e09d49a85829b8236331b9e21f7e612634:source/packages/proto/generated/agent/v1/utils_pb.ts,source/packages/proto/generated/agent/v1/utils_pb.swift,generated-Swift,direct-equivalent,mapped,,,
source/packages/proto/generated/agent/v1/web_fetch_allowlist_precheck_exec_pb.ts,iOS-local package/runtime implementation,b-nnett/grok-bot-0.18-reconstructed@a9f633e09d49a85829b8236331b9e21f7e612634:source/packages/proto/generated/agent/v1/web_fetch_allowlist_precheck_exec_pb.ts,source/packages/proto/generated/agent/v1/web_fetch_allowlist_precheck_exec_pb.swift,generated-Swift,direct-equivalent,mapped,,,
source/packages/proto/generated/agent/v1/web_fetch_tool_pb.ts,iOS-local package/runtime implementation,b-nnett/grok-bot-0.18-reconstructed@a9f633e09d49a85829b8236331b9e21f7e612634:source/packages/proto/generated/agent/v1/web_fetch_tool_pb.ts,source/packages/proto/generated/agent/v1/web_fetch_tool_pb.swift,generated-Swift,direct-equivalent,mapped,,,
source/packages/proto/generated/agent/v1/web_search_tool_pb.ts,iOS-local package/runtime implementation,b-nnett/grok-bot-0.18-reconstructed@a9f633e09d49a85829b8236331b9e21f7e612634:source/packages/proto/generated/agent/v1/web_search_tool_pb.ts,source/packages/proto/generated/agent/v1/web_search_tool_pb.swift,generated-Swift,direct-equivalent,mapped,,,
source/packages/proto/generated/agent/v1/write_exec_pb.ts,iOS-local package/runtime implementation,b-nnett/grok-bot-0.18-reconstructed@a9f633e09d49a85829b8236331b9e21f7e612634:source/packages/proto/generated/agent/v1/write_exec_pb.ts,source/packages/proto/generated/agent/v1/write_exec_pb.swift,generated-Swift,direct-equivalent,mapped,,,
source/packages/proto/generated/agent/v1/write_shell_stdin_tool_pb.ts,iOS-local package/runtime implementation,b-nnett/grok-bot-0.18-reconstructed@a9f633e09d49a85829b8236331b9e21f7e612634:source/packages/proto/generated/agent/v1/write_shell_stdin_tool_pb.ts,source/packages/proto/generated/agent/v1/write_shell_stdin_tool_pb.swift,generated-Swift,direct-equivalent,mapped,,,
source/packages/proto/generated/aiserver/v1/agent_startup_trace_pb.ts,iOS-local package/runtime implementation,b-nnett/grok-bot-0.18-reconstructed@a9f633e09d49a85829b8236331b9e21f7e612634:source/packages/proto/generated/aiserver/v1/agent_startup_trace_pb.ts,source/packages/proto/generated/aiserver/v1/agent_startup_trace_pb.swift,generated-Swift,direct-equivalent,mapped,,,
source/packages/proto/generated/aiserver/v1/aiserver_connect.ts,iOS-local package/runtime implementation,b-nnett/grok-bot-0.18-reconstructed@a9f633e09d49a85829b8236331b9e21f7e612634:source/packages/proto/generated/aiserver/v1/aiserver_connect.ts,source/packages/proto/generated/aiserver/v1/aiserver_connect.rs,Rust,direct-equivalent,mapped,,,
source/packages/proto/generated/aiserver/v1/aiserver_pb.ts,iOS-local package/runtime implementation,b-nnett/grok-bot-0.18-reconstructed@a9f633e09d49a85829b8236331b9e21f7e612634:source/packages/proto/generated/aiserver/v1/aiserver_pb.ts,source/packages/proto/generated/aiserver/v1/aiserver_pb.swift,generated-Swift,direct-equivalent,mapped,,,
source/packages/proto/generated/aiserver/v1/analytics_connect.ts,iOS-local package/runtime implementation,b-nnett/grok-bot-0.18-reconstructed@a9f633e09d49a85829b8236331b9e21f7e612634:source/packages/proto/generated/aiserver/v1/analytics_connect.ts,source/packages/proto/generated/aiserver/v1/analytics_connect.rs,Rust,direct-equivalent,mapped,,,
source/packages/proto/generated/aiserver/v1/analytics_pb.ts,iOS-local package/runtime implementation,b-nnett/grok-bot-0.18-reconstructed@a9f633e09d49a85829b8236331b9e21f7e612634:source/packages/proto/generated/aiserver/v1/analytics_pb.ts,source/packages/proto/generated/aiserver/v1/analytics_pb.swift,generated-Swift,direct-equivalent,mapped,,,
source/packages/proto/generated/aiserver/v1/automations_connect.ts,iOS-local package/runtime implementation,b-nnett/grok-bot-0.18-reconstructed@a9f633e09d49a85829b8236331b9e21f7e612634:source/packages/proto/generated/aiserver/v1/automations_connect.ts,source/packages/proto/generated/aiserver/v1/automations_connect.rs,Rust,direct-equivalent,mapped,,,
source/packages/proto/generated/aiserver/v1/automations_pb.ts,iOS-local package/runtime implementation,b-nnett/grok-bot-0.18-reconstructed@a9f633e09d49a85829b8236331b9e21f7e612634:source/packages/proto/generated/aiserver/v1/automations_pb.ts,source/packages/proto/generated/aiserver/v1/automations_pb.swift,generated-Swift,direct-equivalent,mapped,,,
source/packages/proto/generated/aiserver/v1/background_composer_connect.ts,iOS-local package/runtime implementation,b-nnett/grok-bot-0.18-reconstructed@a9f633e09d49a85829b8236331b9e21f7e612634:source/packages/proto/generated/aiserver/v1/background_composer_connect.ts,source/packages/proto/generated/aiserver/v1/background_composer_connect.rs,Rust,direct-equivalent,mapped,,,
source/packages/proto/generated/aiserver/v1/background_composer_pb.ts,iOS-local package/runtime implementation,b-nnett/grok-bot-0.18-reconstructed@a9f633e09d49a85829b8236331b9e21f7e612634:source/packages/proto/generated/aiserver/v1/background_composer_pb.ts,source/packages/proto/generated/aiserver/v1/background_composer_pb.swift,generated-Swift,direct-equivalent,mapped,,,
source/packages/proto/generated/aiserver/v1/bidi_pb.ts,iOS-local package/runtime implementation,b-nnett/grok-bot-0.18-reconstructed@a9f633e09d49a85829b8236331b9e21f7e612634:source/packages/proto/generated/aiserver/v1/bidi_pb.ts,source/packages/proto/generated/aiserver/v1/bidi_pb.swift,generated-Swift,direct-equivalent,mapped,,,
source/packages/proto/generated/aiserver/v1/bugbot_pb.ts,iOS-local package/runtime implementation,b-nnett/grok-bot-0.18-reconstructed@a9f633e09d49a85829b8236331b9e21f7e612634:source/packages/proto/generated/aiserver/v1/bugbot_pb.ts,source/packages/proto/generated/aiserver/v1/bugbot_pb.swift,generated-Swift,direct-equivalent,mapped,,,
source/packages/proto/generated/aiserver/v1/chat_pb.ts,iOS-local package/runtime implementation,b-nnett/grok-bot-0.18-reconstructed@a9f633e09d49a85829b8236331b9e21f7e612634:source/packages/proto/generated/aiserver/v1/chat_pb.ts,source/packages/proto/generated/aiserver/v1/chat_pb.swift,generated-Swift,direct-equivalent,mapped,,,
source/packages/proto/generated/aiserver/v1/cloud_agent_source_pb.ts,iOS-local package/runtime implementation,b-nnett/grok-bot-0.18-reconstructed@a9f633e09d49a85829b8236331b9e21f7e612634:source/packages/proto/generated/aiserver/v1/cloud_agent_source_pb.ts,source/packages/proto/generated/aiserver/v1/cloud_agent_source_pb.swift,generated-Swift,direct-equivalent,mapped,,,
source/packages/proto/generated/aiserver/v1/cmdk_pb.ts,iOS-local package/runtime implementation,b-nnett/grok-bot-0.18-reconstructed@a9f633e09d49a85829b8236331b9e21f7e612634:source/packages/proto/generated/aiserver/v1/cmdk_pb.ts,source/packages/proto/generated/aiserver/v1/cmdk_pb.swift,generated-Swift,direct-equivalent,mapped,,,
source/packages/proto/generated/aiserver/v1/composer_pb.ts,iOS-local package/runtime implementation,b-nnett/grok-bot-0.18-reconstructed@a9f633e09d49a85829b8236331b9e21f7e612634:source/packages/proto/generated/aiserver/v1/composer_pb.ts,source/packages/proto/generated/aiserver/v1/composer_pb.swift,generated-Swift,direct-equivalent,mapped,,,
source/packages/proto/generated/aiserver/v1/context_ast_pb.ts,iOS-local package/runtime implementation,b-nnett/grok-bot-0.18-reconstructed@a9f633e09d49a85829b8236331b9e21f7e612634:source/packages/proto/generated/aiserver/v1/context_ast_pb.ts,source/packages/proto/generated/aiserver/v1/context_ast_pb.swift,generated-Swift,direct-equivalent,mapped,,,
source/packages/proto/generated/aiserver/v1/context_pb.ts,iOS-local package/runtime implementation,b-nnett/grok-bot-0.18-reconstructed@a9f633e09d49a85829b8236331b9e21f7e612634:source/packages/proto/generated/aiserver/v1/context_pb.ts,source/packages/proto/generated/aiserver/v1/context_pb.swift,generated-Swift,direct-equivalent,mapped,,,
source/packages/proto/generated/aiserver/v1/cpp_pb.ts,iOS-local package/runtime implementation,b-nnett/grok-bot-0.18-reconstructed@a9f633e09d49a85829b8236331b9e21f7e612634:source/packages/proto/generated/aiserver/v1/cpp_pb.ts,source/packages/proto/generated/aiserver/v1/cpp_pb.swift,generated-Swift,direct-equivalent,mapped,,,
source/packages/proto/generated/aiserver/v1/dashboard_connect.ts,iOS-local package/runtime implementation,b-nnett/grok-bot-0.18-reconstructed@a9f633e09d49a85829b8236331b9e21f7e612634:source/packages/proto/generated/aiserver/v1/dashboard_connect.ts,source/packages/proto/generated/aiserver/v1/dashboard_connect.rs,Rust,direct-equivalent,mapped,,,
source/packages/proto/generated/aiserver/v1/dashboard_pb.ts,iOS-local package/runtime implementation,b-nnett/grok-bot-0.18-reconstructed@a9f633e09d49a85829b8236331b9e21f7e612634:source/packages/proto/generated/aiserver/v1/dashboard_pb.ts,source/packages/proto/generated/aiserver/v1/dashboard_pb.swift,generated-Swift,direct-equivalent,mapped,,,
source/packages/proto/generated/aiserver/v1/docs_pb.ts,iOS-local package/runtime implementation,b-nnett/grok-bot-0.18-reconstructed@a9f633e09d49a85829b8236331b9e21f7e612634:source/packages/proto/generated/aiserver/v1/docs_pb.ts,source/packages/proto/generated/aiserver/v1/docs_pb.swift,generated-Swift,direct-equivalent,mapped,,,
source/packages/proto/generated/aiserver/v1/fastapply_pb.ts,iOS-local package/runtime implementation,b-nnett/grok-bot-0.18-reconstructed@a9f633e09d49a85829b8236331b9e21f7e612634:source/packages/proto/generated/aiserver/v1/fastapply_pb.ts,source/packages/proto/generated/aiserver/v1/fastapply_pb.swift,generated-Swift,direct-equivalent,mapped,,,
source/packages/proto/generated/aiserver/v1/fastpreviews_pb.ts,iOS-local package/runtime implementation,b-nnett/grok-bot-0.18-reconstructed@a9f633e09d49a85829b8236331b9e21f7e612634:source/packages/proto/generated/aiserver/v1/fastpreviews_pb.ts,source/packages/proto/generated/aiserver/v1/fastpreviews_pb.swift,generated-Swift,direct-equivalent,mapped,,,
source/packages/proto/generated/aiserver/v1/filesyncserver_pb.ts,iOS-local package/runtime implementation,b-nnett/grok-bot-0.18-reconstructed@a9f633e09d49a85829b8236331b9e21f7e612634:source/packages/proto/generated/aiserver/v1/filesyncserver_pb.ts,source/packages/proto/generated/aiserver/v1/filesyncserver_pb.swift,generated-Swift,direct-equivalent,mapped,,,
source/packages/proto/generated/aiserver/v1/full_self_driving_pb.ts,iOS-local package/runtime implementation,b-nnett/grok-bot-0.18-reconstructed@a9f633e09d49a85829b8236331b9e21f7e612634:source/packages/proto/generated/aiserver/v1/full_self_driving_pb.ts,source/packages/proto/generated/aiserver/v1/full_self_driving_pb.swift,generated-Swift,direct-equivalent,mapped,,,
source/packages/proto/generated/aiserver/v1/grok_bot_connect.ts,iOS-local package/runtime implementation,b-nnett/grok-bot-0.18-reconstructed@a9f633e09d49a85829b8236331b9e21f7e612634:source/packages/proto/generated/aiserver/v1/grok_bot_connect.ts,source/packages/proto/generated/aiserver/v1/grok_bot_connect.rs,Rust,direct-equivalent,mapped,,,
source/packages/proto/generated/aiserver/v1/inference_connect.ts,iOS-local package/runtime implementation,b-nnett/grok-bot-0.18-reconstructed@a9f633e09d49a85829b8236331b9e21f7e612634:source/packages/proto/generated/aiserver/v1/inference_connect.ts,source/packages/proto/generated/aiserver/v1/inference_connect.rs,Rust,direct-equivalent,mapped,,,
source/packages/proto/generated/aiserver/v1/inference_pb.ts,iOS-local package/runtime implementation,b-nnett/grok-bot-0.18-reconstructed@a9f633e09d49a85829b8236331b9e21f7e612634:source/packages/proto/generated/aiserver/v1/inference_pb.ts,source/packages/proto/generated/aiserver/v1/inference_pb.swift,generated-Swift,direct-equivalent,mapped,,,
source/packages/proto/generated/aiserver/v1/inline_gpt4_pb.ts,iOS-local package/runtime implementation,b-nnett/grok-bot-0.18-reconstructed@a9f633e09d49a85829b8236331b9e21f7e612634:source/packages/proto/generated/aiserver/v1/inline_gpt4_pb.ts,source/packages/proto/generated/aiserver/v1/inline_gpt4_pb.swift,generated-Swift,direct-equivalent,mapped,,,
source/packages/proto/generated/aiserver/v1/interface_agent_pb.ts,iOS-local package/runtime implementation,b-nnett/grok-bot-0.18-reconstructed@a9f633e09d49a85829b8236331b9e21f7e612634:source/packages/proto/generated/aiserver/v1/interface_agent_pb.ts,source/packages/proto/generated/aiserver/v1/interface_agent_pb.swift,generated-Swift,direct-equivalent,mapped,,,
source/packages/proto/generated/aiserver/v1/lint_pb.ts,iOS-local package/runtime implementation,b-nnett/grok-bot-0.18-reconstructed@a9f633e09d49a85829b8236331b9e21f7e612634:source/packages/proto/generated/aiserver/v1/lint_pb.ts,source/packages/proto/generated/aiserver/v1/lint_pb.swift,generated-Swift,direct-equivalent,mapped,,,
source/packages/proto/generated/aiserver/v1/lsp_subgraph_pb.ts,iOS-local package/runtime implementation,b-nnett/grok-bot-0.18-reconstructed@a9f633e09d49a85829b8236331b9e21f7e612634:source/packages/proto/generated/aiserver/v1/lsp_subgraph_pb.ts,source/packages/proto/generated/aiserver/v1/lsp_subgraph_pb.swift,generated-Swift,direct-equivalent,mapped,,,
source/packages/proto/generated/aiserver/v1/mcp_pb.ts,iOS-local package/runtime implementation,b-nnett/grok-bot-0.18-reconstructed@a9f633e09d49a85829b8236331b9e21f7e612634:source/packages/proto/generated/aiserver/v1/mcp_pb.ts,source/packages/proto/generated/aiserver/v1/mcp_pb.swift,generated-Swift,direct-equivalent,mapped,,,
source/packages/proto/generated/aiserver/v1/privacy_mode_pb.ts,iOS-local package/runtime implementation,b-nnett/grok-bot-0.18-reconstructed@a9f633e09d49a85829b8236331b9e21f7e612634:source/packages/proto/generated/aiserver/v1/privacy_mode_pb.ts,source/packages/proto/generated/aiserver/v1/privacy_mode_pb.swift,generated-Swift,direct-equivalent,mapped,,,
source/packages/proto/generated/aiserver/v1/repository_pb.ts,iOS-local package/runtime implementation,b-nnett/grok-bot-0.18-reconstructed@a9f633e09d49a85829b8236331b9e21f7e612634:source/packages/proto/generated/aiserver/v1/repository_pb.ts,source/packages/proto/generated/aiserver/v1/repository_pb.swift,generated-Swift,direct-equivalent,mapped,,,
source/packages/proto/generated/aiserver/v1/sand_box_pb.ts,iOS-local package/runtime implementation,b-nnett/grok-bot-0.18-reconstructed@a9f633e09d49a85829b8236331b9e21f7e612634:source/packages/proto/generated/aiserver/v1/sand_box_pb.ts,source/packages/proto/generated/aiserver/v1/sand_box_pb.swift,generated-Swift,direct-equivalent,mapped,,,
source/packages/proto/generated/aiserver/v1/scm_pb.ts,iOS-local package/runtime implementation,b-nnett/grok-bot-0.18-reconstructed@a9f633e09d49a85829b8236331b9e21f7e612634:source/packages/proto/generated/aiserver/v1/scm_pb.ts,source/packages/proto/generated/aiserver/v1/scm_pb.swift,generated-Swift,direct-equivalent,mapped,,,
source/packages/proto/generated/aiserver/v1/shadow_workspace_pb.ts,iOS-local package/runtime implementation,b-nnett/grok-bot-0.18-reconstructed@a9f633e09d49a85829b8236331b9e21f7e612634:source/packages/proto/generated/aiserver/v1/shadow_workspace_pb.ts,source/packages/proto/generated/aiserver/v1/shadow_workspace_pb.swift,generated-Swift,direct-equivalent,mapped,,,
source/packages/proto/generated/aiserver/v1/symbolic_context_pb.ts,iOS-local package/runtime implementation,b-nnett/grok-bot-0.18-reconstructed@a9f633e09d49a85829b8236331b9e21f7e612634:source/packages/proto/generated/aiserver/v1/symbolic_context_pb.ts,source/packages/proto/generated/aiserver/v1/symbolic_context_pb.swift,generated-Swift,direct-equivalent,mapped,,,
source/packages/proto/generated/aiserver/v1/telemetry_pb.ts,iOS-local package/runtime implementation,b-nnett/grok-bot-0.18-reconstructed@a9f633e09d49a85829b8236331b9e21f7e612634:source/packages/proto/generated/aiserver/v1/telemetry_pb.ts,source/packages/proto/generated/aiserver/v1/telemetry_pb.swift,generated-Swift,direct-equivalent,mapped,,,
source/packages/proto/generated/aiserver/v1/tools_pb.ts,iOS-local package/runtime implementation,b-nnett/grok-bot-0.18-reconstructed@a9f633e09d49a85829b8236331b9e21f7e612634:source/packages/proto/generated/aiserver/v1/tools_pb.ts,source/packages/proto/generated/aiserver/v1/tools_pb.swift,generated-Swift,direct-equivalent,mapped,,,
source/packages/proto/generated/aiserver/v1/usage_pb.ts,iOS-local package/runtime implementation,b-nnett/grok-bot-0.18-reconstructed@a9f633e09d49a85829b8236331b9e21f7e612634:source/packages/proto/generated/aiserver/v1/usage_pb.ts,source/packages/proto/generated/aiserver/v1/usage_pb.swift,generated-Swift,direct-equivalent,mapped,,,
source/packages/proto/generated/aiserver/v1/usage_signals_pb.ts,iOS-local package/runtime implementation,b-nnett/grok-bot-0.18-reconstructed@a9f633e09d49a85829b8236331b9e21f7e612634:source/packages/proto/generated/aiserver/v1/usage_signals_pb.ts,source/packages/proto/generated/aiserver/v1/usage_signals_pb.swift,generated-Swift,direct-equivalent,mapped,,,
source/packages/proto/generated/aiserver/v1/utils_pb.ts,iOS-local package/runtime implementation,b-nnett/grok-bot-0.18-reconstructed@a9f633e09d49a85829b8236331b9e21f7e612634:source/packages/proto/generated/aiserver/v1/utils_pb.ts,source/packages/proto/generated/aiserver/v1/utils_pb.swift,generated-Swift,direct-equivalent,mapped,,,
source/packages/proto/generated/aiserver/v1/waterfall_update_pb.ts,iOS-local package/runtime implementation,b-nnett/grok-bot-0.18-reconstructed@a9f633e09d49a85829b8236331b9e21f7e612634:source/packages/proto/generated/aiserver/v1/waterfall_update_pb.ts,source/packages/proto/generated/aiserver/v1/waterfall_update_pb.swift,generated-Swift,direct-equivalent,mapped,,,
source/packages/proto/generated/anyrun/v1/common_pb.ts,iOS-local package/runtime implementation,b-nnett/grok-bot-0.18-reconstructed@a9f633e09d49a85829b8236331b9e21f7e612634:source/packages/proto/generated/anyrun/v1/common_pb.ts,source/packages/proto/generated/anyrun/v1/common_pb.swift,generated-Swift,direct-equivalent,mapped,,,
source/packages/proto/generated/anyrun/v1/persisted_dev_container_pb.ts,iOS-local package/runtime implementation,b-nnett/grok-bot-0.18-reconstructed@a9f633e09d49a85829b8236331b9e21f7e612634:source/packages/proto/generated/anyrun/v1/persisted_dev_container_pb.ts,source/packages/proto/generated/anyrun/v1/persisted_dev_container_pb.swift,generated-Swift,direct-equivalent,mapped,,,
source/packages/proto/generated/anyrun/v1/pod_daemon_pb.ts,iOS-local package/runtime implementation,b-nnett/grok-bot-0.18-reconstructed@a9f633e09d49a85829b8236331b9e21f7e612634:source/packages/proto/generated/anyrun/v1/pod_daemon_pb.ts,source/packages/proto/generated/anyrun/v1/pod_daemon_pb.swift,generated-Swift,direct-equivalent,mapped,,,
source/packages/proto/generated/anyrun/v1/pod_event_pb.ts,iOS-local package/runtime implementation,b-nnett/grok-bot-0.18-reconstructed@a9f633e09d49a85829b8236331b9e21f7e612634:source/packages/proto/generated/anyrun/v1/pod_event_pb.ts,source/packages/proto/generated/anyrun/v1/pod_event_pb.swift,generated-Swift,direct-equivalent,mapped,,,
source/packages/proto/generated/anyrun/v1/pod_pb.ts,iOS-local package/runtime implementation,b-nnett/grok-bot-0.18-reconstructed@a9f633e09d49a85829b8236331b9e21f7e612634:source/packages/proto/generated/anyrun/v1/pod_pb.ts,source/packages/proto/generated/anyrun/v1/pod_pb.swift,generated-Swift,direct-equivalent,mapped,,,
source/packages/proto/generated/anyrun/v1/snapshot_pb.ts,iOS-local package/runtime implementation,b-nnett/grok-bot-0.18-reconstructed@a9f633e09d49a85829b8236331b9e21f7e612634:source/packages/proto/generated/anyrun/v1/snapshot_pb.ts,source/packages/proto/generated/anyrun/v1/snapshot_pb.swift,generated-Swift,direct-equivalent,mapped,,,
source/packages/proto/generated/internapi/v1/blob_pb.ts,iOS-local package/runtime implementation,b-nnett/grok-bot-0.18-reconstructed@a9f633e09d49a85829b8236331b9e21f7e612634:source/packages/proto/generated/internapi/v1/blob_pb.ts,source/packages/proto/generated/internapi/v1/blob_pb.swift,generated-Swift,direct-equivalent,mapped,,,
source/packages/redacted-protos/generated/agent/v1/adopt_tool_redacted.ts,iOS-local package/runtime implementation,b-nnett/grok-bot-0.18-reconstructed@a9f633e09d49a85829b8236331b9e21f7e612634:source/packages/redacted-protos/generated/agent/v1/adopt_tool_redacted.ts,source/packages/redacted-protos/generated/agent/v1/adopt_tool_redacted.rs,Rust,direct-equivalent,mapped,,,
source/packages/redacted-protos/generated/agent/v1/agent_redacted.ts,iOS-local package/runtime implementation,b-nnett/grok-bot-0.18-reconstructed@a9f633e09d49a85829b8236331b9e21f7e612634:source/packages/redacted-protos/generated/agent/v1/agent_redacted.ts,source/packages/redacted-protos/generated/agent/v1/agent_redacted.rs,Rust,direct-equivalent,mapped,,,
source/packages/redacted-protos/generated/agent/v1/agent_skills_redacted.ts,iOS-local package/runtime implementation,b-nnett/grok-bot-0.18-reconstructed@a9f633e09d49a85829b8236331b9e21f7e612634:source/packages/redacted-protos/generated/agent/v1/agent_skills_redacted.ts,source/packages/redacted-protos/generated/agent/v1/agent_skills_redacted.rs,Rust,direct-equivalent,mapped,,,
source/packages/redacted-protos/generated/agent/v1/ai_attribution_tool_redacted.ts,iOS-local package/runtime implementation,b-nnett/grok-bot-0.18-reconstructed@a9f633e09d49a85829b8236331b9e21f7e612634:source/packages/redacted-protos/generated/agent/v1/ai_attribution_tool_redacted.ts,source/packages/redacted-protos/generated/agent/v1/ai_attribution_tool_redacted.rs,Rust,direct-equivalent,mapped,,,
source/packages/redacted-protos/generated/agent/v1/apply_agent_diff_tool_redacted.ts,iOS-local package/runtime implementation,b-nnett/grok-bot-0.18-reconstructed@a9f633e09d49a85829b8236331b9e21f7e612634:source/packages/redacted-protos/generated/agent/v1/apply_agent_diff_tool_redacted.ts,source/packages/redacted-protos/generated/agent/v1/apply_agent_diff_tool_redacted.rs,Rust,direct-equivalent,mapped,,,
source/packages/redacted-protos/generated/agent/v1/ask_question_tool_redacted.ts,iOS-local package/runtime implementation,b-nnett/grok-bot-0.18-reconstructed@a9f633e09d49a85829b8236331b9e21f7e612634:source/packages/redacted-protos/generated/agent/v1/ask_question_tool_redacted.ts,source/packages/redacted-protos/generated/agent/v1/ask_question_tool_redacted.rs,Rust,direct-equivalent,mapped,,,
source/packages/redacted-protos/generated/agent/v1/await_tool_redacted.ts,iOS-local package/runtime implementation,b-nnett/grok-bot-0.18-reconstructed@a9f633e09d49a85829b8236331b9e21f7e612634:source/packages/redacted-protos/generated/agent/v1/await_tool_redacted.ts,source/packages/redacted-protos/generated/agent/v1/await_tool_redacted.rs,Rust,direct-equivalent,mapped,,,
source/packages/redacted-protos/generated/agent/v1/background_shell_exec_redacted.ts,iOS-local package/runtime implementation,b-nnett/grok-bot-0.18-reconstructed@a9f633e09d49a85829b8236331b9e21f7e612634:source/packages/redacted-protos/generated/agent/v1/background_shell_exec_redacted.ts,source/packages/redacted-protos/generated/agent/v1/background_shell_exec_redacted.rs,Rust,direct-equivalent,mapped,,,
source/packages/redacted-protos/generated/agent/v1/blame_by_file_path_tool_redacted.ts,iOS-local package/runtime implementation,b-nnett/grok-bot-0.18-reconstructed@a9f633e09d49a85829b8236331b9e21f7e612634:source/packages/redacted-protos/generated/agent/v1/blame_by_file_path_tool_redacted.ts,source/packages/redacted-protos/generated/agent/v1/blame_by_file_path_tool_redacted.rs,Rust,direct-equivalent,mapped,,,
source/packages/redacted-protos/generated/agent/v1/communicate_update_tool_redacted.ts,iOS-local package/runtime implementation,b-nnett/grok-bot-0.18-reconstructed@a9f633e09d49a85829b8236331b9e21f7e612634:source/packages/redacted-protos/generated/agent/v1/communicate_update_tool_redacted.ts,source/packages/redacted-protos/generated/agent/v1/communicate_update_tool_redacted.rs,Rust,direct-equivalent,mapped,,,
source/packages/redacted-protos/generated/agent/v1/computer_use_tool_redacted.ts,iOS-local package/runtime implementation,b-nnett/grok-bot-0.18-reconstructed@a9f633e09d49a85829b8236331b9e21f7e612634:source/packages/redacted-protos/generated/agent/v1/computer_use_tool_redacted.ts,source/packages/redacted-protos/generated/agent/v1/computer_use_tool_redacted.rs,Rust,direct-equivalent,mapped,,,
source/packages/redacted-protos/generated/agent/v1/connect_scm_tool_redacted.ts,iOS-local package/runtime implementation,b-nnett/grok-bot-0.18-reconstructed@a9f633e09d49a85829b8236331b9e21f7e612634:source/packages/redacted-protos/generated/agent/v1/connect_scm_tool_redacted.ts,source/packages/redacted-protos/generated/agent/v1/connect_scm_tool_redacted.rs,Rust,direct-equivalent,mapped,,,
source/packages/redacted-protos/generated/agent/v1/conversation_search_exec_redacted.ts,iOS-local package/runtime implementation,b-nnett/grok-bot-0.18-reconstructed@a9f633e09d49a85829b8236331b9e21f7e612634:source/packages/redacted-protos/generated/agent/v1/conversation_search_exec_redacted.ts,source/packages/redacted-protos/generated/agent/v1/conversation_search_exec_redacted.rs,Rust,direct-equivalent,mapped,,,
source/packages/redacted-protos/generated/agent/v1/coordinator_tools_redacted.ts,iOS-local package/runtime implementation,b-nnett/grok-bot-0.18-reconstructed@a9f633e09d49a85829b8236331b9e21f7e612634:source/packages/redacted-protos/generated/agent/v1/coordinator_tools_redacted.ts,source/packages/redacted-protos/generated/agent/v1/coordinator_tools_redacted.rs,Rust,direct-equivalent,mapped,,,
source/packages/redacted-protos/generated/agent/v1/create_plan_tool_redacted.ts,iOS-local package/runtime implementation,b-nnett/grok-bot-0.18-reconstructed@a9f633e09d49a85829b8236331b9e21f7e612634:source/packages/redacted-protos/generated/agent/v1/create_plan_tool_redacted.ts,source/packages/redacted-protos/generated/agent/v1/create_plan_tool_redacted.rs,Rust,direct-equivalent,mapped,,,
source/packages/redacted-protos/generated/agent/v1/cursor_rules_redacted.ts,iOS-local package/runtime implementation,b-nnett/grok-bot-0.18-reconstructed@a9f633e09d49a85829b8236331b9e21f7e612634:source/packages/redacted-protos/generated/agent/v1/cursor_rules_redacted.ts,source/packages/redacted-protos/generated/agent/v1/cursor_rules_redacted.rs,Rust,direct-equivalent,mapped,,,
source/packages/redacted-protos/generated/agent/v1/delete_exec_redacted.ts,iOS-local package/runtime implementation,b-nnett/grok-bot-0.18-reconstructed@a9f633e09d49a85829b8236331b9e21f7e612634:source/packages/redacted-protos/generated/agent/v1/delete_exec_redacted.ts,source/packages/redacted-protos/generated/agent/v1/delete_exec_redacted.rs,Rust,direct-equivalent,mapped,,,
source/packages/redacted-protos/generated/agent/v1/delete_tool_redacted.ts,iOS-local package/runtime implementation,b-nnett/grok-bot-0.18-reconstructed@a9f633e09d49a85829b8236331b9e21f7e612634:source/packages/redacted-protos/generated/agent/v1/delete_tool_redacted.ts,source/packages/redacted-protos/generated/agent/v1/delete_tool_redacted.rs,Rust,direct-equivalent,mapped,,,
source/packages/redacted-protos/generated/agent/v1/edit_pr_labels_tool_redacted.ts,iOS-local package/runtime implementation,b-nnett/grok-bot-0.18-reconstructed@a9f633e09d49a85829b8236331b9e21f7e612634:source/packages/redacted-protos/generated/agent/v1/edit_pr_labels_tool_redacted.ts,source/packages/redacted-protos/generated/agent/v1/edit_pr_labels_tool_redacted.rs,Rust,direct-equivalent,mapped,,,
source/packages/redacted-protos/generated/agent/v1/edit_tool_redacted.ts,iOS-local package/runtime implementation,b-nnett/grok-bot-0.18-reconstructed@a9f633e09d49a85829b8236331b9e21f7e612634:source/packages/redacted-protos/generated/agent/v1/edit_tool_redacted.ts,source/packages/redacted-protos/generated/agent/v1/edit_tool_redacted.rs,Rust,direct-equivalent,mapped,,,
source/packages/redacted-protos/generated/agent/v1/fetch_cloud_agent_data_tool_redacted.ts,iOS-local package/runtime implementation,b-nnett/grok-bot-0.18-reconstructed@a9f633e09d49a85829b8236331b9e21f7e612634:source/packages/redacted-protos/generated/agent/v1/fetch_cloud_agent_data_tool_redacted.ts,source/packages/redacted-protos/generated/agent/v1/fetch_cloud_agent_data_tool_redacted.rs,Rust,direct-equivalent,mapped,,,
source/packages/redacted-protos/generated/agent/v1/fetch_exec_redacted.ts,iOS-local package/runtime implementation,b-nnett/grok-bot-0.18-reconstructed@a9f633e09d49a85829b8236331b9e21f7e612634:source/packages/redacted-protos/generated/agent/v1/fetch_exec_redacted.ts,source/packages/redacted-protos/generated/agent/v1/fetch_exec_redacted.rs,Rust,direct-equivalent,mapped,,,
source/packages/redacted-protos/generated/agent/v1/fetch_tool_redacted.ts,iOS-local package/runtime implementation,b-nnett/grok-bot-0.18-reconstructed@a9f633e09d49a85829b8236331b9e21f7e612634:source/packages/redacted-protos/generated/agent/v1/fetch_tool_redacted.ts,source/packages/redacted-protos/generated/agent/v1/fetch_tool_redacted.rs,Rust,direct-equivalent,mapped,,,
source/packages/redacted-protos/generated/agent/v1/generate_image_tool_redacted.ts,iOS-local package/runtime implementation,b-nnett/grok-bot-0.18-reconstructed@a9f633e09d49a85829b8236331b9e21f7e612634:source/packages/redacted-protos/generated/agent/v1/generate_image_tool_redacted.ts,source/packages/redacted-protos/generated/agent/v1/generate_image_tool_redacted.rs,Rust,direct-equivalent,mapped,,,
source/packages/redacted-protos/generated/agent/v1/get_mcp_tools_tool_redacted.ts,iOS-local package/runtime implementation,b-nnett/grok-bot-0.18-reconstructed@a9f633e09d49a85829b8236331b9e21f7e612634:source/packages/redacted-protos/generated/agent/v1/get_mcp_tools_tool_redacted.ts,source/packages/redacted-protos/generated/agent/v1/get_mcp_tools_tool_redacted.rs,Rust,direct-equivalent,mapped,,,
source/packages/redacted-protos/generated/agent/v1/glob_tool_redacted.ts,iOS-local package/runtime implementation,b-nnett/grok-bot-0.18-reconstructed@a9f633e09d49a85829b8236331b9e21f7e612634:source/packages/redacted-protos/generated/agent/v1/glob_tool_redacted.ts,source/packages/redacted-protos/generated/agent/v1/glob_tool_redacted.rs,Rust,direct-equivalent,mapped,,,
source/packages/redacted-protos/generated/agent/v1/goal_tool_redacted.ts,iOS-local package/runtime implementation,b-nnett/grok-bot-0.18-reconstructed@a9f633e09d49a85829b8236331b9e21f7e612634:source/packages/redacted-protos/generated/agent/v1/goal_tool_redacted.ts,source/packages/redacted-protos/generated/agent/v1/goal_tool_redacted.rs,Rust,direct-equivalent,mapped,,,
source/packages/redacted-protos/generated/agent/v1/grep_exec_redacted.ts,iOS-local package/runtime implementation,b-nnett/grok-bot-0.18-reconstructed@a9f633e09d49a85829b8236331b9e21f7e612634:source/packages/redacted-protos/generated/agent/v1/grep_exec_redacted.ts,source/packages/redacted-protos/generated/agent/v1/grep_exec_redacted.rs,Rust,direct-equivalent,mapped,,,
source/packages/redacted-protos/generated/agent/v1/grep_tool_redacted.ts,iOS-local package/runtime implementation,b-nnett/grok-bot-0.18-reconstructed@a9f633e09d49a85829b8236331b9e21f7e612634:source/packages/redacted-protos/generated/agent/v1/grep_tool_redacted.ts,source/packages/redacted-protos/generated/agent/v1/grep_tool_redacted.rs,Rust,direct-equivalent,mapped,,,
source/packages/redacted-protos/generated/agent/v1/hook_additional_context_redacted.ts,iOS-local package/runtime implementation,b-nnett/grok-bot-0.18-reconstructed@a9f633e09d49a85829b8236331b9e21f7e612634:source/packages/redacted-protos/generated/agent/v1/hook_additional_context_redacted.ts,source/packages/redacted-protos/generated/agent/v1/hook_additional_context_redacted.rs,Rust,direct-equivalent,mapped,,,
source/packages/redacted-protos/generated/agent/v1/ls_exec_redacted.ts,iOS-local package/runtime implementation,b-nnett/grok-bot-0.18-reconstructed@a9f633e09d49a85829b8236331b9e21f7e612634:source/packages/redacted-protos/generated/agent/v1/ls_exec_redacted.ts,source/packages/redacted-protos/generated/agent/v1/ls_exec_redacted.rs,Rust,direct-equivalent,mapped,,,
source/packages/redacted-protos/generated/agent/v1/ls_tool_redacted.ts,iOS-local package/runtime implementation,b-nnett/grok-bot-0.18-reconstructed@a9f633e09d49a85829b8236331b9e21f7e612634:source/packages/redacted-protos/generated/agent/v1/ls_tool_redacted.ts,source/packages/redacted-protos/generated/agent/v1/ls_tool_redacted.rs,Rust,direct-equivalent,mapped,,,
source/packages/redacted-protos/generated/agent/v1/mcp_auth_tool_redacted.ts,iOS-local package/runtime implementation,b-nnett/grok-bot-0.18-reconstructed@a9f633e09d49a85829b8236331b9e21f7e612634:source/packages/redacted-protos/generated/agent/v1/mcp_auth_tool_redacted.ts,source/packages/redacted-protos/generated/agent/v1/mcp_auth_tool_redacted.rs,Rust,direct-equivalent,mapped,,,
source/packages/redacted-protos/generated/agent/v1/mcp_exec_redacted.ts,iOS-local package/runtime implementation,b-nnett/grok-bot-0.18-reconstructed@a9f633e09d49a85829b8236331b9e21f7e612634:source/packages/redacted-protos/generated/agent/v1/mcp_exec_redacted.ts,source/packages/redacted-protos/generated/agent/v1/mcp_exec_redacted.rs,Rust,direct-equivalent,mapped,,,
source/packages/redacted-protos/generated/agent/v1/mcp_redacted.ts,iOS-local package/runtime implementation,b-nnett/grok-bot-0.18-reconstructed@a9f633e09d49a85829b8236331b9e21f7e612634:source/packages/redacted-protos/generated/agent/v1/mcp_redacted.ts,source/packages/redacted-protos/generated/agent/v1/mcp_redacted.rs,Rust,direct-equivalent,mapped,,,
source/packages/redacted-protos/generated/agent/v1/mcp_resource_tool_redacted.ts,iOS-local package/runtime implementation,b-nnett/grok-bot-0.18-reconstructed@a9f633e09d49a85829b8236331b9e21f7e612634:source/packages/redacted-protos/generated/agent/v1/mcp_resource_tool_redacted.ts,source/packages/redacted-protos/generated/agent/v1/mcp_resource_tool_redacted.rs,Rust,direct-equivalent,mapped,,,
source/packages/redacted-protos/generated/agent/v1/mcp_tool_redacted.ts,iOS-local package/runtime implementation,b-nnett/grok-bot-0.18-reconstructed@a9f633e09d49a85829b8236331b9e21f7e612634:source/packages/redacted-protos/generated/agent/v1/mcp_tool_redacted.ts,source/packages/redacted-protos/generated/agent/v1/mcp_tool_redacted.rs,Rust,direct-equivalent,mapped,,,
source/packages/redacted-protos/generated/agent/v1/pi_bash_tool_redacted.ts,iOS-local package/runtime implementation,b-nnett/grok-bot-0.18-reconstructed@a9f633e09d49a85829b8236331b9e21f7e612634:source/packages/redacted-protos/generated/agent/v1/pi_bash_tool_redacted.ts,source/packages/redacted-protos/generated/agent/v1/pi_bash_tool_redacted.rs,Rust,direct-equivalent,mapped,,,
source/packages/redacted-protos/generated/agent/v1/pi_common_redacted.ts,iOS-local package/runtime implementation,b-nnett/grok-bot-0.18-reconstructed@a9f633e09d49a85829b8236331b9e21f7e612634:source/packages/redacted-protos/generated/agent/v1/pi_common_redacted.ts,source/packages/redacted-protos/generated/agent/v1/pi_common_redacted.rs,Rust,direct-equivalent,mapped,,,
source/packages/redacted-protos/generated/agent/v1/pi_edit_tool_redacted.ts,iOS-local package/runtime implementation,b-nnett/grok-bot-0.18-reconstructed@a9f633e09d49a85829b8236331b9e21f7e612634:source/packages/redacted-protos/generated/agent/v1/pi_edit_tool_redacted.ts,source/packages/redacted-protos/generated/agent/v1/pi_edit_tool_redacted.rs,Rust,direct-equivalent,mapped,,,
source/packages/redacted-protos/generated/agent/v1/pi_find_tool_redacted.ts,iOS-local package/runtime implementation,b-nnett/grok-bot-0.18-reconstructed@a9f633e09d49a85829b8236331b9e21f7e612634:source/packages/redacted-protos/generated/agent/v1/pi_find_tool_redacted.ts,source/packages/redacted-protos/generated/agent/v1/pi_find_tool_redacted.rs,Rust,direct-equivalent,mapped,,,
source/packages/redacted-protos/generated/agent/v1/pi_grep_tool_redacted.ts,iOS-local package/runtime implementation,b-nnett/grok-bot-0.18-reconstructed@a9f633e09d49a85829b8236331b9e21f7e612634:source/packages/redacted-protos/generated/agent/v1/pi_grep_tool_redacted.ts,source/packages/redacted-protos/generated/agent/v1/pi_grep_tool_redacted.rs,Rust,direct-equivalent,mapped,,,
source/packages/redacted-protos/generated/agent/v1/pi_ls_tool_redacted.ts,iOS-local package/runtime implementation,b-nnett/grok-bot-0.18-reconstructed@a9f633e09d49a85829b8236331b9e21f7e612634:source/packages/redacted-protos/generated/agent/v1/pi_ls_tool_redacted.ts,source/packages/redacted-protos/generated/agent/v1/pi_ls_tool_redacted.rs,Rust,direct-equivalent,mapped,,,
source/packages/redacted-protos/generated/agent/v1/pi_read_tool_redacted.ts,iOS-local package/runtime implementation,b-nnett/grok-bot-0.18-reconstructed@a9f633e09d49a85829b8236331b9e21f7e612634:source/packages/redacted-protos/generated/agent/v1/pi_read_tool_redacted.ts,source/packages/redacted-protos/generated/agent/v1/pi_read_tool_redacted.rs,Rust,direct-equivalent,mapped,,,
source/packages/redacted-protos/generated/agent/v1/pi_write_tool_redacted.ts,iOS-local package/runtime implementation,b-nnett/grok-bot-0.18-reconstructed@a9f633e09d49a85829b8236331b9e21f7e612634:source/packages/redacted-protos/generated/agent/v1/pi_write_tool_redacted.ts,source/packages/redacted-protos/generated/agent/v1/pi_write_tool_redacted.rs,Rust,direct-equivalent,mapped,,,
source/packages/redacted-protos/generated/agent/v1/pr_management_tool_redacted.ts,iOS-local package/runtime implementation,b-nnett/grok-bot-0.18-reconstructed@a9f633e09d49a85829b8236331b9e21f7e612634:source/packages/redacted-protos/generated/agent/v1/pr_management_tool_redacted.ts,source/packages/redacted-protos/generated/agent/v1/pr_management_tool_redacted.rs,Rust,direct-equivalent,mapped,,,
source/packages/redacted-protos/generated/agent/v1/read_lints_tool_redacted.ts,iOS-local package/runtime implementation,b-nnett/grok-bot-0.18-reconstructed@a9f633e09d49a85829b8236331b9e21f7e612634:source/packages/redacted-protos/generated/agent/v1/read_lints_tool_redacted.ts,source/packages/redacted-protos/generated/agent/v1/read_lints_tool_redacted.rs,Rust,direct-equivalent,mapped,,,
source/packages/redacted-protos/generated/agent/v1/read_tool_redacted.ts,iOS-local package/runtime implementation,b-nnett/grok-bot-0.18-reconstructed@a9f633e09d49a85829b8236331b9e21f7e612634:source/packages/redacted-protos/generated/agent/v1/read_tool_redacted.ts,source/packages/redacted-protos/generated/agent/v1/read_tool_redacted.rs,Rust,direct-equivalent,mapped,,,
source/packages/redacted-protos/generated/agent/v1/record_ci_investigation_findings_tool_redacted.ts,iOS-local package/runtime implementation,b-nnett/grok-bot-0.18-reconstructed@a9f633e09d49a85829b8236331b9e21f7e612634:source/packages/redacted-protos/generated/agent/v1/record_ci_investigation_findings_tool_redacted.ts,source/packages/redacted-protos/generated/agent/v1/record_ci_investigation_findings_tool_redacted.rs,Rust,direct-equivalent,mapped,,,
source/packages/redacted-protos/generated/agent/v1/record_screen_exec_redacted.ts,iOS-local package/runtime implementation,b-nnett/grok-bot-0.18-reconstructed@a9f633e09d49a85829b8236331b9e21f7e612634:source/packages/redacted-protos/generated/agent/v1/record_screen_exec_redacted.ts,source/packages/redacted-protos/generated/agent/v1/record_screen_exec_redacted.rs,Rust,direct-equivalent,mapped,,,
source/packages/redacted-protos/generated/agent/v1/record_screen_tool_redacted.ts,iOS-local package/runtime implementation,b-nnett/grok-bot-0.18-reconstructed@a9f633e09d49a85829b8236331b9e21f7e612634:source/packages/redacted-protos/generated/agent/v1/record_screen_tool_redacted.ts,source/packages/redacted-protos/generated/agent/v1/record_screen_tool_redacted.rs,Rust,direct-equivalent,mapped,,,
source/packages/redacted-protos/generated/agent/v1/reflect_tool_redacted.ts,iOS-local package/runtime implementation,b-nnett/grok-bot-0.18-reconstructed@a9f633e09d49a85829b8236331b9e21f7e612634:source/packages/redacted-protos/generated/agent/v1/reflect_tool_redacted.ts,source/packages/redacted-protos/generated/agent/v1/reflect_tool_redacted.rs,Rust,direct-equivalent,mapped,,,
source/packages/redacted-protos/generated/agent/v1/replace_env_tool_redacted.ts,iOS-local package/runtime implementation,b-nnett/grok-bot-0.18-reconstructed@a9f633e09d49a85829b8236331b9e21f7e612634:source/packages/redacted-protos/generated/agent/v1/replace_env_tool_redacted.ts,source/packages/redacted-protos/generated/agent/v1/replace_env_tool_redacted.rs,Rust,direct-equivalent,mapped,,,
source/packages/redacted-protos/generated/agent/v1/repo_redacted.ts,iOS-local package/runtime implementation,b-nnett/grok-bot-0.18-reconstructed@a9f633e09d49a85829b8236331b9e21f7e612634:source/packages/redacted-protos/generated/agent/v1/repo_redacted.ts,source/packages/redacted-protos/generated/agent/v1/repo_redacted.rs,Rust,direct-equivalent,mapped,,,
source/packages/redacted-protos/generated/agent/v1/report_bug_tool_redacted.ts,iOS-local package/runtime implementation,b-nnett/grok-bot-0.18-reconstructed@a9f633e09d49a85829b8236331b9e21f7e612634:source/packages/redacted-protos/generated/agent/v1/report_bug_tool_redacted.ts,source/packages/redacted-protos/generated/agent/v1/report_bug_tool_redacted.rs,Rust,direct-equivalent,mapped,,,
source/packages/redacted-protos/generated/agent/v1/report_bugfix_results_tool_redacted.ts,iOS-local package/runtime implementation,b-nnett/grok-bot-0.18-reconstructed@a9f633e09d49a85829b8236331b9e21f7e612634:source/packages/redacted-protos/generated/agent/v1/report_bugfix_results_tool_redacted.ts,source/packages/redacted-protos/generated/agent/v1/report_bugfix_results_tool_redacted.rs,Rust,direct-equivalent,mapped,,,
source/packages/redacted-protos/generated/agent/v1/request_context_exec_redacted.ts,iOS-local package/runtime implementation,b-nnett/grok-bot-0.18-reconstructed@a9f633e09d49a85829b8236331b9e21f7e612634:source/packages/redacted-protos/generated/agent/v1/request_context_exec_redacted.ts,source/packages/redacted-protos/generated/agent/v1/request_context_exec_redacted.rs,Rust,direct-equivalent,mapped,,,
source/packages/redacted-protos/generated/agent/v1/sandbox_redacted.ts,iOS-local package/runtime implementation,b-nnett/grok-bot-0.18-reconstructed@a9f633e09d49a85829b8236331b9e21f7e612634:source/packages/redacted-protos/generated/agent/v1/sandbox_redacted.ts,source/packages/redacted-protos/generated/agent/v1/sandbox_redacted.rs,Rust,direct-equivalent,mapped,,,
source/packages/redacted-protos/generated/agent/v1/search_conversations_tool_redacted.ts,iOS-local package/runtime implementation,b-nnett/grok-bot-0.18-reconstructed@a9f633e09d49a85829b8236331b9e21f7e612634:source/packages/redacted-protos/generated/agent/v1/search_conversations_tool_redacted.ts,source/packages/redacted-protos/generated/agent/v1/search_conversations_tool_redacted.rs,Rust,direct-equivalent,mapped,,,
source/packages/redacted-protos/generated/agent/v1/selected_context_redacted.ts,iOS-local package/runtime implementation,b-nnett/grok-bot-0.18-reconstructed@a9f633e09d49a85829b8236331b9e21f7e612634:source/packages/redacted-protos/generated/agent/v1/selected_context_redacted.ts,source/packages/redacted-protos/generated/agent/v1/selected_context_redacted.rs,Rust,direct-equivalent,mapped,,,
source/packages/redacted-protos/generated/agent/v1/semsearch_tool_redacted.ts,iOS-local package/runtime implementation,b-nnett/grok-bot-0.18-reconstructed@a9f633e09d49a85829b8236331b9e21f7e612634:source/packages/redacted-protos/generated/agent/v1/semsearch_tool_redacted.ts,source/packages/redacted-protos/generated/agent/v1/semsearch_tool_redacted.rs,Rust,direct-equivalent,mapped,,,
source/packages/redacted-protos/generated/agent/v1/send_final_summary_tool_redacted.ts,iOS-local package/runtime implementation,b-nnett/grok-bot-0.18-reconstructed@a9f633e09d49a85829b8236331b9e21f7e612634:source/packages/redacted-protos/generated/agent/v1/send_final_summary_tool_redacted.ts,source/packages/redacted-protos/generated/agent/v1/send_final_summary_tool_redacted.rs,Rust,direct-equivalent,mapped,,,
source/packages/redacted-protos/generated/agent/v1/send_message_tool_redacted.ts,iOS-local package/runtime implementation,b-nnett/grok-bot-0.18-reconstructed@a9f633e09d49a85829b8236331b9e21f7e612634:source/packages/redacted-protos/generated/agent/v1/send_message_tool_redacted.ts,source/packages/redacted-protos/generated/agent/v1/send_message_tool_redacted.rs,Rust,direct-equivalent,mapped,,,
source/packages/redacted-protos/generated/agent/v1/send_to_user_tool_redacted.ts,iOS-local package/runtime implementation,b-nnett/grok-bot-0.18-reconstructed@a9f633e09d49a85829b8236331b9e21f7e612634:source/packages/redacted-protos/generated/agent/v1/send_to_user_tool_redacted.ts,source/packages/redacted-protos/generated/agent/v1/send_to_user_tool_redacted.rs,Rust,direct-equivalent,mapped,,,
source/packages/redacted-protos/generated/agent/v1/setup_vm_environment_tool_redacted.ts,iOS-local package/runtime implementation,b-nnett/grok-bot-0.18-reconstructed@a9f633e09d49a85829b8236331b9e21f7e612634:source/packages/redacted-protos/generated/agent/v1/setup_vm_environment_tool_redacted.ts,source/packages/redacted-protos/generated/agent/v1/setup_vm_environment_tool_redacted.rs,Rust,direct-equivalent,mapped,,,
source/packages/redacted-protos/generated/agent/v1/shell_exec_redacted.ts,iOS-local package/runtime implementation,b-nnett/grok-bot-0.18-reconstructed@a9f633e09d49a85829b8236331b9e21f7e612634:source/packages/redacted-protos/generated/agent/v1/shell_exec_redacted.ts,source/packages/redacted-protos/generated/agent/v1/shell_exec_redacted.rs,Rust,direct-equivalent,mapped,,,
source/packages/redacted-protos/generated/agent/v1/shell_tool_redacted.ts,iOS-local package/runtime implementation,b-nnett/grok-bot-0.18-reconstructed@a9f633e09d49a85829b8236331b9e21f7e612634:source/packages/redacted-protos/generated/agent/v1/shell_tool_redacted.ts,source/packages/redacted-protos/generated/agent/v1/shell_tool_redacted.rs,Rust,direct-equivalent,mapped,,,
source/packages/redacted-protos/generated/agent/v1/start_grind_execution_tool_redacted.ts,iOS-local package/runtime implementation,b-nnett/grok-bot-0.18-reconstructed@a9f633e09d49a85829b8236331b9e21f7e612634:source/packages/redacted-protos/generated/agent/v1/start_grind_execution_tool_redacted.ts,source/packages/redacted-protos/generated/agent/v1/start_grind_execution_tool_redacted.rs,Rust,direct-equivalent,mapped,,,
source/packages/redacted-protos/generated/agent/v1/start_grind_planning_tool_redacted.ts,iOS-local package/runtime implementation,b-nnett/grok-bot-0.18-reconstructed@a9f633e09d49a85829b8236331b9e21f7e612634:source/packages/redacted-protos/generated/agent/v1/start_grind_planning_tool_redacted.ts,source/packages/redacted-protos/generated/agent/v1/start_grind_planning_tool_redacted.rs,Rust,direct-equivalent,mapped,,,
source/packages/redacted-protos/generated/agent/v1/subagents_redacted.ts,iOS-local package/runtime implementation,b-nnett/grok-bot-0.18-reconstructed@a9f633e09d49a85829b8236331b9e21f7e612634:source/packages/redacted-protos/generated/agent/v1/subagents_redacted.ts,source/packages/redacted-protos/generated/agent/v1/subagents_redacted.rs,Rust,direct-equivalent,mapped,,,
source/packages/redacted-protos/generated/agent/v1/switch_mode_tool_redacted.ts,iOS-local package/runtime implementation,b-nnett/grok-bot-0.18-reconstructed@a9f633e09d49a85829b8236331b9e21f7e612634:source/packages/redacted-protos/generated/agent/v1/switch_mode_tool_redacted.ts,source/packages/redacted-protos/generated/agent/v1/switch_mode_tool_redacted.rs,Rust,direct-equivalent,mapped,,,
source/packages/redacted-protos/generated/agent/v1/system_prompt_redacted.ts,iOS-local package/runtime implementation,b-nnett/grok-bot-0.18-reconstructed@a9f633e09d49a85829b8236331b9e21f7e612634:source/packages/redacted-protos/generated/agent/v1/system_prompt_redacted.ts,source/packages/redacted-protos/generated/agent/v1/system_prompt_redacted.rs,Rust,direct-equivalent,mapped,,,
source/packages/redacted-protos/generated/agent/v1/todo_tool_redacted.ts,iOS-local package/runtime implementation,b-nnett/grok-bot-0.18-reconstructed@a9f633e09d49a85829b8236331b9e21f7e612634:source/packages/redacted-protos/generated/agent/v1/todo_tool_redacted.ts,source/packages/redacted-protos/generated/agent/v1/todo_tool_redacted.rs,Rust,direct-equivalent,mapped,,,
source/packages/redacted-protos/generated/agent/v1/update_pr_code_tour_tool_redacted.ts,iOS-local package/runtime implementation,b-nnett/grok-bot-0.18-reconstructed@a9f633e09d49a85829b8236331b9e21f7e612634:source/packages/redacted-protos/generated/agent/v1/update_pr_code_tour_tool_redacted.ts,source/packages/redacted-protos/generated/agent/v1/update_pr_code_tour_tool_redacted.rs,Rust,direct-equivalent,mapped,,,
source/packages/redacted-protos/generated/agent/v1/utils_redacted.ts,iOS-local package/runtime implementation,b-nnett/grok-bot-0.18-reconstructed@a9f633e09d49a85829b8236331b9e21f7e612634:source/packages/redacted-protos/generated/agent/v1/utils_redacted.ts,source/packages/redacted-protos/generated/agent/v1/utils_redacted.rs,Rust,direct-equivalent,mapped,,,
source/packages/redacted-protos/generated/agent/v1/web_fetch_tool_redacted.ts,iOS-local package/runtime implementation,b-nnett/grok-bot-0.18-reconstructed@a9f633e09d49a85829b8236331b9e21f7e612634:source/packages/redacted-protos/generated/agent/v1/web_fetch_tool_redacted.ts,source/packages/redacted-protos/generated/agent/v1/web_fetch_tool_redacted.rs,Rust,direct-equivalent,mapped,,,
source/packages/redacted-protos/generated/agent/v1/web_search_tool_redacted.ts,iOS-local package/runtime implementation,b-nnett/grok-bot-0.18-reconstructed@a9f633e09d49a85829b8236331b9e21f7e612634:source/packages/redacted-protos/generated/agent/v1/web_search_tool_redacted.ts,source/packages/redacted-protos/generated/agent/v1/web_search_tool_redacted.rs,Rust,direct-equivalent,mapped,,,
source/packages/redacted-protos/generated/agent/v1/write_shell_stdin_tool_redacted.ts,iOS-local package/runtime implementation,b-nnett/grok-bot-0.18-reconstructed@a9f633e09d49a85829b8236331b9e21f7e612634:source/packages/redacted-protos/generated/agent/v1/write_shell_stdin_tool_redacted.ts,source/packages/redacted-protos/generated/agent/v1/write_shell_stdin_tool_redacted.rs,Rust,direct-equivalent,mapped,,,
source/packages/redacted-protos/generated/aiserver/v1/repository_redacted.ts,iOS-local package/runtime implementation,b-nnett/grok-bot-0.18-reconstructed@a9f633e09d49a85829b8236331b9e21f7e612634:source/packages/redacted-protos/generated/aiserver/v1/repository_redacted.ts,source/packages/redacted-protos/generated/aiserver/v1/repository_redacted.rs,Rust,direct-equivalent,mapped,,,
source/packages/redacted-protos/generated/aiserver/v1/utils_redacted.ts,iOS-local package/runtime implementation,b-nnett/grok-bot-0.18-reconstructed@a9f633e09d49a85829b8236331b9e21f7e612634:source/packages/redacted-protos/generated/aiserver/v1/utils_redacted.ts,source/packages/redacted-protos/generated/aiserver/v1/utils_redacted.rs,Rust,direct-equivalent,mapped,,,
source/packages/redaction/classification.ts,iOS-local package/runtime implementation,b-nnett/grok-bot-0.18-reconstructed@a9f633e09d49a85829b8236331b9e21f7e612634:source/packages/redaction/classification.ts,source/packages/redaction/classification.rs,Rust,direct-equivalent,implemented,cargo test -p mahayana-app-host-mobile --lib (package_redaction_classification::tests),,Rust preserves data-classification sensitivity and the storage/training/logging/usage permission matrix without a JavaScript dependency.
source/packages/redaction/core-message.ts,iOS-local package/runtime implementation,b-nnett/grok-bot-0.18-reconstructed@a9f633e09d49a85829b8236331b9e21f7e612634:source/packages/redaction/core-message.ts,source/packages/redaction/core-message.rs,Rust,direct-equivalent,mapped,,,
source/packages/redaction/factory.ts,iOS-local package/runtime implementation,b-nnett/grok-bot-0.18-reconstructed@a9f633e09d49a85829b8236331b9e21f7e612634:source/packages/redaction/factory.ts,source/packages/redaction/factory.rs,Rust,direct-equivalent,mapped,,,
source/packages/redaction/privacy-context.ts,iOS-local package/runtime implementation,b-nnett/grok-bot-0.18-reconstructed@a9f633e09d49a85829b8236331b9e21f7e612634:source/packages/redaction/privacy-context.ts,source/packages/redaction/privacy-context.rs,Rust,direct-equivalent,implemented,cargo test -p mahayana-app-host-mobile --lib (package_redaction_privacy_context::tests),,Rust preserves explicit enforceRedaction precedence and the pinned carrier's absent global gate behavior; no unverified iOS-wide enforcement policy is invented.
source/packages/redaction/privacy-mode.ts,iOS-local package/runtime implementation,b-nnett/grok-bot-0.18-reconstructed@a9f633e09d49a85829b8236331b9e21f7e612634:source/packages/redaction/privacy-mode.ts,source/packages/redaction/privacy-mode.rs,Rust,direct-equivalent,implemented,cargo test -p mahayana-app-host-mobile --lib (package_redaction_privacy_mode::tests),,Rust enum preserves the pinned privacy-mode numeric wire values exactly.
source/packages/redaction/shouldRedact.ts,iOS-local package/runtime implementation,b-nnett/grok-bot-0.18-reconstructed@a9f633e09d49a85829b8236331b9e21f7e612634:source/packages/redaction/shouldRedact.ts,source/packages/redaction/shouldRedact.rs,Rust,direct-equivalent,implemented,cargo test -p mahayana-app-host-mobile --lib (package_redaction_should_redact::tests),,"Rust preserves credential/unspecified hard-redaction policy, sensitive classification mode handling, redacted marker formatting and enforcement-aware display selection."
source/packages/redaction/types.ts,iOS-local package/runtime implementation,b-nnett/grok-bot-0.18-reconstructed@a9f633e09d49a85829b8236331b9e21f7e612634:source/packages/redaction/types.ts,source/packages/redaction/types.rs,Rust,direct-equivalent,mapped,,,
source/packages/shell-exec/bash.ts,iOS capability/remote-runner adaptation; arbitrary shell/process execution forbidden,b-nnett/grok-bot-0.18-reconstructed@a9f633e09d49a85829b8236331b9e21f7e612634:source/packages/shell-exec/bash.ts,source/packages/shell-exec/bash.swift,Swift,ios-adapted,mapped,,,iOS forbids arbitrary local shell/process-daemon semantics; map to consented in-process capability or Remote Runner.
source/packages/shell-exec/core.ts,iOS capability/remote-runner adaptation; arbitrary shell/process execution forbidden,b-nnett/grok-bot-0.18-reconstructed@a9f633e09d49a85829b8236331b9e21f7e612634:source/packages/shell-exec/core.ts,source/packages/shell-exec/core.swift,Swift,ios-adapted,mapped,,,iOS forbids arbitrary local shell/process-daemon semantics; map to consented in-process capability or Remote Runner.
source/packages/shell-exec/dump_bash_state.ts,iOS capability/remote-runner adaptation; arbitrary shell/process execution forbidden,b-nnett/grok-bot-0.18-reconstructed@a9f633e09d49a85829b8236331b9e21f7e612634:source/packages/shell-exec/dump_bash_state.ts,source/packages/shell-exec/dump_bash_state.swift,Swift,ios-adapted,mapped,,,iOS forbids arbitrary local shell/process-daemon semantics; map to consented in-process capability or Remote Runner.
source/packages/shell-exec/dump_powershell_state.ts,iOS capability/remote-runner adaptation; arbitrary shell/process execution forbidden,b-nnett/grok-bot-0.18-reconstructed@a9f633e09d49a85829b8236331b9e21f7e612634:source/packages/shell-exec/dump_powershell_state.ts,source/packages/shell-exec/dump_powershell_state.swift,Swift,ios-adapted,mapped,,,iOS forbids arbitrary local shell/process-daemon semantics; map to consented in-process capability or Remote Runner.
source/packages/shell-exec/dump_zsh_state_light.ts,iOS capability/remote-runner adaptation; arbitrary shell/process execution forbidden,b-nnett/grok-bot-0.18-reconstructed@a9f633e09d49a85829b8236331b9e21f7e612634:source/packages/shell-exec/dump_zsh_state_light.ts,source/packages/shell-exec/dump_zsh_state_light.swift,Swift,ios-adapted,mapped,,,iOS forbids arbitrary local shell/process-daemon semantics; map to consented in-process capability or Remote Runner.
source/packages/shell-exec/dump_zsh_state.ts,iOS capability/remote-runner adaptation; arbitrary shell/process execution forbidden,b-nnett/grok-bot-0.18-reconstructed@a9f633e09d49a85829b8236331b9e21f7e612634:source/packages/shell-exec/dump_zsh_state.ts,source/packages/shell-exec/dump_zsh_state.swift,Swift,ios-adapted,mapped,,,iOS forbids arbitrary local shell/process-daemon semantics; map to consented in-process capability or Remote Runner.
source/packages/shell-exec/env-filter.ts,iOS capability/remote-runner adaptation; arbitrary shell/process execution forbidden,b-nnett/grok-bot-0.18-reconstructed@a9f633e09d49a85829b8236331b9e21f7e612634:source/packages/shell-exec/env-filter.ts,source/packages/shell-exec/env-filter.swift,Swift,ios-adapted,implemented,mobile/ios/FabushiTests/RunnerParityTests.swift,,iOS preserves Electron and socket environment scrubbing at the production Remote Runner handoff; no local shell or process environment is spawned on-device.
source/packages/shell-exec/event-loop-pressure.ts,iOS capability/remote-runner adaptation; arbitrary shell/process execution forbidden,b-nnett/grok-bot-0.18-reconstructed@a9f633e09d49a85829b8236331b9e21f7e612634:source/packages/shell-exec/event-loop-pressure.ts,source/packages/shell-exec/event-loop-pressure.swift,Swift,ios-adapted,implemented,mobile/ios/FabushiTests/PackageShellPolicyParityTests.swift,,Only the reference event-loop pressure thresholds are adapted as native Swift policy constants; no shell or process execution is implemented. The file is compiled by the Fabushi app target and covered by XCTest.
source/packages/shell-exec/index.ts,iOS capability/remote-runner adaptation; arbitrary shell/process execution forbidden,b-nnett/grok-bot-0.18-reconstructed@a9f633e09d49a85829b8236331b9e21f7e612634:source/packages/shell-exec/index.ts,source/packages/shell-exec/index.swift,Swift,ios-adapted,not-applicable,scripts/check-grok-ios-architecture.py,,Reviewed not-applicable: the pinned file is only a pure TypeScript re-export barrel. iOS does not reproduce a shell package barrel; safe native capabilities and Remote Runner adapters compile their concrete contracts directly.
source/packages/shell-exec/lazy.ts,iOS capability/remote-runner adaptation; arbitrary shell/process execution forbidden,b-nnett/grok-bot-0.18-reconstructed@a9f633e09d49a85829b8236331b9e21f7e612634:source/packages/shell-exec/lazy.ts,source/packages/shell-exec/lazy.swift,Swift,ios-adapted,mapped,,,iOS forbids arbitrary local shell/process-daemon semantics; map to consented in-process capability or Remote Runner.
source/packages/shell-exec/naive.ts,iOS capability/remote-runner adaptation; arbitrary shell/process execution forbidden,b-nnett/grok-bot-0.18-reconstructed@a9f633e09d49a85829b8236331b9e21f7e612634:source/packages/shell-exec/naive.ts,source/packages/shell-exec/naive.swift,Swift,ios-adapted,mapped,,,iOS forbids arbitrary local shell/process-daemon semantics; map to consented in-process capability or Remote Runner.
source/packages/shell-exec/output-limiter.ts,iOS capability/remote-runner adaptation; arbitrary shell/process execution forbidden,b-nnett/grok-bot-0.18-reconstructed@a9f633e09d49a85829b8236331b9e21f7e612634:source/packages/shell-exec/output-limiter.ts,source/packages/shell-exec/output-limiter.swift,Swift,ios-adapted,mapped,,,iOS forbids arbitrary local shell/process-daemon semantics; map to consented in-process capability or Remote Runner.
source/packages/shell-exec/output-suppression.ts,iOS capability/remote-runner adaptation; arbitrary shell/process execution forbidden,b-nnett/grok-bot-0.18-reconstructed@a9f633e09d49a85829b8236331b9e21f7e612634:source/packages/shell-exec/output-suppression.ts,source/packages/shell-exec/output-suppression.swift,Swift,ios-adapted,implemented,mobile/ios/FabushiTests/PackageShellPolicyParityTests.swift,,Output-suppression thresholds/notice are retained as Swift streaming policy data usable by remote/local-capability presentation without spawning a shell; compiled by the app target and covered by XCTest.
source/packages/shell-exec/platform-shell.ts,iOS capability/remote-runner adaptation; arbitrary shell/process execution forbidden,b-nnett/grok-bot-0.18-reconstructed@a9f633e09d49a85829b8236331b9e21f7e612634:source/packages/shell-exec/platform-shell.ts,source/packages/shell-exec/platform-shell.swift,Swift,ios-adapted,mapped,,,iOS forbids arbitrary local shell/process-daemon semantics; map to consented in-process capability or Remote Runner.
source/packages/shell-exec/powershell.ts,iOS capability/remote-runner adaptation; arbitrary shell/process execution forbidden,b-nnett/grok-bot-0.18-reconstructed@a9f633e09d49a85829b8236331b9e21f7e612634:source/packages/shell-exec/powershell.ts,source/packages/shell-exec/powershell.swift,Swift,ios-adapted,mapped,,,iOS forbids arbitrary local shell/process-daemon semantics; map to consented in-process capability or Remote Runner.
source/packages/shell-exec/ripgrep.ts,iOS capability/remote-runner adaptation; arbitrary shell/process execution forbidden,b-nnett/grok-bot-0.18-reconstructed@a9f633e09d49a85829b8236331b9e21f7e612634:source/packages/shell-exec/ripgrep.ts,source/packages/shell-exec/ripgrep.swift,Swift,ios-adapted,mapped,,,iOS forbids arbitrary local shell/process-daemon semantics; map to consented in-process capability or Remote Runner.
source/packages/shell-exec/sandbox/cache-env.ts,iOS capability/remote-runner adaptation; arbitrary shell/process execution forbidden,b-nnett/grok-bot-0.18-reconstructed@a9f633e09d49a85829b8236331b9e21f7e612634:source/packages/shell-exec/sandbox/cache-env.ts,source/packages/shell-exec/sandbox/cache-env.swift,Swift,ios-adapted,mapped,,,iOS forbids arbitrary local shell/process-daemon semantics; map to consented in-process capability or Remote Runner.
source/packages/shell-exec/sandbox/errors.ts,iOS capability/remote-runner adaptation; arbitrary shell/process execution forbidden,b-nnett/grok-bot-0.18-reconstructed@a9f633e09d49a85829b8236331b9e21f7e612634:source/packages/shell-exec/sandbox/errors.ts,source/packages/shell-exec/sandbox/errors.swift,Swift,ios-adapted,mapped,,,iOS forbids arbitrary local shell/process-daemon semantics; map to consented in-process capability or Remote Runner.
source/packages/shell-exec/sandbox/hardcoded-policy.ts,iOS capability/remote-runner adaptation; arbitrary shell/process execution forbidden,b-nnett/grok-bot-0.18-reconstructed@a9f633e09d49a85829b8236331b9e21f7e612634:source/packages/shell-exec/sandbox/hardcoded-policy.ts,source/packages/shell-exec/sandbox/hardcoded-policy.swift,Swift,ios-adapted,mapped,,,iOS forbids arbitrary local shell/process-daemon semantics; map to consented in-process capability or Remote Runner.
source/packages/shell-exec/sandbox/helper-protocol.ts,iOS capability/remote-runner adaptation; arbitrary shell/process execution forbidden,b-nnett/grok-bot-0.18-reconstructed@a9f633e09d49a85829b8236331b9e21f7e612634:source/packages/shell-exec/sandbox/helper-protocol.ts,source/packages/shell-exec/sandbox/helper-protocol.swift,Swift,ios-adapted,mapped,,,iOS forbids arbitrary local shell/process-daemon semantics; map to consented in-process capability or Remote Runner.
source/packages/shell-exec/sandbox/helper-support.ts,iOS capability/remote-runner adaptation; arbitrary shell/process execution forbidden,b-nnett/grok-bot-0.18-reconstructed@a9f633e09d49a85829b8236331b9e21f7e612634:source/packages/shell-exec/sandbox/helper-support.ts,source/packages/shell-exec/sandbox/helper-support.swift,Swift,ios-adapted,mapped,,,iOS forbids arbitrary local shell/process-daemon semantics; map to consented in-process capability or Remote Runner.
source/packages/shell-exec/sandbox/macos/seatbelt.ts,iOS capability/remote-runner adaptation; arbitrary shell/process execution forbidden,b-nnett/grok-bot-0.18-reconstructed@a9f633e09d49a85829b8236331b9e21f7e612634:source/packages/shell-exec/sandbox/macos/seatbelt.ts,source/packages/shell-exec/sandbox/macos/seatbelt.swift,Swift,ios-adapted,mapped,,,iOS forbids arbitrary local shell/process-daemon semantics; map to consented in-process capability or Remote Runner.
source/packages/shell-exec/sandbox/native-policy.ts,iOS capability/remote-runner adaptation; arbitrary shell/process execution forbidden,b-nnett/grok-bot-0.18-reconstructed@a9f633e09d49a85829b8236331b9e21f7e612634:source/packages/shell-exec/sandbox/native-policy.ts,source/packages/shell-exec/sandbox/native-policy.swift,Swift,ios-adapted,mapped,,,iOS forbids arbitrary local shell/process-daemon semantics; map to consented in-process capability or Remote Runner.
source/packages/shell-exec/sandbox/network-policy-utils.ts,iOS capability/remote-runner adaptation; arbitrary shell/process execution forbidden,b-nnett/grok-bot-0.18-reconstructed@a9f633e09d49a85829b8236331b9e21f7e612634:source/packages/shell-exec/sandbox/network-policy-utils.ts,source/packages/shell-exec/sandbox/network-policy-utils.swift,Swift,ios-adapted,implemented,mobile/ios/FabushiTests/PackageShellPolicyParityTests.swift,,iOS preserves the recovered deny-by-default network-policy contract as a compiled Swift policy model; actual shell/process execution remains Remote Runner-owned.
source/packages/shell-exec/sandbox/policy-file.ts,iOS capability/remote-runner adaptation; arbitrary shell/process execution forbidden,b-nnett/grok-bot-0.18-reconstructed@a9f633e09d49a85829b8236331b9e21f7e612634:source/packages/shell-exec/sandbox/policy-file.ts,source/packages/shell-exec/sandbox/policy-file.swift,Swift,ios-adapted,mapped,,,iOS forbids arbitrary local shell/process-daemon semantics; map to consented in-process capability or Remote Runner.
source/packages/shell-exec/sandbox/policy-merge.ts,iOS capability/remote-runner adaptation; arbitrary shell/process execution forbidden,b-nnett/grok-bot-0.18-reconstructed@a9f633e09d49a85829b8236331b9e21f7e612634:source/packages/shell-exec/sandbox/policy-merge.ts,source/packages/shell-exec/sandbox/policy-merge.swift,Swift,ios-adapted,mapped,,,iOS forbids arbitrary local shell/process-daemon semantics; map to consented in-process capability or Remote Runner.
source/packages/shell-exec/sandbox/policy-readonly.ts,iOS capability/remote-runner adaptation; arbitrary shell/process execution forbidden,b-nnett/grok-bot-0.18-reconstructed@a9f633e09d49a85829b8236331b9e21f7e612634:source/packages/shell-exec/sandbox/policy-readonly.ts,source/packages/shell-exec/sandbox/policy-readonly.swift,Swift,ios-adapted,mapped,,,iOS forbids arbitrary local shell/process-daemon semantics; map to consented in-process capability or Remote Runner.
source/packages/shell-exec/sandbox/sandbox.ts,iOS capability/remote-runner adaptation; arbitrary shell/process execution forbidden,b-nnett/grok-bot-0.18-reconstructed@a9f633e09d49a85829b8236331b9e21f7e612634:source/packages/shell-exec/sandbox/sandbox.ts,source/packages/shell-exec/sandbox/sandbox.swift,Swift,ios-adapted,mapped,,,iOS forbids arbitrary local shell/process-daemon semantics; map to consented in-process capability or Remote Runner.
source/packages/shell-exec/sandbox/unsafe-spawn.ts,iOS capability/remote-runner adaptation; arbitrary shell/process execution forbidden,b-nnett/grok-bot-0.18-reconstructed@a9f633e09d49a85829b8236331b9e21f7e612634:source/packages/shell-exec/sandbox/unsafe-spawn.ts,source/packages/shell-exec/sandbox/unsafe-spawn.swift,Swift,ios-adapted,not-applicable,scripts/check-grok-ios-architecture.py,,The pinned module exists only to perform an explicit insecure local child-process spawn. iOS product policy forbids arbitrary local process spawn; production execution is delegated to Remote Runner, so this leaf has no safe on-device implementation.
source/packages/shell-exec/shell-parser.ts,iOS capability/remote-runner adaptation; arbitrary shell/process execution forbidden,b-nnett/grok-bot-0.18-reconstructed@a9f633e09d49a85829b8236331b9e21f7e612634:source/packages/shell-exec/shell-parser.ts,source/packages/shell-exec/shell-parser.swift,Swift,ios-adapted,mapped,,,iOS forbids arbitrary local shell/process-daemon semantics; map to consented in-process capability or Remote Runner.
source/packages/shell-exec/sudo.ts,iOS capability/remote-runner adaptation; arbitrary shell/process execution forbidden,b-nnett/grok-bot-0.18-reconstructed@a9f633e09d49a85829b8236331b9e21f7e612634:source/packages/shell-exec/sudo.ts,source/packages/shell-exec/sudo.swift,Swift,ios-adapted,mapped,,,iOS forbids arbitrary local shell/process-daemon semantics; map to consented in-process capability or Remote Runner.
source/packages/shell-exec/types.ts,iOS capability/remote-runner adaptation; arbitrary shell/process execution forbidden,b-nnett/grok-bot-0.18-reconstructed@a9f633e09d49a85829b8236331b9e21f7e612634:source/packages/shell-exec/types.ts,source/packages/shell-exec/types.swift,Swift,ios-adapted,implemented,mobile/ios/FabushiTests/PackageShellPolicyParityTests.swift,,Shell executor identifiers and environment override data are retained as Swift wire/policy data for Remote Runner interoperability only; no local shell executor is created. The file is compiled by the app target and covered by XCTest.
source/packages/shell-exec/zsh-light.ts,iOS capability/remote-runner adaptation; arbitrary shell/process execution forbidden,b-nnett/grok-bot-0.18-reconstructed@a9f633e09d49a85829b8236331b9e21f7e612634:source/packages/shell-exec/zsh-light.ts,source/packages/shell-exec/zsh-light.swift,Swift,ios-adapted,mapped,,,iOS forbids arbitrary local shell/process-daemon semantics; map to consented in-process capability or Remote Runner.
source/packages/shell-exec/zsh.ts,iOS capability/remote-runner adaptation; arbitrary shell/process execution forbidden,b-nnett/grok-bot-0.18-reconstructed@a9f633e09d49a85829b8236331b9e21f7e612634:source/packages/shell-exec/zsh.ts,source/packages/shell-exec/zsh.swift,Swift,ios-adapted,mapped,,,iOS forbids arbitrary local shell/process-daemon semantics; map to consented in-process capability or Remote Runner.
source/packages/utils/admin-command-denylist.ts,iOS-local package/runtime implementation,b-nnett/grok-bot-0.18-reconstructed@a9f633e09d49a85829b8236331b9e21f7e612634:source/packages/utils/admin-command-denylist.ts,source/packages/utils/admin-command-denylist.rs,Rust,direct-equivalent,implemented,cargo test -p mahayana-app-host-mobile --lib (package_utils_admin_command_denylist::tests),,"Pure denylist normalization/validation policy is platform-neutral; Rust preserves the pinned separator set, colon-rule safety checks, wildcard rejection and JavaScript UTF-16 length limit without executing any command."
source/packages/utils/async-iterator.ts,iOS-local package/runtime implementation,b-nnett/grok-bot-0.18-reconstructed@a9f633e09d49a85829b8236331b9e21f7e612634:source/packages/utils/async-iterator.ts,source/packages/utils/async-iterator.rs,Rust,direct-equivalent,mapped,,,
source/packages/utils/attempt.ts,iOS-local package/runtime implementation,b-nnett/grok-bot-0.18-reconstructed@a9f633e09d49a85829b8236331b9e21f7e612634:source/packages/utils/attempt.ts,source/packages/utils/attempt.rs,Rust,direct-equivalent,implemented,cargo test -p mahayana-app-host-mobile --lib (package_utils_attempt::tests),,Rust catch_unwind is the language-level equivalent of the reference synchronous try/catch helper and returns a tagged value instead of rethrowing.
source/packages/utils/canvas-path.ts,iOS-local package/runtime implementation,b-nnett/grok-bot-0.18-reconstructed@a9f633e09d49a85829b8236331b9e21f7e612634:source/packages/utils/canvas-path.ts,source/packages/utils/canvas-path.rs,Rust,direct-equivalent,implemented,cargo test -p mahayana-app-host-mobile --lib (package_utils_canvas_path::tests),,"Pure path normalization and managed-canvas recognition are platform-neutral; Rust preserves separator normalization, parent collapse and case-insensitive managed suffix matching."
source/packages/utils/command-glob.ts,iOS-local package/runtime implementation,b-nnett/grok-bot-0.18-reconstructed@a9f633e09d49a85829b8236331b9e21f7e612634:source/packages/utils/command-glob.ts,source/packages/utils/command-glob.rs,Rust,direct-equivalent,implemented,cargo test -p mahayana-app-host-mobile --lib (package_utils_command_glob::tests),,Pure command-policy matching is platform-neutral; Rust preserves trimmed anchored '*' wildcard semantics without invoking a shell.
source/packages/utils/disposable.ts,iOS-local package/runtime implementation,b-nnett/grok-bot-0.18-reconstructed@a9f633e09d49a85829b8236331b9e21f7e612634:source/packages/utils/disposable.ts,source/packages/utils/disposable.rs,Rust,direct-equivalent,implemented,cargo test -p mahayana-app-host-mobile --lib (package_utils_disposable::tests),,Rust zero-sized marker preserves the pinned empty Disposable class contract without adding lifecycle behavior that the reference does not have.
source/packages/utils/encoding-browser.ts,iOS-local package/runtime implementation,b-nnett/grok-bot-0.18-reconstructed@a9f633e09d49a85829b8236331b9e21f7e612634:source/packages/utils/encoding-browser.ts,source/packages/utils/encoding-browser.rs,Rust,direct-equivalent,implemented,cargo test -p mahayana-app-host-mobile --lib (package_utils_encoding_browser::tests),,Pure browser-encoding alias normalization and BOM stripping are platform-neutral; Rust preserves the pinned iconv mapping vocabulary without adding an iconv runtime dependency.
source/packages/utils/encoding.ts,iOS-local package/runtime implementation,b-nnett/grok-bot-0.18-reconstructed@a9f633e09d49a85829b8236331b9e21f7e612634:source/packages/utils/encoding.ts,source/packages/utils/encoding.rs,Rust,direct-equivalent,mapped,,,
source/packages/utils/find-executable.ts,iOS-local package/runtime implementation,b-nnett/grok-bot-0.18-reconstructed@a9f633e09d49a85829b8236331b9e21f7e612634:source/packages/utils/find-executable.ts,source/packages/utils/find-executable.rs,Rust,direct-equivalent,mapped,,,
source/packages/utils/git-provider-url.ts,iOS-local package/runtime implementation,b-nnett/grok-bot-0.18-reconstructed@a9f633e09d49a85829b8236331b9e21f7e612634:source/packages/utils/git-provider-url.ts,source/packages/utils/git-provider-url.rs,Rust,direct-equivalent,implemented,cargo test -p mahayana-app-host-mobile --lib (package_utils_git_provider_url::tests),,Pure Git provider host/path parsing is platform-neutral; Rust preserves GitHub/GitLab/Bitbucket/Azure segment semantics including decode/re-encode validation without invoking git.
source/packages/utils/image-resize.ts,iOS-local package/runtime implementation,b-nnett/grok-bot-0.18-reconstructed@a9f633e09d49a85829b8236331b9e21f7e612634:source/packages/utils/image-resize.ts,source/packages/utils/image-resize.rs,Rust,direct-equivalent,mapped,,,
source/packages/utils/jimp-minimal.ts,iOS-local package/runtime implementation,b-nnett/grok-bot-0.18-reconstructed@a9f633e09d49a85829b8236331b9e21f7e612634:source/packages/utils/jimp-minimal.ts,source/packages/utils/jimp-minimal.rs,Rust,direct-equivalent,mapped,,,
source/packages/utils/local-pr-creation-forge.ts,iOS-local package/runtime implementation,b-nnett/grok-bot-0.18-reconstructed@a9f633e09d49a85829b8236331b9e21f7e612634:source/packages/utils/local-pr-creation-forge.ts,source/packages/utils/local-pr-creation-forge.rs,Rust,direct-equivalent,implemented,cargo test -p mahayana-app-host-mobile --lib (package_utils_local_pr_creation_forge::tests),,Pure user-info rerender policy and forge guidance constants are preserved as repository-owned contracts; iOS does not invoke desktop PR CLIs locally.
source/packages/utils/lru-cache.ts,iOS-local package/runtime implementation,b-nnett/grok-bot-0.18-reconstructed@a9f633e09d49a85829b8236331b9e21f7e612634:source/packages/utils/lru-cache.ts,source/packages/utils/lru-cache.rs,Rust,direct-equivalent,mapped,,,
source/packages/utils/model-utils.ts,iOS-local package/runtime implementation,b-nnett/grok-bot-0.18-reconstructed@a9f633e09d49a85829b8236331b9e21f7e612634:source/packages/utils/model-utils.ts,source/packages/utils/model-utils.rs,Rust,direct-equivalent,implemented,cargo test -p mahayana-app-host-mobile --lib (package_utils_model_utils::tests),,Pure model-name and token policy is platform-neutral and owned by the iOS Rust Host test graph.
source/packages/utils/oom-score-adj.ts,iOS-local package/runtime implementation,b-nnett/grok-bot-0.18-reconstructed@a9f633e09d49a85829b8236331b9e21f7e612634:source/packages/utils/oom-score-adj.ts,source/packages/utils/oom-score-adj.rs,Rust,direct-equivalent,not-applicable,,,"Reviewed against pinned Grok: this file only performs a best-effort Linux /proc/<pid>/oom_score_adj write for child processes. iOS has no Linux /proc or supported child-process OOM-score control, and the iOS Spec forbids emulating unsupported process/daemon behavior."
source/packages/utils/path-matchers.ts,iOS-local package/runtime implementation,b-nnett/grok-bot-0.18-reconstructed@a9f633e09d49a85829b8236331b9e21f7e612634:source/packages/utils/path-matchers.ts,source/packages/utils/path-matchers.rs,Rust,direct-equivalent,implemented,cargo test -p mahayana-app-host-mobile --lib (package_utils_path_matchers::tests),,Pure cross-platform path classification is preserved as an iOS-owned parser; it recognizes protocol/path shapes only and does not grant filesystem or process access.
source/packages/utils/path-utils.ts,iOS-local package/runtime implementation,b-nnett/grok-bot-0.18-reconstructed@a9f633e09d49a85829b8236331b9e21f7e612634:source/packages/utils/path-utils.ts,source/packages/utils/path-utils.rs,Rust,direct-equivalent,implemented,cargo test -p mahayana-app-host-mobile --lib (package_utils_path_utils::tests; protected_path_guard::tests),source/host/box/protected-path-guard.rs,"Rust preserves file-URL/tilde/relative resolution, nearest-existing canonicalization, component-aware containment and .cursor/worktrees escape blocking. Shipping Host protected-path enforcement now consumes the shared lexical/canonical containment helpers instead of a duplicate implementation; this strengthens local/remote capability path safety without adding shell access."
source/packages/utils/promise-extras.ts,iOS-local package/runtime implementation,b-nnett/grok-bot-0.18-reconstructed@a9f633e09d49a85829b8236331b9e21f7e612634:source/packages/utils/promise-extras.ts,source/packages/utils/promise-extras.rs,Rust,direct-equivalent,mapped,,,
source/packages/utils/replayable-async-iterable.ts,iOS-local package/runtime implementation,b-nnett/grok-bot-0.18-reconstructed@a9f633e09d49a85829b8236331b9e21f7e612634:source/packages/utils/replayable-async-iterable.ts,source/packages/utils/replayable-async-iterable.rs,Rust,direct-equivalent,mapped,,,
source/packages/utils/repo-url.ts,iOS-local package/runtime implementation,b-nnett/grok-bot-0.18-reconstructed@a9f633e09d49a85829b8236331b9e21f7e612634:source/packages/utils/repo-url.ts,source/packages/utils/repo-url.rs,Rust,direct-equivalent,implemented,cargo test -p mahayana-app-host-mobile --lib (package_utils_repo_url::tests),,Pure hostname policy is platform-neutral and implemented as an ASCII case-insensitive Rust predicate.
source/packages/utils/spawn-promise.ts,iOS-local package/runtime implementation,b-nnett/grok-bot-0.18-reconstructed@a9f633e09d49a85829b8236331b9e21f7e612634:source/packages/utils/spawn-promise.ts,source/packages/utils/spawn-promise.rs,Rust,direct-equivalent,mapped,,,
source/packages/utils/ttl-cache.ts,iOS-local package/runtime implementation,b-nnett/grok-bot-0.18-reconstructed@a9f633e09d49a85829b8236331b9e21f7e612634:source/packages/utils/ttl-cache.ts,source/packages/utils/ttl-cache.rs,Rust,direct-equivalent,implemented,cargo test -p mahayana-app-host-mobile --lib (package_utils_ttl_cache::tests),,"iOS-owned Rust cache preserves fixed/dynamic TTL evaluation, lazy expiry, delete and clear behavior without a platform-specific dependency."
source/packages/utils/web-search-year-guidance.ts,iOS-local package/runtime implementation,b-nnett/grok-bot-0.18-reconstructed@a9f633e09d49a85829b8236331b9e21f7e612634:source/packages/utils/web-search-year-guidance.ts,source/packages/utils/web-search-year-guidance.rs,Rust,direct-equivalent,implemented,cargo test -p mahayana-app-host-mobile --lib (package_utils_web_search_year_guidance::tests),,Pure prompt-date guidance is platform-neutral; Rust preserves Grok's ISO-shape validation and year rollover wording.
source/packages/utils/webp-codec.ts,iOS-local package/runtime implementation,b-nnett/grok-bot-0.18-reconstructed@a9f633e09d49a85829b8236331b9e21f7e612634:source/packages/utils/webp-codec.ts,source/packages/utils/webp-codec.rs,Rust,direct-equivalent,mapped,,,
source/packages/utils/workspace-paths.ts,iOS-local package/runtime implementation,b-nnett/grok-bot-0.18-reconstructed@a9f633e09d49a85829b8236331b9e21f7e612634:source/packages/utils/workspace-paths.ts,source/packages/utils/workspace-paths.rs,Rust,direct-equivalent,implemented,cargo test -p mahayana-app-host-mobile --lib (package_utils_workspace_paths::tests),,Pure Rust equivalent preserves encodeURIComponent-style conversation-id escaping and the 200-character bound; no desktop process behavior is introduced on iOS.
source/packages/utils/writable-iterable.ts,iOS-local package/runtime implementation,b-nnett/grok-bot-0.18-reconstructed@a9f633e09d49a85829b8236331b9e21f7e612634:source/packages/utils/writable-iterable.ts,source/packages/utils/writable-iterable.rs,Rust,direct-equivalent,mapped,,,
source/shared/agents/agent-model.ts,iOS-local typed contract/policy,b-nnett/grok-bot-0.18-reconstructed@a9f633e09d49a85829b8236331b9e21f7e612634:source/shared/agents/agent-model.ts,source/shared/agents/agent-model.swift,Swift,direct-equivalent,implemented,mobile/ios/FabushiTests/SharedAgentContractsParityTests.swift,,
source/shared/agents/agent-summaries.ts,iOS-local typed contract/policy,b-nnett/grok-bot-0.18-reconstructed@a9f633e09d49a85829b8236331b9e21f7e612634:source/shared/agents/agent-summaries.ts,source/shared/agents/agent-summaries.swift,Swift,direct-equivalent,implemented,mobile/ios/FabushiTests/SharedAgentContractsParityTests.swift,,
source/shared/agents/agent-tool-names.ts,iOS-local typed contract/policy,b-nnett/grok-bot-0.18-reconstructed@a9f633e09d49a85829b8236331b9e21f7e612634:source/shared/agents/agent-tool-names.ts,source/shared/agents/agent-tool-names.swift,Swift,direct-equivalent,implemented,mobile/ios/FabushiTests/SharedAgentContractsParityTests.swift,,
source/shared/agents/agents.ts,iOS-local typed contract/policy,b-nnett/grok-bot-0.18-reconstructed@a9f633e09d49a85829b8236331b9e21f7e612634:source/shared/agents/agents.ts,source/shared/agents/agents.swift,Swift,direct-equivalent,implemented,mobile/ios/FabushiTests/SharedAgentContractsParityTests.swift,,
source/shared/agents/disk-saver.ts,iOS-local typed contract/policy,b-nnett/grok-bot-0.18-reconstructed@a9f633e09d49a85829b8236331b9e21f7e612634:source/shared/agents/disk-saver.ts,source/shared/agents/disk-saver.swift,Swift,direct-equivalent,implemented,mobile/ios/FabushiTests/SharedAgentContractsParityTests.swift,,
source/shared/agents/model-catalog.ts,iOS-local typed contract/policy,b-nnett/grok-bot-0.18-reconstructed@a9f633e09d49a85829b8236331b9e21f7e612634:source/shared/agents/model-catalog.ts,source/shared/agents/model-catalog.swift,Swift,direct-equivalent,implemented,mobile/ios/FabushiTests/SharedAgentContractsParityTests.swift,,
source/shared/agents/onboarding.ts,iOS-local typed contract/policy,b-nnett/grok-bot-0.18-reconstructed@a9f633e09d49a85829b8236331b9e21f7e612634:source/shared/agents/onboarding.ts,source/shared/agents/onboarding.swift,Swift,direct-equivalent,implemented,mobile/ios/FabushiTests/SharedAgentContractsParityTests.swift,,
source/shared/agents/sand-agent-model.ts,iOS-local typed contract/policy,b-nnett/grok-bot-0.18-reconstructed@a9f633e09d49a85829b8236331b9e21f7e612634:source/shared/agents/sand-agent-model.ts,source/shared/agents/sand-agent-model.swift,Swift,direct-equivalent,implemented,mobile/ios/FabushiTests/SharedAgentContractsParityTests.swift,,
source/shared/agents/sharing.ts,iOS-local typed contract/policy,b-nnett/grok-bot-0.18-reconstructed@a9f633e09d49a85829b8236331b9e21f7e612634:source/shared/agents/sharing.ts,source/shared/agents/sharing.swift,Swift,direct-equivalent,implemented,mobile/ios/FabushiTests/SharedAgentContractsParityTests.swift,,
source/shared/agents/subagents.ts,iOS-local typed contract/policy,b-nnett/grok-bot-0.18-reconstructed@a9f633e09d49a85829b8236331b9e21f7e612634:source/shared/agents/subagents.ts,source/shared/agents/subagents.swift,Swift,direct-equivalent,implemented,mobile/ios/FabushiTests/SharedAgentContractsParityTests.swift,,
source/shared/agents/teach-recording.ts,iOS-local typed contract/policy,b-nnett/grok-bot-0.18-reconstructed@a9f633e09d49a85829b8236331b9e21f7e612634:source/shared/agents/teach-recording.ts,source/shared/agents/teach-recording.swift,Swift,direct-equivalent,implemented,mobile/ios/FabushiTests/SharedAgentContractsParityTests.swift,,
source/shared/auth.ts,iOS-local typed contract/policy,b-nnett/grok-bot-0.18-reconstructed@a9f633e09d49a85829b8236331b9e21f7e612634:source/shared/auth.ts,source/shared/auth.swift,Swift,direct-equivalent,implemented,mobile/ios/FabushiTests/SharedPlatformContractsParityTests.swift,,
source/shared/automation-schedule.ts,iOS-local typed contract/policy,b-nnett/grok-bot-0.18-reconstructed@a9f633e09d49a85829b8236331b9e21f7e612634:source/shared/automation-schedule.ts,source/shared/automation-schedule.swift,Swift,direct-equivalent,implemented,mobile/ios/FabushiTests/SharedAutomationScheduleParityTests.swift,,"Foundation Calendar/TimeZone replaces Intl.DateTimeFormat while preserving cron field, DOM/DOW, @every, alias, time-zone, next-run, and description semantics."
source/shared/automations.ts,iOS-local typed contract/policy,b-nnett/grok-bot-0.18-reconstructed@a9f633e09d49a85829b8236331b9e21f7e612634:source/shared/automations.ts,source/shared/automations.swift,Swift,direct-equivalent,implemented,mobile/ios/FabushiTests/SharedAutomationScheduleParityTests.swift,,Swift enums/structs preserve trigger union boundaries and listener description/validation without TypeScript discriminated unions.
source/shared/box-migration.ts,iOS-local typed contract/policy,b-nnett/grok-bot-0.18-reconstructed@a9f633e09d49a85829b8236331b9e21f7e612634:source/shared/box-migration.ts,source/shared/box-migration.swift,Swift,direct-equivalent,implemented,mobile/ios/FabushiTests/SharedPlatformContractsParityTests.swift,,
source/shared/box-runtime.ts,iOS-local typed contract/policy,b-nnett/grok-bot-0.18-reconstructed@a9f633e09d49a85829b8236331b9e21f7e612634:source/shared/box-runtime.ts,source/shared/box-runtime.swift,Swift,direct-equivalent,implemented,mobile/ios/FabushiTests/SharedPlatformContractsParityTests.swift,,
source/shared/box-secrets.ts,iOS-local typed contract/policy,b-nnett/grok-bot-0.18-reconstructed@a9f633e09d49a85829b8236331b9e21f7e612634:source/shared/box-secrets.ts,source/shared/box-secrets.swift,Swift,direct-equivalent,implemented,mobile/ios/FabushiTests/SharedPlatformContractsParityTests.swift,,
source/shared/channel-messaging.ts,iOS-local typed contract/policy,b-nnett/grok-bot-0.18-reconstructed@a9f633e09d49a85829b8236331b9e21f7e612634:source/shared/channel-messaging.ts,source/shared/channel-messaging.swift,Swift,direct-equivalent,implemented,mobile/ios/FabushiTests/SharedChannelsPersistenceParityTests.swift,,
source/shared/channels.ts,iOS-local typed contract/policy,b-nnett/grok-bot-0.18-reconstructed@a9f633e09d49a85829b8236331b9e21f7e612634:source/shared/channels.ts,source/shared/channels.swift,Swift,direct-equivalent,implemented,mobile/ios/FabushiTests/SharedPlatformContractsParityTests.swift,,
source/shared/client-persistence-store.ts,iOS-local typed contract/policy,b-nnett/grok-bot-0.18-reconstructed@a9f633e09d49a85829b8236331b9e21f7e612634:source/shared/client-persistence-store.ts,source/shared/client-persistence-store.swift,Swift,direct-equivalent,implemented,mobile/ios/FabushiTests/SharedChannelsPersistenceParityTests.swift,,iOS owns the same bounded key-value persistence contract behind a Swift async file port; concrete storage adapters may use sandboxed Application Support rather than Node fs.
source/shared/connect-errors.ts,iOS-local typed contract/policy,b-nnett/grok-bot-0.18-reconstructed@a9f633e09d49a85829b8236331b9e21f7e612634:source/shared/connect-errors.ts,source/shared/connect-errors.swift,Swift,direct-equivalent,implemented,mobile/ios/FabushiTests/SharedPlatformContractsParityTests.swift,,
source/shared/deep-link.ts,iOS-local typed contract/policy,b-nnett/grok-bot-0.18-reconstructed@a9f633e09d49a85829b8236331b9e21f7e612634:source/shared/deep-link.ts,source/shared/deep-link.swift,Swift,ios-adapted,implemented,mobile/ios/FabushiTests/SharedPolicyParityTests.swift,,Preserve Grok deep-link validation and route semantics while using the product-owned fabushi scheme and Fabushi HTTPS identity.
source/shared/desktop.ts,iOS-local typed contract/policy,b-nnett/grok-bot-0.18-reconstructed@a9f633e09d49a85829b8236331b9e21f7e612634:source/shared/desktop.ts,source/shared/desktop.swift,Swift,ios-adapted,implemented,mobile/ios/FabushiTests/SharedPolicyParityTests.swift,,Desktop/Node responsibility is preserved with an iOS-native API/lifecycle implementation.
source/shared/env-file.ts,iOS-local typed contract/policy,b-nnett/grok-bot-0.18-reconstructed@a9f633e09d49a85829b8236331b9e21f7e612634:source/shared/env-file.ts,source/shared/env-file.swift,Swift,direct-equivalent,implemented,mobile/ios/FabushiTests/SharedPlatformContractsParityTests.swift,,
source/shared/errors.ts,iOS-local typed contract/policy,b-nnett/grok-bot-0.18-reconstructed@a9f633e09d49a85829b8236331b9e21f7e612634:source/shared/errors.ts,source/shared/errors.swift,Swift,direct-equivalent,implemented,mobile/ios/FabushiTests/SharedErrorRegistryParityTests.swift,,Swift maps JavaScript Error.name/code behavior to native Error type names plus an optional string-code protocol.
source/shared/errors/bounded.ts,iOS-local typed contract/policy,b-nnett/grok-bot-0.18-reconstructed@a9f633e09d49a85829b8236331b9e21f7e612634:source/shared/errors/bounded.ts,source/shared/errors/bounded.swift,Swift,direct-equivalent,implemented,mobile/ios/FabushiTests/SharedChannelsPersistenceParityTests.swift,,
source/shared/errors/registry.ts,iOS-local typed contract/policy,b-nnett/grok-bot-0.18-reconstructed@a9f633e09d49a85829b8236331b9e21f7e612634:source/shared/errors/registry.ts,source/shared/errors/registry.swift,Swift,direct-equivalent,implemented,mobile/ios/FabushiTests/SharedErrorRegistryParityTests.swift,,"All 87 Grok error definitions, domains, retryability, declared payload fields, wire fallback, bounded tag emission, and named constructors are owned by iOS."
source/shared/external-url-policy.ts,iOS-local typed contract/policy,b-nnett/grok-bot-0.18-reconstructed@a9f633e09d49a85829b8236331b9e21f7e612634:source/shared/external-url-policy.ts,source/shared/external-url-policy.swift,Swift,direct-equivalent,implemented,mobile/ios/FabushiTests/SharedPolicyParityTests.swift,,
source/shared/feedback.ts,iOS-local typed contract/policy,b-nnett/grok-bot-0.18-reconstructed@a9f633e09d49a85829b8236331b9e21f7e612634:source/shared/feedback.ts,source/shared/feedback.swift,Swift,direct-equivalent,implemented,mobile/ios/FabushiTests/SharedPlatformContractsParityTests.swift,,
source/shared/forever-box.ts,iOS-local typed contract/policy,b-nnett/grok-bot-0.18-reconstructed@a9f633e09d49a85829b8236331b9e21f7e612634:source/shared/forever-box.ts,source/shared/forever-box.swift,Swift,direct-equivalent,implemented,mobile/ios/FabushiTests/SharedPlatformContractsParityTests.swift,,
source/shared/gateway-reachability.ts,iOS-local typed contract/policy,b-nnett/grok-bot-0.18-reconstructed@a9f633e09d49a85829b8236331b9e21f7e612634:source/shared/gateway-reachability.ts,source/shared/gateway-reachability.swift,Swift,ios-adapted,implemented,mobile/ios/FabushiTests/SharedPlatformContractsParityTests.swift,,Swift traverses NSError NSUnderlyingErrorKey chains instead of arbitrary JavaScript cause objects
source/shared/gateway-wire.ts,iOS-local typed contract/policy,b-nnett/grok-bot-0.18-reconstructed@a9f633e09d49a85829b8236331b9e21f7e612634:source/shared/gateway-wire.ts,source/shared/gateway-wire.swift,Swift,direct-equivalent,implemented,mobile/ios/FabushiTests/SharedPlatformContractsParityTests.swift,,
source/shared/host-settings-field.ts,iOS-local typed contract/policy,b-nnett/grok-bot-0.18-reconstructed@a9f633e09d49a85829b8236331b9e21f7e612634:source/shared/host-settings-field.ts,source/shared/host-settings-field.swift,Swift,ios-adapted,implemented,mobile/ios/FabushiTests/SharedPlatformContractsParityTests.swift,,Swift represents partial generic settings updates with typed read/write/value closures instead of dynamic object keys
source/shared/host-settings.ts,iOS-local typed contract/policy,b-nnett/grok-bot-0.18-reconstructed@a9f633e09d49a85829b8236331b9e21f7e612634:source/shared/host-settings.ts,source/shared/host-settings.swift,Swift,direct-equivalent,implemented,mobile/ios/FabushiTests/SharedPlatformContractsParityTests.swift,,
source/shared/inference-router.ts,iOS-local typed contract/policy,b-nnett/grok-bot-0.18-reconstructed@a9f633e09d49a85829b8236331b9e21f7e612634:source/shared/inference-router.ts,source/shared/inference-router.swift,Swift,direct-equivalent,implemented,mobile/ios/FabushiTests/SharedPlatformContractsParityTests.swift,,
source/shared/invariant.ts,iOS-local typed contract/policy,b-nnett/grok-bot-0.18-reconstructed@a9f633e09d49a85829b8236331b9e21f7e612634:source/shared/invariant.ts,source/shared/invariant.swift,Swift,ios-adapted,implemented,mobile/ios/FabushiTests/SharedPlatformContractsParityTests.swift,,Swift uses Thread call-stack symbols and a lock-protected reporter instead of JavaScript Error.stack
source/shared/link-preview-policy.ts,iOS-local typed contract/policy,b-nnett/grok-bot-0.18-reconstructed@a9f633e09d49a85829b8236331b9e21f7e612634:source/shared/link-preview-policy.ts,source/shared/link-preview-policy.swift,Swift,direct-equivalent,implemented,mobile/ios/FabushiTests/SharedPolicyParityTests.swift,,
source/shared/listener-integrations.ts,iOS-local typed contract/policy,b-nnett/grok-bot-0.18-reconstructed@a9f633e09d49a85829b8236331b9e21f7e612634:source/shared/listener-integrations.ts,source/shared/listener-integrations.swift,Swift,direct-equivalent,implemented,mobile/ios/FabushiTests/SharedPlatformContractsParityTests.swift,,
source/shared/local-exec-daemon.ts,iOS-local typed contract/policy,b-nnett/grok-bot-0.18-reconstructed@a9f633e09d49a85829b8236331b9e21f7e612634:source/shared/local-exec-daemon.ts,source/shared/local-exec-daemon.swift,Swift,direct-equivalent,implemented,mobile/ios/FabushiTests/SharedPlatformContractsParityTests.swift,,
source/shared/local-exec-gateway.ts,iOS-local typed contract/policy,b-nnett/grok-bot-0.18-reconstructed@a9f633e09d49a85829b8236331b9e21f7e612634:source/shared/local-exec-gateway.ts,source/shared/local-exec-gateway.swift,Swift,direct-equivalent,implemented,mobile/ios/FabushiTests/SharedPlatformContractsParityTests.swift,,
source/shared/local-exec-process-identity.ts,iOS-local typed contract/policy,b-nnett/grok-bot-0.18-reconstructed@a9f633e09d49a85829b8236331b9e21f7e612634:source/shared/local-exec-process-identity.ts,source/shared/local-exec-process-identity.swift,Swift,direct-equivalent,implemented,mobile/ios/FabushiTests/SharedPermissionsAndNotificationsParityTests.swift,,iOS preserves process-generation identity matching for supervised capability discovery; no arbitrary iOS process spawning is introduced.
source/shared/local-tool-permission-machinery.ts,iOS-local typed contract/policy,b-nnett/grok-bot-0.18-reconstructed@a9f633e09d49a85829b8236331b9e21f7e612634:source/shared/local-tool-permission-machinery.ts,source/shared/local-tool-permission-machinery.swift,Swift,direct-equivalent,implemented,mobile/ios/FabushiTests/SharedPermissionsAndNotificationsParityTests.swift,,iOS uses a typed async local-capability authorization gate instead of Node ContextKey/AbortSignal plumbing while preserving fail-closed approval semantics.
source/shared/local-tool-permission.ts,iOS-local typed contract/policy,b-nnett/grok-bot-0.18-reconstructed@a9f633e09d49a85829b8236331b9e21f7e612634:source/shared/local-tool-permission.ts,source/shared/local-tool-permission.swift,Swift,direct-equivalent,implemented,mobile/ios/FabushiTests/SharedPermissionsAndNotificationsParityTests.swift,,
source/shared/mcp-custom-instructions.ts,iOS-local typed contract/policy,b-nnett/grok-bot-0.18-reconstructed@a9f633e09d49a85829b8236331b9e21f7e612634:source/shared/mcp-custom-instructions.ts,source/shared/mcp-custom-instructions.swift,Swift,direct-equivalent,implemented,mobile/ios/FabushiTests/SharedPermissionsAndNotificationsParityTests.swift,,
source/shared/mcp-oauth-callback-page.ts,iOS-local typed contract/policy,b-nnett/grok-bot-0.18-reconstructed@a9f633e09d49a85829b8236331b9e21f7e612634:source/shared/mcp-oauth-callback-page.ts,source/shared/mcp-oauth-callback-page.swift,Swift,direct-equivalent,implemented,mobile/ios/FabushiTests/SharedPermissionsAndNotificationsParityTests.swift,,
source/shared/mcp.ts,iOS-local typed contract/policy,b-nnett/grok-bot-0.18-reconstructed@a9f633e09d49a85829b8236331b9e21f7e612634:source/shared/mcp.ts,source/shared/mcp.swift,Swift,direct-equivalent,implemented,mobile/ios/FabushiTests/SharedWorkflowTranscriptParityTests.swift,,
source/shared/media/attachment-limits.ts,iOS-local typed contract/policy,b-nnett/grok-bot-0.18-reconstructed@a9f633e09d49a85829b8236331b9e21f7e612634:source/shared/media/attachment-limits.ts,source/shared/media/attachment-limits.swift,Swift,direct-equivalent,implemented,mobile/ios/FabushiTests/SharedMediaParityTests.swift,,
source/shared/media/attachment-open-policy.ts,iOS-local typed contract/policy,b-nnett/grok-bot-0.18-reconstructed@a9f633e09d49a85829b8236331b9e21f7e612634:source/shared/media/attachment-open-policy.ts,source/shared/media/attachment-open-policy.swift,Swift,direct-equivalent,implemented,mobile/ios/FabushiTests/SharedMediaParityTests.swift,,
source/shared/media/attachment-preview.ts,iOS-local typed contract/policy,b-nnett/grok-bot-0.18-reconstructed@a9f633e09d49a85829b8236331b9e21f7e612634:source/shared/media/attachment-preview.ts,source/shared/media/attachment-preview.swift,Swift,direct-equivalent,implemented,mobile/ios/FabushiTests/SharedMediaParityTests.swift,,
source/shared/media/attachment-summary.ts,iOS-local typed contract/policy,b-nnett/grok-bot-0.18-reconstructed@a9f633e09d49a85829b8236331b9e21f7e612634:source/shared/media/attachment-summary.ts,source/shared/media/attachment-summary.swift,Swift,direct-equivalent,implemented,mobile/ios/FabushiTests/SharedMediaParityTests.swift,,
source/shared/media/attachments.ts,iOS-local typed contract/policy,b-nnett/grok-bot-0.18-reconstructed@a9f633e09d49a85829b8236331b9e21f7e612634:source/shared/media/attachments.ts,source/shared/media/attachments.swift,Swift,direct-equivalent,implemented,mobile/ios/FabushiTests/SharedMediaParityTests.swift,,
source/shared/media/avatar-image.ts,iOS-local typed contract/policy,b-nnett/grok-bot-0.18-reconstructed@a9f633e09d49a85829b8236331b9e21f7e612634:source/shared/media/avatar-image.ts,source/shared/media/avatar-image.swift,Swift,direct-equivalent,implemented,mobile/ios/FabushiTests/SharedMediaParityTests.swift,,
source/shared/media/file-preview-kind.ts,iOS-local typed contract/policy,b-nnett/grok-bot-0.18-reconstructed@a9f633e09d49a85829b8236331b9e21f7e612634:source/shared/media/file-preview-kind.ts,source/shared/media/file-preview-kind.swift,Swift,direct-equivalent,implemented,mobile/ios/FabushiTests/SharedMediaParityTests.swift,,
source/shared/media/image-dimensions.ts,iOS-local typed contract/policy,b-nnett/grok-bot-0.18-reconstructed@a9f633e09d49a85829b8236331b9e21f7e612634:source/shared/media/image-dimensions.ts,source/shared/media/image-dimensions.swift,Swift,direct-equivalent,implemented,mobile/ios/FabushiTests/SharedMediaParityTests.swift,,
source/shared/media/image-mime.ts,iOS-local typed contract/policy,b-nnett/grok-bot-0.18-reconstructed@a9f633e09d49a85829b8236331b9e21f7e612634:source/shared/media/image-mime.ts,source/shared/media/image-mime.swift,Swift,direct-equivalent,implemented,mobile/ios/FabushiTests/SharedMediaParityTests.swift,,
source/shared/media/markdown-preview.ts,iOS-local typed contract/policy,b-nnett/grok-bot-0.18-reconstructed@a9f633e09d49a85829b8236331b9e21f7e612634:source/shared/media/markdown-preview.ts,source/shared/media/markdown-preview.swift,Swift,direct-equivalent,implemented,mobile/ios/FabushiTests/SharedMediaParityTests.swift,,
source/shared/media/media-extensions.ts,iOS-local typed contract/policy,b-nnett/grok-bot-0.18-reconstructed@a9f633e09d49a85829b8236331b9e21f7e612634:source/shared/media/media-extensions.ts,source/shared/media/media-extensions.swift,Swift,direct-equivalent,implemented,mobile/ios/FabushiTests/SharedMediaParityTests.swift,,
source/shared/media/video-dimensions.ts,iOS-local typed contract/policy,b-nnett/grok-bot-0.18-reconstructed@a9f633e09d49a85829b8236331b9e21f7e612634:source/shared/media/video-dimensions.ts,source/shared/media/video-dimensions.swift,Swift,direct-equivalent,implemented,mobile/ios/FabushiTests/SharedMediaParityTests.swift,,
source/shared/message-reference.ts,iOS-local typed contract/policy,b-nnett/grok-bot-0.18-reconstructed@a9f633e09d49a85829b8236331b9e21f7e612634:source/shared/message-reference.ts,source/shared/message-reference.swift,Swift,direct-equivalent,implemented,mobile/ios/FabushiTests/SharedMessagingCoreParityTests.swift,,
source/shared/node/analytics/product-analytics.ts,iOS-native replacement for Node-specific shared behavior,b-nnett/grok-bot-0.18-reconstructed@a9f633e09d49a85829b8236331b9e21f7e612634:source/shared/node/analytics/product-analytics.ts,source/shared/node/analytics/product-analytics.swift,Swift,ios-adapted,implemented,mobile/ios/FabushiTests/SharedProductAnalyticsParityTests.swift,,"Swift actor preserves opt-out, deferred gating, 256-event cap, gate activation, base-property enrichment, daily active deduplication, buffered retry and failure-isolated flush behavior; iOS experiment updates call refreshGate instead of a Node subscription callback."
source/shared/node/async.ts,iOS-native replacement for Node-specific shared behavior,b-nnett/grok-bot-0.18-reconstructed@a9f633e09d49a85829b8236331b9e21f7e612634:source/shared/node/async.ts,source/shared/node/async.swift,Swift,ios-adapted,implemented,mobile/ios/FabushiTests/SharedNativeNodeAdaptersParityTests.swift,,Swift concurrency Task.sleep is the native cancellable delay primitive; cancellation resolves the delay path rather than surfacing a Node AbortSignal error.
source/shared/node/atomic-write.ts,iOS-native replacement for Node-specific shared behavior,b-nnett/grok-bot-0.18-reconstructed@a9f633e09d49a85829b8236331b9e21f7e612634:source/shared/node/atomic-write.ts,source/shared/node/atomic-write.swift,Swift,ios-adapted,implemented,mobile/ios/FabushiTests/SharedNativeNodeAdaptersParityTests.swift,,Darwin open/write/fsync/rename provides the same exclusive temp-file plus durable atomic rename contract inside the iOS sandbox.
source/shared/node/cursor-backend/account-mcp.ts,iOS-native replacement for Node-specific shared behavior,b-nnett/grok-bot-0.18-reconstructed@a9f633e09d49a85829b8236331b9e21f7e612634:source/shared/node/cursor-backend/account-mcp.ts,source/shared/node/cursor-backend/account-mcp.swift,Swift,ios-adapted,implemented,mobile/ios/FabushiTests/SharedAccountMcpParityTests.swift,,Desktop/Node responsibility is preserved with an iOS-native API/lifecycle implementation.
source/shared/node/cursor-backend/backend-mcp-exec.ts,iOS-native replacement for Node-specific shared behavior,b-nnett/grok-bot-0.18-reconstructed@a9f633e09d49a85829b8236331b9e21f7e612634:source/shared/node/cursor-backend/backend-mcp-exec.ts,source/shared/node/cursor-backend/backend-mcp-exec.swift,Swift,ios-adapted,implemented,mobile/ios/FabushiTests/SharedCursorBackendExecParityTests.swift,,"Swift preserves discovery, tool mapping, JSON argument normalization, 180s execution deadline semantics, ambiguous-timeout safety messaging, OAuth status/completion/token validation and account mutation contracts over an injected iOS backend client."
source/shared/node/cursor-backend/cursor-generate-image.ts,iOS-native replacement for Node-specific shared behavior,b-nnett/grok-bot-0.18-reconstructed@a9f633e09d49a85829b8236331b9e21f7e612634:source/shared/node/cursor-backend/cursor-generate-image.ts,source/shared/node/cursor-backend/cursor-generate-image.swift,Swift,ios-adapted,implemented,mobile/ios/FabushiTests/SharedCursorBackendExecParityTests.swift,,"Swift preserves model/max-mode/reference-image request shaping and success, model-restricted, generic-error and missing-result branches over the iOS backend client."
source/shared/node/cursor-backend/cursor-inference.ts,iOS-native replacement for Node-specific shared behavior,b-nnett/grok-bot-0.18-reconstructed@a9f633e09d49a85829b8236331b9e21f7e612634:source/shared/node/cursor-backend/cursor-inference.ts,source/shared/node/cursor-backend/cursor-inference.swift,Swift,ios-adapted,implemented,mobile/ios/FabushiTests/SharedCursorInferenceParityTests.swift,,Desktop/Node responsibility is preserved with an iOS-native API/lifecycle implementation.
source/shared/node/cursor-backend/rpc-tracing.ts,iOS-native replacement for Node-specific shared behavior,b-nnett/grok-bot-0.18-reconstructed@a9f633e09d49a85829b8236331b9e21f7e612634:source/shared/node/cursor-backend/rpc-tracing.ts,source/shared/node/cursor-backend/rpc-tracing.swift,Swift,ios-adapted,implemented,mobile/ios/FabushiTests/SharedRpcTracingParityTests.swift,,"Swift preserves request-id pinning, traceparent validation/injection, sampling, trace-window forcing/expiry, streaming settlement and ConnectRPC error attribution; native span creation is supplied by the iOS telemetry adapter rather than Node/OpenTelemetry globals."
source/shared/node/cursor-token.ts,iOS-native replacement for Node-specific shared behavior,b-nnett/grok-bot-0.18-reconstructed@a9f633e09d49a85829b8236331b9e21f7e612634:source/shared/node/cursor-token.ts,source/shared/node/cursor-token.swift,Swift,ios-adapted,implemented,mobile/ios/FabushiTests/SharedNativeNodeAdaptersParityTests.swift,,CryptoKit SHA256 and Foundation JSON/base64url replace Node crypto/Buffer while preserving JWT/account-scope and backend/client-id decisions.
source/shared/node/egress-tunnel/box-connection.ts,iOS-native replacement for Node-specific shared behavior,b-nnett/grok-bot-0.18-reconstructed@a9f633e09d49a85829b8236331b9e21f7e612634:source/shared/node/egress-tunnel/box-connection.ts,source/shared/node/egress-tunnel/box-connection.swift,Swift,ios-adapted,implemented,mobile/ios/FabushiTests/SharedEgressTunnelParityTests.swift,,"Swift preserves box-to-WebSocket URL derivation, pod-proxy port rewriting, bearer/header projection and fail-closed token requirements."
source/shared/node/egress-tunnel/egress-tunnel-controller.ts,iOS-native replacement for Node-specific shared behavior,b-nnett/grok-bot-0.18-reconstructed@a9f633e09d49a85829b8236331b9e21f7e612634:source/shared/node/egress-tunnel/egress-tunnel-controller.ts,source/shared/node/egress-tunnel/egress-tunnel-controller.swift,Swift,ios-adapted,implemented,mobile/ios/FabushiTests/SharedEgressTunnelParityTests.swift,,"Swift controller preserves enable/config reconciliation, environment precedence, client restart only on config changes and explicit off status publication."
source/shared/node/egress-tunnel/exit-client.ts,iOS-native replacement for Node-specific shared behavior,b-nnett/grok-bot-0.18-reconstructed@a9f633e09d49a85829b8236331b9e21f7e612634:source/shared/node/egress-tunnel/exit-client.ts,source/shared/node/egress-tunnel/exit-client.swift,Swift,ios-adapted,implemented,mobile/ios/FabushiTests/SharedEgressTunnelParityTests.swift,,"iOS preserves frame/IP-safety contracts but never opens arbitrary local TCP sockets; egress frames are delegated to an injected Remote Runner relay, and absent relay fails closed with CLOSE plus remote-runner-required status."
source/shared/node/egress-tunnel/websocket-client.ts,iOS-native replacement for Node-specific shared behavior,b-nnett/grok-bot-0.18-reconstructed@a9f633e09d49a85829b8236331b9e21f7e612634:source/shared/node/egress-tunnel/websocket-client.ts,source/shared/node/egress-tunnel/websocket-client.swift,Swift,ios-adapted,implemented,mobile/ios/FabushiTests/SharedEgressTunnelParityTests.swift,,Node ws transport is replaced by URLSessionWebSocketTask with explicit header projection and ws/wss URL validation.
source/shared/node/egress-tunnel/ws.d.ts,iOS-native replacement for Node-specific shared behavior,b-nnett/grok-bot-0.18-reconstructed@a9f633e09d49a85829b8236331b9e21f7e612634:source/shared/node/egress-tunnel/ws.d.ts,source/shared/node/egress-tunnel/ws.types.swift,Swift,ios-adapted,implemented,mobile/ios/FabushiTests/SharedEgressTunnelParityTests.swift,,The Node ws declaration surface is replaced by a typed Swift ExitWebSocket protocol and native URLSession adapter contract.
source/shared/node/experiments/cursor-experiments.ts,iOS-native replacement for Node-specific shared behavior,b-nnett/grok-bot-0.18-reconstructed@a9f633e09d49a85829b8236331b9e21f7e612634:source/shared/node/experiments/cursor-experiments.ts,source/shared/node/experiments/cursor-experiments.swift,Swift,ios-adapted,implemented,mobile/ios/FabushiTests/SharedExperimentServiceParityTests.swift,,"Native service preserves cached/bootstrap hydration, feature-gate precedence, model experiment/config resolution, dev/internal overrides, polling/disposal semantics and is owned/disposed by MahayanaCoordinator rather than SwiftUI or Host-bypassing UI code."
source/shared/node/experiments/experiment-config.gen.ts,iOS-native replacement for Node-specific shared behavior,b-nnett/grok-bot-0.18-reconstructed@a9f633e09d49a85829b8236331b9e21f7e612634:source/shared/node/experiments/experiment-config.gen.ts,source/shared/node/experiments/experiment-config.gen.swift,Swift,ios-adapted,implemented,mobile/ios/FabushiTests/SharedExperimentServiceParityTests.swift,,"Generated Swift projection retains all 605 pinned feature flags plus the complete 109 experiment and 123 dynamic-config key inventories; iOS-consumed Grok fallbacks are typed and regression-tested without importing the Node Statsig SDK."
source/shared/node/experiments/experiments-diagnostics.ts,iOS-native replacement for Node-specific shared behavior,b-nnett/grok-bot-0.18-reconstructed@a9f633e09d49a85829b8236331b9e21f7e612634:source/shared/node/experiments/experiments-diagnostics.ts,source/shared/node/experiments/experiments-diagnostics.swift,Swift,ios-adapted,implemented,mobile/ios/FabushiTests/SharedExperimentsSupportParityTests.swift,,NSLock-guarded native reporter preserves pre-pin buffering and one-time backlog flush without unsafe global mutable state.
source/shared/node/experiments/feature-flag-overrides.ts,iOS-native replacement for Node-specific shared behavior,b-nnett/grok-bot-0.18-reconstructed@a9f633e09d49a85829b8236331b9e21f7e612634:source/shared/node/experiments/feature-flag-overrides.ts,source/shared/node/experiments/feature-flag-overrides.swift,Swift,ios-adapted,implemented,mobile/ios/FabushiTests/SharedExperimentsSupportParityTests.swift,,All 605 pinned Grok feature-flag names/defaults are extracted into iOS-owned source; overrides persist atomically in the iOS sandbox with the same 24h TTL.
source/shared/node/experiments/gate-property.ts,iOS-native replacement for Node-specific shared behavior,b-nnett/grok-bot-0.18-reconstructed@a9f633e09d49a85829b8236331b9e21f7e612634:source/shared/node/experiments/gate-property.ts,source/shared/node/experiments/gate-property.swift,Swift,ios-adapted,implemented,mobile/ios/FabushiTests/SharedExperimentsSupportParityTests.swift,,Native locked observable property preserves change-only listener delivery and isolates listener failures.
source/shared/node/experiments/sand-model-config.ts,iOS-native replacement for Node-specific shared behavior,b-nnett/grok-bot-0.18-reconstructed@a9f633e09d49a85829b8236331b9e21f7e612634:source/shared/node/experiments/sand-model-config.ts,source/shared/node/experiments/sand-model-config.swift,Swift,ios-adapted,implemented,mobile/ios/FabushiTests/SharedExperimentsSupportParityTests.swift,,Uses the already-owned SandAgentModelSelection Swift contract and preserves identity/malformed/bounds/duplicate/routed-model rejection semantics.
source/shared/node/experiments/sand-model-experiment.ts,iOS-native replacement for Node-specific shared behavior,b-nnett/grok-bot-0.18-reconstructed@a9f633e09d49a85829b8236331b9e21f7e612634:source/shared/node/experiments/sand-model-experiment.ts,source/shared/node/experiments/sand-model-experiment.swift,Swift,ios-adapted,implemented,mobile/ios/FabushiTests/SharedExperimentsSupportParityTests.swift,,Uses ProcessInfo environment and the iOS-owned model selection type while preserving control/treatment resolution.
source/shared/node/experiments/statsig-bootstrap.ts,iOS-native replacement for Node-specific shared behavior,b-nnett/grok-bot-0.18-reconstructed@a9f633e09d49a85829b8236331b9e21f7e612634:source/shared/node/experiments/statsig-bootstrap.ts,source/shared/node/experiments/statsig-bootstrap.swift,Swift,ios-adapted,implemented,mobile/ios/FabushiTests/SharedExperimentsSupportParityTests.swift,,"URLSession, atomic sandbox cache, and Foundation JSON replace Node fetch/fs; checksum, authenticated bootstrap, retry-after and Statsig user extraction semantics are preserved."
source/shared/node/http-image.ts,iOS-native replacement for Node-specific shared behavior,b-nnett/grok-bot-0.18-reconstructed@a9f633e09d49a85829b8236331b9e21f7e612634:source/shared/node/http-image.ts,source/shared/node/http-image.swift,Swift,ios-adapted,implemented,mobile/ios/FabushiTests/SharedNativeNodeAdaptersParityTests.swift,,Foundation HTTPURLResponse/Data replaces Fetch Response streams; cap checks remain before and during body accumulation.
source/shared/node/inference-router-local.ts,iOS-native replacement for Node-specific shared behavior,b-nnett/grok-bot-0.18-reconstructed@a9f633e09d49a85829b8236331b9e21f7e612634:source/shared/node/inference-router-local.ts,source/shared/node/inference-router-local.swift,Swift,ios-adapted,implemented,mobile/ios/FabushiTests/SharedNativeNodeAdaptersParityTests.swift,,iOS never discovers or spawns arbitrary local Codex/Claude executables; the capability report is explicit and routes Codex through the native provider and Claude Code through Remote Runner.
source/shared/node/marketplace/cursor-marketplace-client.ts,iOS-native replacement for Node-specific shared behavior,b-nnett/grok-bot-0.18-reconstructed@a9f633e09d49a85829b8236331b9e21f7e612634:source/shared/node/marketplace/cursor-marketplace-client.ts,source/shared/node/marketplace/cursor-marketplace-client.swift,Swift,ios-adapted,implemented,mobile/ios/FabushiTests/SharedMarketplaceClientParityTests.swift,,"URLSession-oriented iOS client preserves the 12s timeout, best-effort token, checksum, client metadata, ghost-mode and request-id headers while replacing Node Connect transport with a native request boundary."
source/shared/node/marketplace/cursor-marketplace-logo-registry.ts,iOS-native replacement for Node-specific shared behavior,b-nnett/grok-bot-0.18-reconstructed@a9f633e09d49a85829b8236331b9e21f7e612634:source/shared/node/marketplace/cursor-marketplace-logo-registry.ts,source/shared/node/marketplace/cursor-marketplace-logo-registry.swift,Swift,ios-adapted,implemented,mobile/ios/FabushiTests/SharedMarketplaceClientParityTests.swift,,NSLock-backed iOS-local registry preserves the explicit remember/known URL contract without global unsynchronized mutation.
source/shared/node/mcp/account-display-cache.ts,iOS-native replacement for Node-specific shared behavior,b-nnett/grok-bot-0.18-reconstructed@a9f633e09d49a85829b8236331b9e21f7e612634:source/shared/node/mcp/account-display-cache.ts,source/shared/node/mcp/account-display-cache.swift,Swift,ios-adapted,implemented,mobile/ios/FabushiTests/SharedMcpUtilityParityTests.swift,,Generic Swift account display merge preserves unresolved cached rows in original order while replacing fresh rows and appending newly discovered rows.
source/shared/node/mcp/builtin-mcp.ts,iOS-native replacement for Node-specific shared behavior,b-nnett/grok-bot-0.18-reconstructed@a9f633e09d49a85829b8236331b9e21f7e612634:source/shared/node/mcp/builtin-mcp.ts,source/shared/node/mcp/builtin-mcp.swift,Swift,ios-adapted,implemented,mobile/ios/FabushiTests/SharedMcpDisplayDefinitionParityTests.swift,,"iOS cannot safely run Grok's Docker-backed local computer MCP. The builtin is projected only when a Remote Runner MCP endpoint is supplied, otherwise no builtin is advertised; no local daemon/process is simulated."
source/shared/node/mcp/mcp-account-slot-lifecycle.ts,iOS-native replacement for Node-specific shared behavior,b-nnett/grok-bot-0.18-reconstructed@a9f633e09d49a85829b8236331b9e21f7e612634:source/shared/node/mcp/mcp-account-slot-lifecycle.ts,source/shared/node/mcp/mcp-account-slot-lifecycle.swift,Swift,ios-adapted,implemented,mobile/ios/FabushiTests/SharedMcpAccountLifecycleParityTests.swift,,"Native async account lifecycle preserves validated account/server ids, backend logout/rename/delete, auth-watch cancellation, optimistic display/listed-state patching, definition-source adoption, tool-cache invalidation and push reset."
source/shared/node/mcp/mcp-auth-cleanup.ts,iOS-native replacement for Node-specific shared behavior,b-nnett/grok-bot-0.18-reconstructed@a9f633e09d49a85829b8236331b9e21f7e612634:source/shared/node/mcp/mcp-auth-cleanup.ts,source/shared/node/mcp/mcp-auth-cleanup.swift,Swift,ios-adapted,implemented,mobile/ios/FabushiTests/SharedMcpAccountLifecycleParityTests.swift,,FileManager performs iOS-sandbox legacy credential discovery/removal and reports not_found/error/deleted without reading credential contents.
source/shared/node/mcp/mcp-auth-watch-lifecycle.ts,iOS-native replacement for Node-specific shared behavior,b-nnett/grok-bot-0.18-reconstructed@a9f633e09d49a85829b8236331b9e21f7e612634:source/shared/node/mcp/mcp-auth-watch-lifecycle.ts,source/shared/node/mcp/mcp-auth-watch-lifecycle.swift,Swift,ios-adapted,implemented,mobile/ios/FabushiTests/SharedMcpAuthWatchLifecycleParityTests.swift,,Desktop/Node responsibility is preserved with an iOS-native API/lifecycle implementation.
source/shared/node/mcp/mcp-auth-watch.ts,iOS-native replacement for Node-specific shared behavior,b-nnett/grok-bot-0.18-reconstructed@a9f633e09d49a85829b8236331b9e21f7e612634:source/shared/node/mcp/mcp-auth-watch.ts,source/shared/node/mcp/mcp-auth-watch.swift,Swift,ios-adapted,implemented,mobile/ios/FabushiTests/SharedMcpAccountLifecycleParityTests.swift,,Native constants and deterministic server/account watch key are preserved.
source/shared/node/mcp/mcp-catalog-cache.ts,iOS-native replacement for Node-specific shared behavior,b-nnett/grok-bot-0.18-reconstructed@a9f633e09d49a85829b8236331b9e21f7e612634:source/shared/node/mcp/mcp-catalog-cache.ts,source/shared/node/mcp/mcp-catalog-cache.swift,Swift,ios-adapted,implemented,mobile/ios/FabushiTests/SharedMcpAccountLifecycleParityTests.swift,,Foundation URL parsing preserves HTTPS-only remote auth and permits HTTP only when both authorization and MCP server hosts are loopback.
source/shared/node/mcp/mcp-catalog-flow.ts,iOS-native replacement for Node-specific shared behavior,b-nnett/grok-bot-0.18-reconstructed@a9f633e09d49a85829b8236331b9e21f7e612634:source/shared/node/mcp/mcp-catalog-flow.ts,source/shared/node/mcp/mcp-catalog-flow.swift,Swift,ios-adapted,implemented,mobile/ios/FabushiTests/SharedMcpCatalogMarketplaceParityTests.swift,,Desktop/Node responsibility is preserved with an iOS-native API/lifecycle implementation.
source/shared/node/mcp/mcp-config-error.ts,iOS-native replacement for Node-specific shared behavior,b-nnett/grok-bot-0.18-reconstructed@a9f633e09d49a85829b8236331b9e21f7e612634:source/shared/node/mcp/mcp-config-error.ts,source/shared/node/mcp/mcp-config-error.swift,Swift,ios-adapted,implemented,mobile/ios/FabushiTests/SharedMcpUtilityParityTests.swift,,Native LocalizedError preserves the typed configuration-error boundary and message.
source/shared/node/mcp/mcp-definition-source.ts,iOS-native replacement for Node-specific shared behavior,b-nnett/grok-bot-0.18-reconstructed@a9f633e09d49a85829b8236331b9e21f7e612634:source/shared/node/mcp/mcp-definition-source.ts,source/shared/node/mcp/mcp-definition-source.swift,Swift,ios-adapted,implemented,mobile/ios/FabushiTests/SharedMcpDisplayDefinitionParityTests.swift,,An actor owns cached account definitions and last-known fallback; builtin definitions are injected through the iOS Remote Runner projection instead of local Docker discovery.
source/shared/node/mcp/mcp-diagnostics.ts,iOS-native replacement for Node-specific shared behavior,b-nnett/grok-bot-0.18-reconstructed@a9f633e09d49a85829b8236331b9e21f7e612634:source/shared/node/mcp/mcp-diagnostics.ts,source/shared/node/mcp/mcp-diagnostics.swift,Swift,ios-adapted,implemented,mobile/ios/FabushiTests/SharedMcpUtilityParityTests.swift,,"NSLock-guarded native diagnostics preserve the 32-entry pre-pin buffer, Connect error class mapping, 128-entry exec error-class FIFO cap, and take-once semantics."
source/shared/node/mcp/mcp-display-runtime.ts,iOS-native replacement for Node-specific shared behavior,b-nnett/grok-bot-0.18-reconstructed@a9f633e09d49a85829b8236331b9e21f7e612634:source/shared/node/mcp/mcp-display-runtime.ts,source/shared/node/mcp/mcp-display-runtime.swift,Swift,ios-adapted,implemented,mobile/ios/FabushiTests/SharedMcpDisplayDefinitionParityTests.swift,,Native Swift value types own account/display/runtime projection and status normalization; stdio config may be represented but iOS execution policy is enforced by Host/Remote Runner rather than local Process spawning.
source/shared/node/mcp/mcp-image-assets.ts,iOS-native replacement for Node-specific shared behavior,b-nnett/grok-bot-0.18-reconstructed@a9f633e09d49a85829b8236331b9e21f7e612634:source/shared/node/mcp/mcp-image-assets.ts,source/shared/node/mcp/mcp-image-assets.swift,Swift,ios-adapted,implemented,mobile/ios/FabushiTests/SharedMcpResultAssetsParityTests.swift,,"Swift preserves image-result detection, best-effort persistence, saved-image user guidance and content ordering while isolating persistence failures."
source/shared/node/mcp/mcp-instructions-and-toggles.ts,iOS-native replacement for Node-specific shared behavior,b-nnett/grok-bot-0.18-reconstructed@a9f633e09d49a85829b8236331b9e21f7e612634:source/shared/node/mcp/mcp-instructions-and-toggles.ts,source/shared/node/mcp/mcp-instructions-and-toggles.swift,Swift,ios-adapted,implemented,mobile/ios/FabushiTests/SharedMcpDisplayDefinitionParityTests.swift,,"Native protocols preserve server-id validation, instruction migration, per-tool disable toggles, duplicate-name mirroring rules, display-row ownership and account-slot instruction projection."
source/shared/node/mcp/mcp-listing-summaries.ts,iOS-native replacement for Node-specific shared behavior,b-nnett/grok-bot-0.18-reconstructed@a9f633e09d49a85829b8236331b9e21f7e612634:source/shared/node/mcp/mcp-listing-summaries.ts,source/shared/node/mcp/mcp-listing-summaries.swift,Swift,ios-adapted,implemented,mobile/ios/FabushiTests/SharedMcpDisplayDefinitionParityTests.swift,,"Native summary projection preserves enabled/disabled tool counts, auth/admin/disconnected status, account slots, custom instructions and plugin attribution while reporting Remote Runner disconnection rather than pretending a local box exists."
source/shared/node/mcp/mcp-manager.ts,iOS-native replacement for Node-specific shared behavior,b-nnett/grok-bot-0.18-reconstructed@a9f633e09d49a85829b8236331b9e21f7e612634:source/shared/node/mcp/mcp-manager.ts,source/shared/node/mcp/mcp-manager.swift,Swift,ios-adapted,implemented,mobile/ios/FabushiTests/SharedMcpManagerParityTests.swift,,Desktop/Node responsibility is preserved with an iOS-native API/lifecycle implementation.
source/shared/node/mcp/mcp-marketplace-logo.ts,iOS-native replacement for Node-specific shared behavior,b-nnett/grok-bot-0.18-reconstructed@a9f633e09d49a85829b8236331b9e21f7e612634:source/shared/node/mcp/mcp-marketplace-logo.ts,source/shared/node/mcp/mcp-marketplace-logo.swift,Swift,ios-adapted,implemented,mobile/ios/FabushiTests/SharedMcpResultAssetsParityTests.swift,,"iOS URLSession implementation preserves known-URL allowlisting, HTTPS-only policy, 512 KiB cap, 12s request timeout, six-slot concurrency gate and positive/negative cache semantics."
source/shared/node/mcp/mcp-marketplace.ts,iOS-native replacement for Node-specific shared behavior,b-nnett/grok-bot-0.18-reconstructed@a9f633e09d49a85829b8236331b9e21f7e612634:source/shared/node/mcp/mcp-marketplace.ts,source/shared/node/mcp/mcp-marketplace.swift,Swift,ios-adapted,implemented,mobile/ios/FabushiTests/SharedMcpCatalogMarketplaceParityTests.swift,,Desktop/Node responsibility is preserved with an iOS-native API/lifecycle implementation.
source/shared/node/mcp/mcp-oauth-loopback.ts,iOS-native replacement for Node-specific shared behavior,b-nnett/grok-bot-0.18-reconstructed@a9f633e09d49a85829b8236331b9e21f7e612634:source/shared/node/mcp/mcp-oauth-loopback.ts,source/shared/node/mcp/mcp-oauth-loopback.swift,Swift,ios-adapted,implemented,mobile/ios/FabushiTests/SharedMcpOAuthLifecycleParityTests.swift,,Desktop/Node responsibility is preserved with an iOS-native API/lifecycle implementation.
source/shared/node/mcp/mcp-plugin-variables.ts,iOS-native replacement for Node-specific shared behavior,b-nnett/grok-bot-0.18-reconstructed@a9f633e09d49a85829b8236331b9e21f7e612634:source/shared/node/mcp/mcp-plugin-variables.ts,source/shared/node/mcp/mcp-plugin-variables.swift,Swift,ios-adapted,implemented,mobile/ios/FabushiTests/SharedMcpUtilityParityTests.swift,,"Native dictionary schema inspection preserves humanization, secret inference, required/default/hint behavior and missing-required detection."
source/shared/node/mcp/mcp-result-factory.ts,iOS-native replacement for Node-specific shared behavior,b-nnett/grok-bot-0.18-reconstructed@a9f633e09d49a85829b8236331b9e21f7e612634:source/shared/node/mcp/mcp-result-factory.ts,source/shared/node/mcp/mcp-result-factory.swift,Swift,ios-adapted,implemented,mobile/ios/FabushiTests/SharedMcpResultAssetsParityTests.swift,,"Swift generated result factory preserves text construction, success metadata/structured content and explicit error construction without relying on generated Node protobuf constructors."
source/shared/node/mcp/mcp-server-id.ts,iOS-native replacement for Node-specific shared behavior,b-nnett/grok-bot-0.18-reconstructed@a9f633e09d49a85829b8236331b9e21f7e612634:source/shared/node/mcp/mcp-server-id.ts,source/shared/node/mcp/mcp-server-id.swift,Swift,ios-adapted,implemented,mobile/ios/FabushiTests/SharedMcpUtilityParityTests.swift,,Positive-decimal and signed-int32 range validation is preserved exactly in Swift.
source/shared/node/mcp/mcp-validation.ts,iOS-native replacement for Node-specific shared behavior,b-nnett/grok-bot-0.18-reconstructed@a9f633e09d49a85829b8236331b9e21f7e612634:source/shared/node/mcp/mcp-validation.ts,source/shared/node/mcp/mcp-validation.swift,Swift,ios-adapted,implemented,mobile/ios/FabushiTests/SharedMcpUtilityParityTests.swift,,"A native Swift McpServerConfig enum preserves stdio/SSE/HTTP transport discrimination, command rendering, reserved-name checks, JSON parsing and toJson argument projection."
source/shared/node/mcp/tools-discovery.ts,iOS-native replacement for Node-specific shared behavior,b-nnett/grok-bot-0.18-reconstructed@a9f633e09d49a85829b8236331b9e21f7e612634:source/shared/node/mcp/tools-discovery.ts,source/shared/node/mcp/tools-discovery.swift,Swift,ios-adapted,implemented,mobile/ios/FabushiTests/SharedMcpToolsDiscoveryParityTests.swift,,Desktop/Node responsibility is preserved with an iOS-native API/lifecycle implementation.
source/shared/node/paths.ts,iOS-native replacement for Node-specific shared behavior,b-nnett/grok-bot-0.18-reconstructed@a9f633e09d49a85829b8236331b9e21f7e612634:source/shared/node/paths.ts,source/shared/node/paths.swift,Swift,ios-adapted,implemented,mobile/ios/FabushiTests/SharedNativeNodeAdaptersParityTests.swift,,iOS POSIX sandbox paths use standardized/resolved symlink paths and nearest-existing-parent containment instead of node:path/fs.
source/shared/node/sand-client-metadata.ts,iOS-native replacement for Node-specific shared behavior,b-nnett/grok-bot-0.18-reconstructed@a9f633e09d49a85829b8236331b9e21f7e612634:source/shared/node/sand-client-metadata.ts,source/shared/node/sand-client-metadata.swift,Swift,ios-adapted,implemented,mobile/ios/FabushiTests/SharedNativeNodeAdaptersParityTests.swift,,ProcessInfo environment is used only as the native configuration input; namespace/version/header semantics are preserved.
source/shared/node/sand-variant.ts,iOS-native replacement for Node-specific shared behavior,b-nnett/grok-bot-0.18-reconstructed@a9f633e09d49a85829b8236331b9e21f7e612634:source/shared/node/sand-variant.ts,source/shared/node/sand-variant.swift,Swift,ios-adapted,implemented,mobile/ios/FabushiTests/SharedNativeNodeAdaptersParityTests.swift,,ProcessInfo environment replaces Node process.env while retaining packaged/lab/dev variant behavior.
source/shared/node/settings/sand-settings-store.ts,iOS-native replacement for Node-specific shared behavior,b-nnett/grok-bot-0.18-reconstructed@a9f633e09d49a85829b8236331b9e21f7e612634:source/shared/node/settings/sand-settings-store.ts,source/shared/node/settings/sand-settings-store.swift,Swift,ios-adapted,implemented,mobile/ios/FabushiTests/SharedSettingsParityTests.swift,,"Foundation-backed store preserves Grok defaults, tolerant legacy JSON parsing, atomic persistence, settings normalization, max-fast migration, update-track coercion, per-account isolation and fail-safe recovery; MahayanaCoordinator owns the production store and account-scope mutations."
source/shared/observability/connector-auth-telemetry.ts,iOS-local typed contract/policy,b-nnett/grok-bot-0.18-reconstructed@a9f633e09d49a85829b8236331b9e21f7e612634:source/shared/observability/connector-auth-telemetry.ts,source/shared/observability/connector-auth-telemetry.swift,Swift,direct-equivalent,implemented,mobile/ios/FabushiTests/SharedErrorRegistryParityTests.swift,,
source/shared/observability/heap-metrics.ts,iOS-local typed contract/policy,b-nnett/grok-bot-0.18-reconstructed@a9f633e09d49a85829b8236331b9e21f7e612634:source/shared/observability/heap-metrics.ts,source/shared/observability/heap-metrics.swift,Swift,direct-equivalent,implemented,mobile/ios/FabushiTests/SharedObservabilityParityTests.swift,,Swift dictionary parsing preserves finite/nonnegative metric validation; JavaScript prototype-poisoning checks are unnecessary for native dictionaries.
source/shared/observability/log-ship-cadence.ts,iOS-local typed contract/policy,b-nnett/grok-bot-0.18-reconstructed@a9f633e09d49a85829b8236331b9e21f7e612634:source/shared/observability/log-ship-cadence.ts,source/shared/observability/log-ship-cadence.swift,Swift,direct-equivalent,implemented,mobile/ios/FabushiTests/SharedObservabilityParityTests.swift,,"iOS uses the same bounded backoff, jitter, retry-after, and batch rules behind native async transport."
source/shared/observability/request-lineage.ts,iOS-local typed contract/policy,b-nnett/grok-bot-0.18-reconstructed@a9f633e09d49a85829b8236331b9e21f7e612634:source/shared/observability/request-lineage.ts,source/shared/observability/request-lineage.swift,Swift,direct-equivalent,implemented,mobile/ios/FabushiTests/SharedObservabilityParityTests.swift,,
source/shared/observability/send-trace.ts,iOS-local typed contract/policy,b-nnett/grok-bot-0.18-reconstructed@a9f633e09d49a85829b8236331b9e21f7e612634:source/shared/observability/send-trace.ts,source/shared/observability/send-trace.swift,Swift,direct-equivalent,implemented,mobile/ios/FabushiTests/SharedObservabilityParityTests.swift,,SystemRandomNumberGenerator supplies native trace/span entropy instead of Web Crypto.
source/shared/observability/sentry-privacy-mode.ts,iOS-local typed contract/policy,b-nnett/grok-bot-0.18-reconstructed@a9f633e09d49a85829b8236331b9e21f7e612634:source/shared/observability/sentry-privacy-mode.ts,source/shared/observability/sentry-privacy-mode.swift,Swift,direct-equivalent,implemented,mobile/ios/FabushiTests/SharedObservabilityParityTests.swift,,Privacy tier semantics are preserved with an iOS-local enum rather than generated desktop protobuf bindings.
source/shared/observability/sentry-scrub.gen.ts,iOS-local typed contract/policy,b-nnett/grok-bot-0.18-reconstructed@a9f633e09d49a85829b8236331b9e21f7e612634:source/shared/observability/sentry-scrub.gen.ts,source/shared/observability/sentry-scrub.gen.swift,Swift,direct-equivalent,implemented,mobile/ios/FabushiTests/SharedObservabilityParityTests.swift,,"Swift projection preserves restricted-tier allowlisting, URL/path redaction, exception scrubbing, and bounded event/session envelope semantics."
source/shared/observability/sentry.ts,iOS-local typed contract/policy,b-nnett/grok-bot-0.18-reconstructed@a9f633e09d49a85829b8236331b9e21f7e612634:source/shared/observability/sentry.ts,source/shared/observability/sentry.swift,Swift,direct-equivalent,implemented,mobile/ios/FabushiTests/SharedObservabilityParityTests.swift,,"iOS-local Sentry gate preserves account isolation, unknown-process rejection, privacy-tier fallback, event-id ring, and bounded spool behavior without desktop transport ownership."
source/shared/observability/structured-log-spill.ts,iOS-local typed contract/policy,b-nnett/grok-bot-0.18-reconstructed@a9f633e09d49a85829b8236331b9e21f7e612634:source/shared/observability/structured-log-spill.ts,source/shared/observability/structured-log-spill.swift,Swift,direct-equivalent,implemented,mobile/ios/FabushiTests/SharedObservabilityParityTests.swift,,iOS retains the same bounded structured-log spill capacity contract.
source/shared/observability/structured-log-transport.ts,iOS-local typed contract/policy,b-nnett/grok-bot-0.18-reconstructed@a9f633e09d49a85829b8236331b9e21f7e612634:source/shared/observability/structured-log-transport.ts,source/shared/observability/structured-log-transport.swift,Swift,direct-equivalent,implemented,mobile/ios/FabushiTests/SharedObservabilityParityTests.swift,,"Swift actor owns bounded buffering, replay expiry, identity gating, receipt validation, drop accounting, and async delivery while iOS lifecycle controls scheduling."
source/shared/observability/telemetry-events.ts,iOS-local typed contract/policy,b-nnett/grok-bot-0.18-reconstructed@a9f633e09d49a85829b8236331b9e21f7e612634:source/shared/observability/telemetry-events.ts,source/shared/observability/telemetry-events.swift,Swift,direct-equivalent,implemented,mobile/ios/FabushiTests/SharedObservabilityParityTests.swift,,
source/shared/observability/telemetry.ts,iOS-local typed contract/policy,b-nnett/grok-bot-0.18-reconstructed@a9f633e09d49a85829b8236331b9e21f7e612634:source/shared/observability/telemetry.ts,source/shared/observability/telemetry.swift,Swift,direct-equivalent,implemented,mobile/ios/FabushiTests/SharedObservabilityParityTests.swift,,
source/shared/ordering.ts,iOS-local typed contract/policy,b-nnett/grok-bot-0.18-reconstructed@a9f633e09d49a85829b8236331b9e21f7e612634:source/shared/ordering.ts,source/shared/ordering.swift,Swift,direct-equivalent,implemented,mobile/ios/FabushiTests/SharedMessagingCoreParityTests.swift,,
source/shared/os-notification.ts,iOS-local typed contract/policy,b-nnett/grok-bot-0.18-reconstructed@a9f633e09d49a85829b8236331b9e21f7e612634:source/shared/os-notification.ts,source/shared/os-notification.swift,Swift,direct-equivalent,implemented,mobile/ios/FabushiTests/SharedPermissionsAndNotificationsParityTests.swift,,Notification decision/throttle semantics are iOS-local; delivery remains owned by the iOS notification adapter.
source/shared/persistence.ts,iOS-local typed contract/policy,b-nnett/grok-bot-0.18-reconstructed@a9f633e09d49a85829b8236331b9e21f7e612634:source/shared/persistence.ts,source/shared/persistence.swift,Swift,direct-equivalent,implemented,mobile/ios/FabushiTests/SharedChannelsPersistenceParityTests.swift,,
source/shared/pr-review.ts,iOS-local typed contract/policy,b-nnett/grok-bot-0.18-reconstructed@a9f633e09d49a85829b8236331b9e21f7e612634:source/shared/pr-review.ts,source/shared/pr-review.swift,Swift,direct-equivalent,implemented,mobile/ios/FabushiTests/SharedChannelsPersistenceParityTests.swift,,
source/shared/product-name.ts,iOS-local typed contract/policy,b-nnett/grok-bot-0.18-reconstructed@a9f633e09d49a85829b8236331b9e21f7e612634:source/shared/product-name.ts,source/shared/product-name.swift,Swift,ios-adapted,implemented,mobile/ios/FabushiTests/SharedPolicyParityTests.swift,,Preserve product-name/token responsibility with Fabushi branding rather than copying the Grok Bot product identity.
source/shared/retry-after.ts,iOS-local typed contract/policy,b-nnett/grok-bot-0.18-reconstructed@a9f633e09d49a85829b8236331b9e21f7e612634:source/shared/retry-after.ts,source/shared/retry-after.swift,Swift,direct-equivalent,implemented,mobile/ios/FabushiTests/SharedPolicyParityTests.swift,,
source/shared/rpc/client-side-tool-v2-transport.ts,iOS-local typed contract/policy,b-nnett/grok-bot-0.18-reconstructed@a9f633e09d49a85829b8236331b9e21f7e612634:source/shared/rpc/client-side-tool-v2-transport.ts,source/shared/rpc/client-side-tool-v2-transport.swift,Swift,direct-equivalent,implemented,mobile/ios/FabushiTests/CoordinatorAdapterTests.swift,,
source/shared/rpc/coordinator-main.ts,iOS-local typed contract/policy,b-nnett/grok-bot-0.18-reconstructed@a9f633e09d49a85829b8236331b9e21f7e612634:source/shared/rpc/coordinator-main.ts,source/shared/rpc/coordinator-main.swift,Swift,direct-equivalent,implemented,mobile/ios/FabushiTests/SharedPlatformContractsParityTests.swift,,,
source/shared/rpc/coordinator-port.ts,iOS-local typed contract/policy,b-nnett/grok-bot-0.18-reconstructed@a9f633e09d49a85829b8236331b9e21f7e612634:source/shared/rpc/coordinator-port.ts,source/shared/rpc/coordinator-port.swift,Swift,direct-equivalent,implemented,mobile/ios/FabushiTests/CoordinatorContractTests.swift,,
source/shared/rpc/coordinator.ts,iOS-local typed contract/policy,b-nnett/grok-bot-0.18-reconstructed@a9f633e09d49a85829b8236331b9e21f7e612634:source/shared/rpc/coordinator.ts,source/shared/rpc/coordinator.swift,Swift,direct-equivalent,implemented,mobile/ios/FabushiTests/SharedPlatformContractsParityTests.swift,,,
source/shared/rpc/dev-controls.ts,iOS-local typed contract/policy,b-nnett/grok-bot-0.18-reconstructed@a9f633e09d49a85829b8236331b9e21f7e612634:source/shared/rpc/dev-controls.ts,source/shared/rpc/dev-controls.swift,Swift,direct-equivalent,implemented,mobile/ios/FabushiTests/CoordinatorAdapterTests.swift,,
source/shared/rpc/main.ts,iOS-local typed contract/policy,b-nnett/grok-bot-0.18-reconstructed@a9f633e09d49a85829b8236331b9e21f7e612634:source/shared/rpc/main.ts,source/shared/rpc/SharedRPCContracts.swift,Swift,direct-equivalent,implemented,mobile/ios/FabushiTests/SharedPlatformContractsParityTests.swift,,,
source/shared/rpc/vnc.ts,iOS-local typed contract/policy,b-nnett/grok-bot-0.18-reconstructed@a9f633e09d49a85829b8236331b9e21f7e612634:source/shared/rpc/vnc.ts,source/shared/rpc/vnc.swift,Swift,ios-adapted,implemented,mobile/ios/FabushiTests/SharedPlatformContractsParityTests.swift,,,iOS keeps typed remote-computer clipboard and user-presence contracts without emulating a local VNC daemon.
source/shared/sand-access.ts,iOS-local typed contract/policy,b-nnett/grok-bot-0.18-reconstructed@a9f633e09d49a85829b8236331b9e21f7e612634:source/shared/sand-access.ts,source/shared/sand-access.swift,Swift,direct-equivalent,implemented,mobile/ios/FabushiTests/SharedWorkflowTranscriptParityTests.swift,,
source/shared/sand-auto-review-instructions.ts,iOS-local typed contract/policy,b-nnett/grok-bot-0.18-reconstructed@a9f633e09d49a85829b8236331b9e21f7e612634:source/shared/sand-auto-review-instructions.ts,source/shared/sand-auto-review-instructions.swift,Swift,direct-equivalent,implemented,mobile/ios/FabushiTests/SharedSafetyPresentationContractsParityTests.swift,,
source/shared/sand-auto-review-redact.ts,iOS-local typed contract/policy,b-nnett/grok-bot-0.18-reconstructed@a9f633e09d49a85829b8236331b9e21f7e612634:source/shared/sand-auto-review-redact.ts,source/shared/sand-auto-review-redact.swift,Swift,direct-equivalent,implemented,mobile/ios/FabushiTests/SharedSafetyPresentationContractsParityTests.swift,,Swift URLComponents and regular expressions remove credentials/query/fragment and inline secret-shaped values before review text leaves the local boundary.
source/shared/sand-spotlight.ts,iOS-local typed contract/policy,b-nnett/grok-bot-0.18-reconstructed@a9f633e09d49a85829b8236331b9e21f7e612634:source/shared/sand-spotlight.ts,source/shared/sand-spotlight.swift,Swift,direct-equivalent,implemented,mobile/ios/FabushiTests/SharedSafetyPresentationContractsParityTests.swift,,Native iOS content parts preserve the untrusted-content fence contract without depending on JavaScript object spreading.
source/shared/sand-text.ts,iOS-local typed contract/policy,b-nnett/grok-bot-0.18-reconstructed@a9f633e09d49a85829b8236331b9e21f7e612634:source/shared/sand-text.ts,source/shared/sand-text.swift,Swift,direct-equivalent,implemented,mobile/ios/FabushiTests/SharedMessagingCoreParityTests.swift,,
source/shared/sand-timeline-events.ts,iOS-local typed contract/policy,b-nnett/grok-bot-0.18-reconstructed@a9f633e09d49a85829b8236331b9e21f7e612634:source/shared/sand-timeline-events.ts,source/shared/sand-timeline-events.swift,Swift,direct-equivalent,implemented,mobile/ios/FabushiTests/SharedSafetyPresentationContractsParityTests.swift,,
source/shared/sand-widgets.ts,iOS-local typed contract/policy,b-nnett/grok-bot-0.18-reconstructed@a9f633e09d49a85829b8236331b9e21f7e612634:source/shared/sand-widgets.ts,source/shared/sand-widgets.swift,Swift,direct-equivalent,implemented,mobile/ios/FabushiTests/SharedWorkflowTranscriptParityTests.swift,,Swift models and explicit validation replace Zod while preserving option/style/cardinality semantics.
source/shared/send-acceptance.ts,iOS-local typed contract/policy,b-nnett/grok-bot-0.18-reconstructed@a9f633e09d49a85829b8236331b9e21f7e612634:source/shared/send-acceptance.ts,source/shared/send-acceptance.swift,Swift,direct-equivalent,implemented,mobile/ios/FabushiTests/SharedMessagingCoreParityTests.swift,,
source/shared/send-message-preview.ts,iOS-local typed contract/policy,b-nnett/grok-bot-0.18-reconstructed@a9f633e09d49a85829b8236331b9e21f7e612634:source/shared/send-message-preview.ts,source/shared/send-message-preview.swift,Swift,direct-equivalent,implemented,mobile/ios/FabushiTests/SharedMessagingCoreParityTests.swift,,
source/shared/sidebar-sections.ts,iOS-local typed contract/policy,b-nnett/grok-bot-0.18-reconstructed@a9f633e09d49a85829b8236331b9e21f7e612634:source/shared/sidebar-sections.ts,source/shared/sidebar-sections.swift,Swift,direct-equivalent,implemented,mobile/ios/FabushiTests/SharedMessagingCoreParityTests.swift,,
source/shared/system-errno.ts,iOS-local typed contract/policy,b-nnett/grok-bot-0.18-reconstructed@a9f633e09d49a85829b8236331b9e21f7e612634:source/shared/system-errno.ts,source/shared/system-errno.swift,Swift,direct-equivalent,implemented,mobile/ios/FabushiTests/SharedPolicyParityTests.swift,,
source/shared/team-rules.ts,iOS-local typed contract/policy,b-nnett/grok-bot-0.18-reconstructed@a9f633e09d49a85829b8236331b9e21f7e612634:source/shared/team-rules.ts,source/shared/team-rules.swift,Swift,direct-equivalent,implemented,mobile/ios/FabushiTests/SharedChannelsPersistenceParityTests.swift,,
source/shared/timezone.ts,iOS-local typed contract/policy,b-nnett/grok-bot-0.18-reconstructed@a9f633e09d49a85829b8236331b9e21f7e612634:source/shared/timezone.ts,source/shared/timezone.swift,Swift,direct-equivalent,implemented,mobile/ios/FabushiTests/SharedPolicyParityTests.swift,,
source/shared/transcript-threads.ts,iOS-local typed contract/policy,b-nnett/grok-bot-0.18-reconstructed@a9f633e09d49a85829b8236331b9e21f7e612634:source/shared/transcript-threads.ts,source/shared/transcript-threads.swift,Swift,direct-equivalent,implemented,mobile/ios/FabushiTests/SharedWorkflowTranscriptParityTests.swift,,
source/shared/transcript.ts,iOS-local typed contract/policy,b-nnett/grok-bot-0.18-reconstructed@a9f633e09d49a85829b8236331b9e21f7e612634:source/shared/transcript.ts,source/shared/transcript.swift,Swift,direct-equivalent,implemented,mobile/ios/FabushiTests/SharedWorkflowTranscriptParityTests.swift,,
source/shared/transport-types.ts,iOS-local typed contract/policy,b-nnett/grok-bot-0.18-reconstructed@a9f633e09d49a85829b8236331b9e21f7e612634:source/shared/transport-types.ts,source/shared/transport-types.swift,Swift,direct-equivalent,implemented,mobile/ios/FabushiTests/SharedChannelsPersistenceParityTests.swift,,
source/shared/update-track.ts,iOS-local typed contract/policy,b-nnett/grok-bot-0.18-reconstructed@a9f633e09d49a85829b8236331b9e21f7e612634:source/shared/update-track.ts,source/shared/update-track.swift,Swift,ios-adapted,implemented,mobile/ios/FabushiTests/SharedPolicyParityTests.swift,,Desktop/Node responsibility is preserved with an iOS-native API/lifecycle implementation.
source/shared/update.ts,iOS-local typed contract/policy,b-nnett/grok-bot-0.18-reconstructed@a9f633e09d49a85829b8236331b9e21f7e612634:source/shared/update.ts,source/shared/update.swift,Swift,ios-adapted,implemented,mobile/ios/FabushiTests/SharedWorkflowTranscriptParityTests.swift,,Update-track vocabulary is preserved as a shared contract; actual iOS delivery remains App Store/TestFlight-native.
source/shared/usage.ts,iOS-local typed contract/policy,b-nnett/grok-bot-0.18-reconstructed@a9f633e09d49a85829b8236331b9e21f7e612634:source/shared/usage.ts,source/shared/usage.swift,Swift,direct-equivalent,implemented,mobile/ios/FabushiTests/SharedMessagingCoreParityTests.swift,,
source/shared/vnc-liveness.ts,iOS-local typed contract/policy,b-nnett/grok-bot-0.18-reconstructed@a9f633e09d49a85829b8236331b9e21f7e612634:source/shared/vnc-liveness.ts,source/shared/vnc-liveness.swift,Swift,ios-adapted,implemented,mobile/ios/FabushiTests/SharedPolicyParityTests.swift,,Desktop/Node responsibility is preserved with an iOS-native API/lifecycle implementation.
source/shared/vnc-viewer-visibility.ts,iOS-local typed contract/policy,b-nnett/grok-bot-0.18-reconstructed@a9f633e09d49a85829b8236331b9e21f7e612634:source/shared/vnc-viewer-visibility.ts,source/shared/vnc-viewer-visibility.swift,Swift,ios-adapted,implemented,mobile/ios/FabushiTests/SharedPolicyParityTests.swift,,Desktop/Node responsibility is preserved with an iOS-native API/lifecycle implementation.
source/shared/webauthn-gateway.ts,iOS-local typed contract/policy,b-nnett/grok-bot-0.18-reconstructed@a9f633e09d49a85829b8236331b9e21f7e612634:source/shared/webauthn-gateway.ts,source/shared/webauthn-gateway.swift,Swift,direct-equivalent,implemented,mobile/ios/FabushiTests/SharedChannelsPersistenceParityTests.swift,,Gateway wire and ceremony contracts are preserved; signing itself is delegated to the native AuthenticationServices provider.
source/shared/webauthn-proxy-availability.ts,iOS-local typed contract/policy,b-nnett/grok-bot-0.18-reconstructed@a9f633e09d49a85829b8236331b9e21f7e612634:source/shared/webauthn-proxy-availability.ts,source/shared/webauthn-proxy-availability.swift,Swift,direct-equivalent,implemented,mobile/ios/FabushiTests/SharedPermissionsAndNotificationsParityTests.swift,,AuthenticationServices is the native signer path on iOS/iPadOS; desktop darwin/win32 signer availability is not emulated.
source/shared/window-chrome.ts,iOS-local typed contract/policy,b-nnett/grok-bot-0.18-reconstructed@a9f633e09d49a85829b8236331b9e21f7e612634:source/shared/window-chrome.ts,source/shared/window-chrome.swift,Swift,ios-adapted,implemented,mobile/ios/FabushiTests/SharedPermissionsAndNotificationsParityTests.swift,,SwiftUI/UIKit own real iOS scene chrome; desktop overlay helpers remain pure compatibility math only and no desktop title bar is emulated.
source/shared/workflow-model.ts,iOS-local typed contract/policy,b-nnett/grok-bot-0.18-reconstructed@a9f633e09d49a85829b8236331b9e21f7e612634:source/shared/workflow-model.ts,source/shared/workflow-model.swift,Swift,direct-equivalent,implemented,mobile/ios/FabushiTests/SharedWorkflowModelParityTests.swift,,"Swift recursive value types replace JavaScript unknown/object frontmatter data while preserving parse/serialize, trigger, projection, mention/reference, limits, and live-source semantics."
source/shared/workflows.ts,iOS-local typed contract/policy,b-nnett/grok-bot-0.18-reconstructed@a9f633e09d49a85829b8236331b9e21f7e612634:source/shared/workflows.ts,source/shared/workflows.swift,Swift,direct-equivalent,implemented,mobile/ios/FabushiTests/SharedWorkflowTranscriptParityTests.swift,,
source/shared/write-epoch.ts,iOS-local typed contract/policy,b-nnett/grok-bot-0.18-reconstructed@a9f633e09d49a85829b8236331b9e21f7e612634:source/shared/write-epoch.ts,source/shared/write-epoch.swift,Swift,direct-equivalent,implemented,mobile/ios/FabushiTests/SharedMessagingCoreParityTests.swift,,
source/tsconfig.json,shared contract/runtime,b-nnett/grok-bot-0.18-reconstructed@a9f633e09d49a85829b8236331b9e21f7e612634:source/tsconfig.json,mobile/ios/project.yml,XcodeGen/Swift,ios-adapted,implemented,.github/workflows/ios-grok-architecture.yml;mobile/ios/project.yml,,iOS compiler strictness and target ownership are expressed by XcodeGen/Swift settings instead of a TypeScript compiler configuration.
